{"type": "FeatureCollection", "features": [{"type": "Feature", "id": "vablock_stadtbezirk.1", "geometry": {"type": "Polygon", "coordinates": [[[11.580457378640602, 48.177591333952904], [11.57972626962737, 48.1776454807248], [11.579131515113945, 48.177703845410356], [11.57680787612716, 48.17793216017561], [11.575692300189266, 48.17801518395239], [11.574566383360924, 48.17804977154561], [11.573394806652459, 48.178030253358706], [11.57332165347673, 48.17802359237782], [11.57299333563635, 48.17799603810099], [11.572856557273122, 48.177984919926494], [11.572246633399121, 48.17791882007548], [11.57163660306877, 48.177804913510336], [11.570869602643269, 48.17759693890668], [11.57079504098468, 48.177576518552726], [11.568516247469672, 48.17693092641681], [11.5676534895813, 48.17667308689546], [11.566888888829356, 48.17644590442309], [11.56624775632853, 48.17626162314503], [11.565372447223602, 48.176089273248], [11.56413719753125, 48.1760039205092], [11.561255666137692, 48.176053423560894], [11.558457531910836, 48.176099963058284], [11.558316235204531, 48.17590673432563], [11.55944006410764, 48.174976632562], [11.559867642079611, 48.174654455482134], [11.560321226092938, 48.174206595772596], [11.560397573231915, 48.17411914238202], [11.560399587376, 48.17391290162202], [11.560397966410944, 48.173804270113855], [11.560400623749713, 48.17362433296726], [11.5604099878903, 48.17344441279412], [11.560426718749232, 48.17326495827585], [11.560426733083847, 48.173264867977345], [11.56045125865079, 48.173085803886394], [11.560482379619922, 48.172907144351726], [11.560517129183511, 48.172728716151596], [11.560545758824466, 48.17258943294874], [11.560554175265207, 48.172548812379056], [11.56059346923664, 48.172370885710734], [11.56064465276078, 48.172194463887735], [11.560706371451296, 48.17201963467094], [11.56075597358481, 48.17188071350417], [11.560768248164617, 48.17184488017398], [11.560816339240926, 48.1717262334426], [11.560838587765845, 48.1716713559508], [11.560658787404757, 48.17165559376233], [11.560633089080563, 48.17165332505353], [11.560921194354334, 48.17016049845972], [11.561585573202448, 48.16843250029883], [11.559995864851945, 48.16856067509957], [11.559200584439571, 48.168605370986796], [11.558398078234156, 48.16860982618895], [11.557600755252352, 48.1685745803961], [11.556896932458836, 48.16850888567498], [11.556205735060791, 48.168397176558315], [11.55552378141531, 48.1682273750408], [11.555063552842812, 48.168039081811436], [11.554499922875141, 48.167736550718416], [11.554146567636739, 48.16746172072182], [11.55373313951772, 48.16706467670924], [11.553416275686452, 48.16662743629356], [11.55320321298176, 48.16616540038814], [11.553049926520364, 48.165508862258314], [11.552989233733086, 48.16478988563585], [11.552957545270237, 48.16149040031337], [11.551400602052487, 48.161471406631314], [11.550779732403369, 48.161302979243246], [11.549632762467855, 48.16068149110465], [11.549640861121746, 48.160675491503746], [11.55211362065397, 48.15863024345534], [11.554266836021094, 48.15685257855584], [11.555988079176522, 48.15543133046455], [11.56004248296037, 48.15763432327493], [11.56050995689355, 48.157564721941235], [11.560633365147368, 48.15751930469294], [11.560744085956022, 48.1574842244246], [11.562108560700326, 48.15721159251081], [11.56236800386656, 48.15716401460364], [11.563760452570019, 48.156947685004276], [11.563996098434885, 48.156928109691364], [11.565744376629173, 48.15678384495866], [11.566029869641227, 48.156799897779976], [11.568112949394738, 48.156770480176526], [11.568590855100707, 48.15671355702441], [11.568760444777498, 48.156694114590884], [11.570118452610748, 48.15659532223516], [11.570603731569571, 48.156516087202334], [11.570726138891436, 48.156480141864485], [11.570852174623186, 48.15644326218464], [11.575154260635712, 48.155207102803224], [11.575355676701015, 48.15515923873857], [11.57549980932541, 48.155125615738356], [11.576076595058488, 48.155028122903026], [11.576316572814083, 48.15501185418613], [11.576824720594917, 48.154952105605155], [11.578859378020217, 48.154727785450774], [11.579287635999833, 48.15468087796282], [11.579590788078816, 48.155742807730356], [11.579846163813565, 48.15768631073213], [11.579865098865794, 48.15781500583592], [11.579888509391706, 48.15795179213797], [11.580022980292553, 48.158737694620925], [11.58005361246342, 48.15891691489206], [11.580202976953531, 48.159868373848205], [11.580229118203967, 48.160028582416444], [11.580387482662184, 48.160999241993906], [11.580399566347142, 48.16107697991742], [11.579667188269882, 48.16113558027309], [11.579826078250036, 48.16212986710284], [11.579927646050937, 48.16279718039983], [11.579939494943252, 48.16287498660986], [11.579527634261213, 48.16387956343426], [11.57950317657396, 48.16396171395038], [11.579481580004957, 48.164036849313895], [11.57907741908362, 48.16646556074712], [11.579070922061858, 48.16652756374127], [11.579053383789594, 48.16667549915224], [11.579168014575362, 48.16711324154166], [11.579316371409616, 48.167110544835715], [11.581099958478616, 48.16708705076919], [11.581328295350437, 48.16709697351832], [11.582624129092219, 48.16714449337582], [11.582629882154999, 48.16776129057578], [11.582703915780415, 48.16830441982706], [11.582859882850427, 48.168876777530954], [11.583044681101402, 48.169032202279], [11.583149142694538, 48.169320402553886], [11.582895751963548, 48.170081240994634], [11.582740786510332, 48.170902049621965], [11.582708959005345, 48.171067338072376], [11.582425426728511, 48.17229363860292], [11.582118401256313, 48.17365325749421], [11.581634536780038, 48.17627011677225], [11.583273760925193, 48.176405621736514], [11.583981298583568, 48.17646442130734], [11.584379563698167, 48.17649666189605], [11.584967126011556, 48.17654539537202], [11.585363379511971, 48.176578538917205], [11.585274821354389, 48.17756892411929], [11.585268340768861, 48.177641497775504], [11.584854273660113, 48.177634647093825], [11.583254225003312, 48.1776082794897], [11.581187705822746, 48.177579691819034], [11.580457378640602, 48.177591333952904]]]}, "geometry_name": "shape", "properties": {"sb_nummer": "04", "sb_name": "Schwabing-West", "flaeche_qm": 4363287.49516}}, {"type": "Feature", "id": "vablock_stadtbezirk.2", "geometry": {"type": "Polygon", "coordinates": [[[11.49093844759342, 48.07407149688107], [11.490979423651943, 48.07410158897663], [11.490855569833505, 48.074177827639474], [11.490761155621882, 48.07423591577684], [11.490727227167785, 48.074256789135546], [11.49053587183576, 48.07411698077559], [11.490586242786254, 48.07408572442377], [11.490567987946855, 48.0740722832523], [11.4902245160709, 48.07381950696182], [11.490302392413687, 48.07377227583583], [11.490645512059103, 48.07402356767032], [11.49067087971914, 48.07400864141229], [11.490771875852868, 48.07394920575677], [11.490846356763171, 48.074003874384154], [11.49093844759342, 48.07407149688107]]]}, "geometry_name": "shape", "properties": {"sb_nummer": "19", "sb_name": "Thalkirchen-Obersendling-Forstenried-F\u00fcrstenried-Solln", "flaeche_qm": 17763489.71034}}, {"type": "Feature", "id": "vablock_stadtbezirk.3", "geometry": {"type": "Polygon", "coordinates": [[[11.55200804401094, 48.10675871251836], [11.551934720167155, 48.10676075932499], [11.551933250335942, 48.106744024252976], [11.551871211798728, 48.10674531276994], [11.55187146159821, 48.10674756211275], [11.551681701473019, 48.106753388114385], [11.551659307513544, 48.106718055715234], [11.551659083192149, 48.106712930052204], [11.551655762984675, 48.106645571174], [11.55164757430213, 48.106645269017555], [11.551646458353265, 48.10663456462254], [11.551600962880231, 48.106634294110165], [11.551574359262776, 48.10622676387384], [11.551627687363172, 48.10622455059176], [11.551546867064511, 48.10577675949603], [11.551540180115891, 48.105712161302115], [11.55158558841564, 48.10570919629895], [11.551553079319506, 48.10560356424605], [11.551517921102752, 48.10550772505189], [11.55146996573304, 48.10538224377331], [11.551425232668251, 48.1052878059001], [11.551379156905728, 48.10519489870071], [11.551330646358275, 48.10510900460898], [11.551307813958276, 48.105064038742384], [11.55124955030229, 48.10496992387486], [11.551178579264162, 48.1048691061264], [11.551116057974735, 48.104787564167474], [11.55101483036357, 48.104668341795296], [11.55091714752481, 48.10454977753336], [11.550744030812787, 48.10460357398912], [11.550642076964124, 48.10463553888009], [11.55029025419108, 48.104745943405916], [11.550477163439805, 48.104906343271054], [11.550485419150878, 48.104913839705354], [11.550513268645052, 48.10493777761084], [11.55052576345777, 48.10495071275744], [11.549257280955267, 48.10536764124511], [11.548965314257536, 48.105474460823814], [11.548863588250073, 48.105512879608945], [11.548053644773436, 48.10572330194917], [11.547628761812664, 48.105002600535514], [11.546937747106774, 48.10517566708748], [11.546476184363772, 48.10526171371637], [11.546238248098586, 48.10529029304643], [11.545501019161343, 48.10532217329869], [11.544898731257563, 48.10541214147096], [11.544122895263238, 48.10541688464617], [11.54370832329658, 48.10519529388793], [11.54342742105219, 48.10501740492428], [11.543176231921962, 48.10474229915262], [11.542814663562924, 48.104322250871675], [11.542610882697172, 48.10411896878197], [11.542338118627413, 48.10388811487457], [11.54167163879381, 48.10338147099802], [11.541362599437061, 48.103137678581646], [11.54126783358057, 48.10300240438247], [11.541252436672684, 48.102889662130025], [11.54129685551097, 48.10221792517229], [11.541288423689334, 48.101880441107255], [11.54120193348112, 48.10188510200253], [11.541176799756267, 48.101887343458024], [11.54117162226709, 48.10194110755221], [11.541166556578444, 48.10196712211342], [11.541161208893273, 48.10199458259012], [11.54114897423178, 48.102049017518766], [11.54114121322519, 48.102083547114596], [11.54111867135438, 48.10217222964858], [11.541074443643456, 48.10232863117098], [11.540932186619436, 48.1027793496366], [11.540893740982003, 48.102906000912455], [11.540856448302916, 48.103023945418585], [11.540862811566136, 48.10303287369583], [11.540855102567301, 48.10305672331947], [11.540848371344406, 48.10307615579975], [11.540725466640263, 48.10343022776105], [11.54070260858161, 48.10350151690434], [11.540671986897475, 48.10359669645044], [11.5406391250722, 48.103723656896335], [11.540599771122162, 48.10391612492323], [11.540594066808449, 48.103957857739694], [11.540400951126554, 48.10393424129852], [11.539206485690617, 48.10378247697891], [11.537913609113675, 48.10366246394112], [11.536389746624236, 48.10356252044184], [11.536400618485924, 48.10361750267957], [11.536404608780273, 48.103637486325745], [11.536414375586709, 48.10368824952423], [11.536412498652782, 48.103687972448604], [11.53631680349013, 48.10366737857997], [11.536265111238915, 48.10365625142778], [11.536214680580585, 48.103645399623574], [11.536146990858274, 48.10363082675437], [11.536132283319215, 48.10362766032632], [11.536049079386286, 48.10360977052102], [11.536022397949749, 48.10360403412603], [11.535868988386872, 48.10357105359192], [11.535624631868735, 48.103518541509246], [11.535655134444026, 48.10357604533201], [11.535676913531958, 48.10392787007979], [11.53567995792619, 48.10397698126473], [11.535689213349016, 48.104127016007986], [11.535589464107643, 48.104400185850466], [11.535557928220259, 48.104486763206644], [11.535297711905278, 48.1051990517267], [11.534098480622173, 48.10509215916836], [11.533641658580486, 48.10505144628167], [11.533683530548515, 48.10482842212982], [11.533579405976733, 48.10483528927633], [11.533500885989858, 48.10447853613639], [11.533519965765366, 48.104477263131905], [11.533640489957584, 48.1044693827925], [11.53365471787857, 48.104351801101764], [11.533530931611969, 48.10434797777927], [11.533538217100858, 48.10425351026529], [11.533502909362284, 48.10425246886374], [11.533314170112819, 48.10424631159101], [11.533281032063087, 48.104244014734675], [11.533142302840734, 48.104235072333736], [11.533022358469854, 48.10422585402398], [11.532856086437667, 48.104213654120905], [11.532831669287898, 48.10421186484422], [11.532755989806853, 48.104205803697866], [11.532454606012642, 48.10418273312344], [11.532112635319708, 48.104156709082595], [11.531940186060197, 48.10414351120329], [11.531775423470252, 48.1041317812445], [11.53172297388876, 48.104126801757474], [11.531473140993418, 48.104101776077854], [11.531312948623613, 48.104087305614975], [11.531259562431858, 48.104082428441515], [11.531041136100002, 48.104064046550896], [11.531022478173984, 48.10406280211371], [11.530984572787228, 48.10402328969566], [11.530981765101528, 48.10402036424641], [11.530872937384267, 48.10389481414947], [11.530769390013628, 48.10376505711635], [11.530673106188384, 48.103633261160994], [11.53038793685001, 48.103602764480804], [11.529473873272002, 48.10394024395494], [11.529451207612164, 48.103937184462104], [11.529256766930253, 48.10390923604823], [11.529204345640002, 48.103901019120464], [11.52909975192411, 48.10388494682986], [11.528956896619441, 48.10386637963346], [11.528709773066081, 48.103830755268895], [11.528596734042672, 48.10381671575176], [11.528457409680477, 48.103799409990586], [11.52829861987527, 48.103779510167556], [11.528149151784458, 48.10376387601336], [11.528029488470548, 48.10375169227283], [11.527998635890398, 48.10374922661132], [11.527813515864882, 48.10373461252704], [11.527811308126465, 48.10374089940813], [11.527676417301553, 48.10372397380872], [11.527447788895667, 48.103695147938076], [11.527171901439853, 48.10366046190346], [11.527033626707816, 48.103642981953676], [11.526912265620881, 48.1036277247107], [11.526669166389789, 48.10359702287999], [11.526544149709517, 48.1035813183918], [11.5265365031571, 48.103580387958225], [11.526432477945653, 48.10357420749201], [11.526179275086536, 48.103559030621724], [11.52594976374053, 48.103545400755785], [11.525819838596897, 48.10353766945519], [11.5256937394584, 48.103527882413445], [11.525702517572295, 48.10347486232911], [11.524601146059652, 48.10343491828606], [11.524373249854502, 48.10344321109039], [11.524130784055583, 48.10345141244867], [11.522878973608677, 48.10341286858049], [11.522424442424773, 48.10340278522978], [11.522187357163626, 48.103416290075586], [11.521910481956748, 48.10341162669507], [11.521777305104205, 48.10341261646131], [11.521020602100243, 48.10335142132987], [11.520265860313442, 48.10332528461213], [11.520064831291476, 48.10331813263612], [11.519969316275217, 48.10331362395454], [11.519863883303609, 48.10330865345766], [11.519664060956533, 48.10329136869738], [11.519465918292893, 48.103266837577465], [11.519274064266053, 48.10322590526041], [11.51909093563871, 48.10316971955704], [11.519073414571125, 48.103162809222596], [11.518917047794956, 48.103102060045245], [11.518868171413182, 48.10314503461752], [11.518799342001415, 48.10319549037532], [11.51869953144847, 48.103255897032575], [11.518492241071625, 48.1033700488123], [11.518388746330785, 48.103427268827005], [11.518360098845616, 48.10344684400661], [11.518262115555705, 48.10351370763364], [11.518182827585584, 48.103576411809215], [11.518113043590972, 48.103642489634346], [11.518068841081343, 48.103687636063256], [11.518044916493984, 48.10374860348708], [11.518026696810567, 48.10381679085762], [11.517989563886958, 48.10400302497133], [11.517966463389953, 48.10411887623533], [11.517955584711059, 48.10417344620003], [11.517941482676033, 48.10421745034903], [11.517914653797794, 48.10425852664721], [11.517683663641657, 48.1045096352095], [11.51752613151073, 48.10454608579975], [11.515321775181686, 48.10352871069005], [11.514455970758803, 48.103113038824716], [11.514272638868112, 48.10302424221603], [11.513547992058344, 48.102619437116836], [11.512863054959501, 48.10218376574102], [11.512152720006194, 48.101684936732454], [11.512001639050602, 48.10170903743265], [11.511978524372179, 48.10171055797686], [11.511945062138729, 48.10171293739553], [11.511632905298619, 48.10173476587628], [11.511488107706452, 48.10174447122686], [11.511314851998526, 48.10175237193123], [11.51115681701198, 48.10175361580874], [11.511001904090381, 48.101747006178606], [11.510779642424273, 48.10173363830307], [11.510570311995343, 48.101720547892704], [11.510369450372131, 48.10170544990167], [11.510292069252323, 48.10169738841635], [11.510212651864508, 48.1016891383386], [11.510191701165166, 48.10168696165475], [11.51012519677959, 48.10168005071027], [11.510168521752766, 48.101232741402995], [11.510114484470593, 48.101225673138735], [11.509596121807963, 48.10115786348021], [11.509422796495041, 48.101135088833004], [11.508968502081656, 48.101067122644295], [11.508851498475467, 48.101045744110706], [11.508858249794448, 48.10089719518509], [11.508863356714416, 48.10078056462652], [11.508863762913151, 48.10069521196405], [11.50886725360739, 48.10069522748788], [11.508844801382244, 48.1006143602654], [11.508776746993135, 48.1003701379811], [11.508767912251471, 48.10033879854228], [11.508684338673289, 48.10003838195841], [11.508668346248927, 48.099984705775555], [11.50864005498357, 48.09988429472552], [11.508622262489048, 48.099822337446646], [11.508597529549709, 48.09972859892456], [11.508585536225674, 48.099678177216276], [11.508572755559632, 48.099625957816805], [11.50852911776704, 48.09950267352216], [11.508549395872956, 48.0995015944409], [11.508560568534133, 48.09947053510389], [11.508590812173132, 48.09939685159242], [11.508593431255473, 48.09938967070276], [11.508596050643451, 48.099382578886114], [11.508631333859949, 48.09928733865659], [11.50865529070145, 48.09919806402443], [11.508659238873657, 48.09916490309792], [11.508666247469167, 48.0991070281209], [11.508656658134171, 48.099043405191566], [11.508508666781193, 48.098994918416444], [11.508321564185229, 48.09906262416539], [11.508248427092722, 48.099085340608305], [11.50817159240253, 48.09910174740983], [11.508092403988906, 48.09911158036773], [11.508007850763278, 48.099110240693435], [11.507746440753088, 48.09911417826101], [11.507579855862668, 48.09911371166839], [11.507465705691203, 48.09911421004645], [11.507425571296883, 48.099114403358506], [11.50697546693294, 48.09910731789905], [11.506942421028114, 48.09912228391334], [11.506518646889335, 48.09916271236826], [11.506357217736182, 48.09906862744058], [11.506014061522745, 48.09933165949711], [11.504887021230815, 48.10024062379492], [11.504412314721412, 48.10056867341479], [11.50412075114435, 48.1007517192696], [11.503657210443647, 48.100992405897046], [11.503112735444375, 48.10126838368098], [11.502709001387126, 48.10148563875934], [11.50231374283964, 48.10172980234986], [11.50199380740695, 48.1020110885975], [11.501740909477785, 48.10232498078882], [11.501672679151978, 48.10245037954784], [11.501567974783033, 48.102663823108436], [11.501474562234913, 48.1026164761124], [11.500939828277934, 48.10234543509955], [11.500838379589693, 48.10232557224808], [11.500823911165321, 48.10232262914364], [11.500583005082362, 48.102303442514156], [11.500564365090296, 48.10230195699228], [11.500345708303055, 48.10229559609393], [11.500315063221768, 48.102270727992035], [11.500320242456256, 48.10226265655422], [11.500312606523355, 48.10226082344994], [11.50031123898629, 48.102263425734485], [11.500291804814296, 48.10224571166832], [11.500269251473643, 48.10223140464131], [11.500009700422623, 48.10209809506922], [11.500033260483704, 48.10207733683515], [11.499997183598888, 48.10205892864096], [11.499969691537169, 48.102083175480935], [11.499973167816087, 48.102084719440654], [11.499919932973532, 48.10213205658044], [11.499639854517334, 48.10215747854674], [11.499201540037864, 48.10193514588002], [11.499128079388305, 48.101897873308566], [11.49908886524874, 48.10170810785103], [11.499200483983222, 48.1016100155213], [11.4953627160872, 48.0996641739311], [11.494573404358578, 48.09926399825533], [11.494337376160647, 48.09934831924914], [11.489994325012542, 48.097510802540526], [11.48750800305464, 48.09626912190023], [11.487370453877832, 48.096201183771136], [11.487288639080594, 48.09616944287026], [11.48715927304547, 48.096151238853714], [11.487142780688366, 48.09614891643094], [11.487027606828793, 48.09613265800019], [11.48703595484124, 48.09606335142157], [11.48703206420358, 48.09606297408026], [11.486451156635054, 48.09591554914366], [11.482147476530274, 48.09539205869109], [11.482107098437401, 48.09557770407607], [11.482029738873866, 48.09563601531448], [11.482013908676166, 48.09562146764058], [11.482007164616178, 48.09562467628941], [11.482022995159726, 48.09563931483587], [11.48198313328328, 48.09565880564788], [11.481965567120561, 48.09566739589568], [11.481954422993674, 48.095672840241996], [11.481909013040225, 48.095695022539104], [11.481830345244953, 48.0957350448059], [11.480942887870253, 48.09659422012135], [11.480676684561278, 48.09649736420722], [11.48063975196446, 48.096485060943984], [11.480558153074698, 48.09665430473543], [11.480536112139536, 48.096697360833595], [11.480251113802478, 48.097280877699696], [11.480137820966778, 48.09750475725122], [11.480108004223473, 48.09756027955758], [11.47989869310824, 48.097504551028955], [11.479868435927463, 48.0974960462699], [11.47957394378336, 48.09741325144394], [11.479301535124485, 48.09730546515534], [11.478933217762819, 48.09721019502212], [11.478673155283573, 48.09711033068092], [11.478408397265513, 48.09705785123578], [11.477155695898677, 48.09672252555059], [11.476789269056813, 48.096627683774315], [11.47632839875932, 48.09652783727592], [11.476209289084254, 48.096451944363864], [11.475660344977577, 48.09627603600717], [11.475215003105605, 48.09615090084549], [11.474769667092895, 48.096025870011275], [11.474325090039258, 48.09587841264823], [11.47424264127925, 48.09585438196758], [11.473967940841, 48.095774189518906], [11.473936183884023, 48.09566522657966], [11.473922145748125, 48.09559581928089], [11.473912720177946, 48.09539055808297], [11.47411427552809, 48.09537494178391], [11.474110932035861, 48.09536351895032], [11.474101469241058, 48.09533119886952], [11.47409181758296, 48.09529821790907], [11.474078702291909, 48.09525391297908], [11.473949127802612, 48.09481195972594], [11.473843102228912, 48.09439529973604], [11.473822461456217, 48.094298350688945], [11.473750337445221, 48.09395780810964], [11.473613924262121, 48.09356806468724], [11.473595782487175, 48.093516453658005], [11.473565622686127, 48.09332502249051], [11.47353256985617, 48.09311435934383], [11.47346810267076, 48.09270373135777], [11.473013193226777, 48.09185859433889], [11.47300028380545, 48.091834161284524], [11.472935839591475, 48.091714976591454], [11.472754526692167, 48.091377778668516], [11.472502705677956, 48.09090998980711], [11.472291888624332, 48.090518902418225], [11.472223810857226, 48.0903924928092], [11.472152065330366, 48.090259216601744], [11.47207476768176, 48.09011531811969], [11.47271761987386, 48.08984248731029], [11.473041677429022, 48.08969325659344], [11.473666876602097, 48.08937274433361], [11.473981402973676, 48.089216554761826], [11.474211080356701, 48.08911717337825], [11.474342952703239, 48.089072251543776], [11.474486826886972, 48.089023152354514], [11.47475759927281, 48.088943930592194], [11.474758417661384, 48.088929813179334], [11.474760049804354, 48.08890220920922], [11.47472729942194, 48.08887678221387], [11.475024603982067, 48.08881486699287], [11.475201451108676, 48.088790372901336], [11.475269071054568, 48.08878320718522], [11.475470004170026, 48.08877226632568], [11.475789179810965, 48.08876656832871], [11.476224315725462, 48.088767443624185], [11.47634551455466, 48.08876774203759], [11.476328687146014, 48.088746166992955], [11.476288256992753, 48.08869641992837], [11.47619138882121, 48.08857697154666], [11.476095034372626, 48.088461302841054], [11.475922436119815, 48.08825380537697], [11.475717155324809, 48.088027184335054], [11.475683767200813, 48.087985287122045], [11.47555793577943, 48.0878498271633], [11.475298372200726, 48.08756560629866], [11.475256048293952, 48.08751855588104], [11.475127893046324, 48.087386953468034], [11.474961577738558, 48.08721315682088], [11.474817632769817, 48.08706209526281], [11.474724488883838, 48.086984759452825], [11.47461682050124, 48.08693589021374], [11.474510806041605, 48.08689576183354], [11.474377658927468, 48.08685684061165], [11.474040428328903, 48.0867629421152], [11.47386100545798, 48.0867138381515], [11.473842403553068, 48.086708449581096], [11.473768899091837, 48.086690407508485], [11.473739812784094, 48.08668650177345], [11.473627962584908, 48.086664332212344], [11.473425681565397, 48.08643934218609], [11.47313551502541, 48.08605216960956], [11.473093275281087, 48.085995774917265], [11.472997673056096, 48.085862752874625], [11.472974101880245, 48.085829993243884], [11.472650141594302, 48.08537951864589], [11.472493096358289, 48.085195240484595], [11.47234081284394, 48.08503098530447], [11.471871701478852, 48.08452713874494], [11.471713905784481, 48.08435731647537], [11.471672824694187, 48.084304607074635], [11.471650203332295, 48.08427221454028], [11.471497930789818, 48.08408179467462], [11.471441084575263, 48.08401031102988], [11.47140369593734, 48.08395169679806], [11.471313475722965, 48.08380995008876], [11.471297631172265, 48.08378442645166], [11.471273746394033, 48.083744295801516], [11.471235444354376, 48.08368359475018], [11.471150291220427, 48.08354497543591], [11.471145277569759, 48.08353649837716], [11.471058705685126, 48.08335251757462], [11.471002343010625, 48.08325987812865], [11.470917135439489, 48.08318034123684], [11.470922107461737, 48.083179824852365], [11.4711335268158, 48.08308943533608], [11.471360544123911, 48.082993669110934], [11.47158780316206, 48.08289792062403], [11.47181511815524, 48.082802208269136], [11.471928487696538, 48.082754248344166], [11.472042409020483, 48.082706458187005], [11.47226960166479, 48.082610721461535], [11.472458687765556, 48.08253120019245], [11.472553712853944, 48.082491163171944], [11.472577306865167, 48.08248120103801], [11.472589036972877, 48.08247630913955], [11.47283807016984, 48.08237144410669], [11.472872842081888, 48.08235667116074], [11.473063810432738, 48.08227633992801], [11.47318877866147, 48.082223765862736], [11.473243522442452, 48.08220054101756], [11.47325525262237, 48.08219573722864], [11.472925847304067, 48.0819620071031], [11.472840664395214, 48.082009002977934], [11.47252428368238, 48.08218343702827], [11.472469548164856, 48.0822136176666], [11.472375118050167, 48.08226569006727], [11.471942675599507, 48.081804703318745], [11.472326335233511, 48.0815927991796], [11.47254870563329, 48.0814199344615], [11.472555049359082, 48.08141663599877], [11.472928174906707, 48.081222207488835], [11.47339594544134, 48.08162558513703], [11.473018583842384, 48.081821868172064], [11.473029677517646, 48.081904756849305], [11.473369186805135, 48.08214848983899], [11.47372912036447, 48.08200014334789], [11.474014844579987, 48.08188235344444], [11.47428888325478, 48.081769480930966], [11.474552217836113, 48.08166084789349], [11.47482680937972, 48.081547736319976], [11.474975034014362, 48.08148673550929], [11.475123150348155, 48.08142561176772], [11.475235714534582, 48.08137915505862], [11.475364179333043, 48.08132622159846], [11.47562694299116, 48.08121790070573], [11.475633006732616, 48.081215319845626], [11.475896217946115, 48.08110303138132], [11.476192009665612, 48.080976927987116], [11.476350086839979, 48.08090948815403], [11.476512375987673, 48.08084017567484], [11.476739143807738, 48.08074365004419], [11.476761648395936, 48.080734131640305], [11.476784556669877, 48.08072443536396], [11.476907723652985, 48.0806723963388], [11.477003535157456, 48.08063182034923], [11.4770110797178, 48.08062870538943], [11.477114435996713, 48.08058499454583], [11.477148931828932, 48.08057039450678], [11.4772221046721, 48.080539233529485], [11.477447925899908, 48.08044315520448], [11.477560884332188, 48.080395125639384], [11.477673809580473, 48.08034708048149], [11.477899388947428, 48.08025106136387], [11.478124986725355, 48.08015496761732], [11.47835047201257, 48.08005889744507], [11.478575820047933, 48.07996300614708], [11.479213994153373, 48.079691719000785], [11.479490383998389, 48.079574069141835], [11.47965845672528, 48.07950236700306], [11.479805250992653, 48.07944003387824], [11.479979502731569, 48.07936608061599], [11.480082797414143, 48.079321834820334], [11.480095706586546, 48.07931630482162], [11.48018400010031, 48.079279268141136], [11.480691539135908, 48.07906406276618], [11.481148209323896, 48.07887076196464], [11.481438370231285, 48.078747263486974], [11.481523449803241, 48.07871125529394], [11.481895337009915, 48.078555078915386], [11.482525522028409, 48.078284455092465], [11.482687442806537, 48.07821505446569], [11.483068613635265, 48.07805138339019], [11.483156383432497, 48.07801373666147], [11.483760550873745, 48.07775434554036], [11.484139306226131, 48.07759162380725], [11.484768724842121, 48.07731998373552], [11.485105313724615, 48.07717535904812], [11.485740222570925, 48.07690292352958], [11.485898676987555, 48.0768349358489], [11.485957290668466, 48.07680975042168], [11.486101887471763, 48.076747796844984], [11.486216297924607, 48.076698661870616], [11.486303210513901, 48.0766614595695], [11.486377733833896, 48.07662887686326], [11.486390128091214, 48.07662380629565], [11.48639578612401, 48.07662149368588], [11.486488124215677, 48.07658197916873], [11.48667883925605, 48.076500747812005], [11.486697423926623, 48.07649257293469], [11.486740562359799, 48.07647359607769], [11.486812788534326, 48.07644297759673], [11.48700278385797, 48.076365107625584], [11.487036462255032, 48.07635140768421], [11.48644250602809, 48.07536548685827], [11.486223625256772, 48.0751278772384], [11.486113433010336, 48.07494981127495], [11.486135520183838, 48.074943112808526], [11.486161264893857, 48.07493530398658], [11.48625575228716, 48.07490662074947], [11.486314822342653, 48.07488869470198], [11.486187710559935, 48.07470210873132], [11.485803392280095, 48.07421467093944], [11.487132102932923, 48.07376951569864], [11.488007991022444, 48.074962211862896], [11.486700925278301, 48.0753616143966], [11.486646401935799, 48.07537827784954], [11.487234616092069, 48.07625858147185], [11.487256585530535, 48.07624887642178], [11.48748601346672, 48.076148003963965], [11.487493316744885, 48.076155502139464], [11.487520821477267, 48.07614339345334], [11.48762177963731, 48.076099100527664], [11.487695054772452, 48.07606695160257], [11.487706294025289, 48.0760620192863], [11.487726502566128, 48.07605383515677], [11.488006782972679, 48.075942649692], [11.488056389149655, 48.07592174611037], [11.488282484933878, 48.07582570146355], [11.488406868294595, 48.0757728299814], [11.488536004867331, 48.07571796398669], [11.488674287475385, 48.07565928785271], [11.488806325298874, 48.07560323213031], [11.488939725342188, 48.075546530368925], [11.48906629681914, 48.07549284321248], [11.489269258674234, 48.075406862864426], [11.489316549556204, 48.075386747653134], [11.489535382925787, 48.075293802973455], [11.489558432071897, 48.07528400838558], [11.489742691929042, 48.07520570569286], [11.489949868418616, 48.07511785385207], [11.48998504787696, 48.07510299034368], [11.491610515662028, 48.074411353423756], [11.491613846258868, 48.07441370611351], [11.493146245148877, 48.07376694903352], [11.493698422580767, 48.0735307561455], [11.494722223329665, 48.07309271739593], [11.496722267377562, 48.07224661698052], [11.498866433681169, 48.071333775365446], [11.500847010821735, 48.0704883398937], [11.50239885701121, 48.06981179719035], [11.502758775720945, 48.069654864868994], [11.503563071152309, 48.069292753767385], [11.502879470624608, 48.06860896332425], [11.50273279854367, 48.068105681199334], [11.502740765936084, 48.06801936978906], [11.502776434822904, 48.067625125545426], [11.503022476207493, 48.066985370192164], [11.502843774101871, 48.06694356985984], [11.502572974437449, 48.0669463512964], [11.50289380888083, 48.066210201075485], [11.503044837819314, 48.06570070270554], [11.503674253402744, 48.065469411569026], [11.50367622292336, 48.0654597065809], [11.503818045800415, 48.064685439344814], [11.50383328071939, 48.06456509098895], [11.503917730835463, 48.06390129486968], [11.504116568439192, 48.06287066988], [11.504208646092566, 48.06239391219391], [11.505443514889716, 48.06216905917533], [11.50623943449939, 48.062076687614635], [11.506253402491637, 48.062075221110845], [11.507183756027512, 48.0618710896425], [11.508320393651763, 48.061669195036224], [11.508764087892974, 48.06162443606122], [11.511503005504736, 48.06439760807307], [11.512819659817277, 48.06406515325112], [11.512946825860775, 48.06403307202094], [11.513346752322647, 48.063932088892734], [11.514413911645162, 48.06366260945091], [11.515608807592777, 48.063360710195376], [11.515634817058821, 48.06341982506925], [11.515700106617931, 48.063593336649284], [11.515755067347952, 48.06376095943498], [11.515964117730443, 48.064569427315554], [11.51601944551733, 48.064749600432044], [11.516105218852207, 48.06495977341451], [11.516313312306872, 48.06543468124254], [11.516464278183484, 48.06540484147621], [11.516611592637457, 48.06537552603584], [11.516679904541578, 48.065544192857075], [11.516682397881391, 48.06555022986065], [11.51674691852842, 48.06570968929161], [11.51678272066873, 48.06579797135114], [11.516817996877636, 48.06588526614766], [11.516880292766146, 48.0660388661718], [11.51694712072359, 48.06620426398339], [11.51700475480674, 48.0663458044157], [11.517014065246354, 48.066368960054106], [11.517052778648404, 48.06636157082925], [11.517163801355904, 48.06634127166487], [11.517413392078236, 48.066295702415346], [11.51757482053504, 48.06626614921498], [11.517602569805783, 48.06634072815083], [11.51762966731621, 48.0664133382091], [11.51763660479918, 48.06643198563597], [11.51769852936981, 48.06659774516156], [11.5182343507438, 48.06662252690051], [11.518224019833715, 48.066770166850205], [11.51821911140486, 48.06683814193257], [11.518217242309488, 48.066866735385965], [11.518212782128, 48.06692967525223], [11.518785923616662, 48.067055076799136], [11.518802513167438, 48.06703032382271], [11.518834092219194, 48.066979281908026], [11.518865014993418, 48.06698768889429], [11.51893649352091, 48.06700831634048], [11.519005790767462, 48.06702831404252], [11.518943746887572, 48.06712698396797], [11.518818336703323, 48.067326260295076], [11.51883872801509, 48.067326882873886], [11.520481162133086, 48.06737646735501], [11.52061016524042, 48.06736694122323], [11.52195560105964, 48.06735349590671], [11.522119921157218, 48.06734501632414], [11.522132442422722, 48.06713583730732], [11.5222619716238, 48.067131076599665], [11.522113557179795, 48.06661866967935], [11.522102254101695, 48.06653489365029], [11.52291939029333, 48.06646412875703], [11.522960617144177, 48.06646052446178], [11.522997102623808, 48.06675585264818], [11.523078279317533, 48.06741791499668], [11.523092384647773, 48.067592821448265], [11.523097815147636, 48.06765958160804], [11.523589465510263, 48.06813257819936], [11.523887947273874, 48.06837275075689], [11.524377394543764, 48.068461484880885], [11.525187208975378, 48.068369015963704], [11.52570361625555, 48.06835039022116], [11.526218470204979, 48.06833643029829], [11.526252818944286, 48.06833558376267], [11.526261487187721, 48.068471388948105], [11.526266729190182, 48.06854271150466], [11.526279940418233, 48.06874830965991], [11.526280956865602, 48.06876854451132], [11.526283688276415, 48.06880587023969], [11.526285709726922, 48.06883429096284], [11.526286813222738, 48.068845803930465], [11.526296810501918, 48.068987278303176], [11.526739675823675, 48.0689821503896], [11.526808504072735, 48.06898135572239], [11.526960652297905, 48.06897964711888], [11.527129160474866, 48.06898027497982], [11.52715384640273, 48.06898047044404], [11.527623571473674, 48.06898231442351], [11.52763094856181, 48.06898234369956], [11.527692782253284, 48.06898223064617], [11.527763193498247, 48.06898278265485], [11.527833345908286, 48.068982929109204], [11.527961188425737, 48.06898319570791], [11.52825087173444, 48.06898383115324], [11.528254685852461, 48.06905244966899], [11.528266039981416, 48.069252695996525], [11.528266624304457, 48.06926231729838], [11.528269980062975, 48.06926206075453], [11.528318293628786, 48.06925901385497], [11.528339786054035, 48.06937532218538], [11.528380681517813, 48.06958935265993], [11.528568964541545, 48.0695580256862], [11.528577152399224, 48.069602912812314], [11.528591884127094, 48.06971140402603], [11.528611381895555, 48.06970697686979], [11.528650762143124, 48.06999789078916], [11.52866984264669, 48.070139411489045], [11.528693746895168, 48.070268223352386], [11.52872238055708, 48.07042200220856], [11.528742628307747, 48.070510781464215], [11.528754818923534, 48.07054231106707], [11.528822464328098, 48.07071662715779], [11.528838718749856, 48.070758696603484], [11.528884680804126, 48.07091232685271], [11.528918940952263, 48.071094780758976], [11.528923287415237, 48.07111782341044], [11.528961931348329, 48.071364710854574], [11.528983677667316, 48.071500385254254], [11.528990130917514, 48.07154440804309], [11.529041007283388, 48.07188263384032], [11.52905214376597, 48.0719396131861], [11.529088555521362, 48.07193328648105], [11.529137469400668, 48.07201011841349], [11.52916891844072, 48.0720038613932], [11.529176590747365, 48.072015406014955], [11.529392873869986, 48.072339950293156], [11.52956152385467, 48.07259286025913], [11.529736190072402, 48.07285438709917], [11.529847406673252, 48.073018354171786], [11.529852680180726, 48.07302880614902], [11.529871083353465, 48.07305648348465], [11.529889352143341, 48.073083802058136], [11.52986446592953, 48.07309054004993], [11.529931538550732, 48.07318046409584], [11.529968249101653, 48.07322953664288], [11.52997473365221, 48.07323927628528], [11.530003442892166, 48.07328247484541], [11.530013764317662, 48.07329762773203], [11.530052543951863, 48.07335534853725], [11.530063790275745, 48.07337230403733], [11.530161424730323, 48.07351832029849], [11.530253822535128, 48.07365689893668], [11.530271037598595, 48.07368232499175], [11.530332210040813, 48.073773653825015], [11.53048351822392, 48.073999923540484], [11.530528280893265, 48.074066932350725], [11.530722812216144, 48.074356890011416], [11.53075961377942, 48.074412079840094], [11.530781458133006, 48.07444490813011], [11.531082312738492, 48.07493793191878], [11.53108651744581, 48.07494829132177], [11.531115819899624, 48.07501973385339], [11.531243314840832, 48.0753312094337], [11.531328185895777, 48.07565073016643], [11.531527416583094, 48.07614690253127], [11.531754522403974, 48.07645429017442], [11.532135374757669, 48.07683430423373], [11.532161250919977, 48.076821636742594], [11.532228436618485, 48.07688477349233], [11.532332153630836, 48.07697925268038], [11.532343734574505, 48.07699000185271], [11.532625674956874, 48.077215699525446], [11.532759591796394, 48.07730713411164], [11.532798524266834, 48.077334539945085], [11.532823194454581, 48.077350927355695], [11.532977257989856, 48.07745088923478], [11.53301520519368, 48.07746894710925], [11.533142673239624, 48.07753242274014], [11.533274221125192, 48.077589536621886], [11.533345471123358, 48.07761987712777], [11.533414170673346, 48.07766638387687], [11.533462947601457, 48.077675484522366], [11.53350481615642, 48.07767682111935], [11.533551813368064, 48.07767503111953], [11.533594946707506, 48.07766980723048], [11.533635823224888, 48.07766133715021], [11.533672458995246, 48.0776606746078], [11.53368155966785, 48.07766331988189], [11.533704445394166, 48.07766988736592], [11.53372381395619, 48.07767985900925], [11.533707339017242, 48.07769202518952], [11.533717348947336, 48.07769809123468], [11.533720050480902, 48.07769612315208], [11.533725226291995, 48.07770261978441], [11.533744570723298, 48.07771171735098], [11.533773721819367, 48.077725476352505], [11.533779733063271, 48.07772828876337], [11.533789606022943, 48.07773435422524], [11.533800271687664, 48.07772720302757], [11.533835773462782, 48.077733192482334], [11.533854756819949, 48.0777407341449], [11.533858145810811, 48.07773688020575], [11.5339411466977, 48.07774271234368], [11.533976006685645, 48.077745559417906], [11.534039277463393, 48.0777521255856], [11.534259616023448, 48.07775358611135], [11.53436417710806, 48.07774015700844], [11.534632596940364, 48.07775193994515], [11.53473919312006, 48.07775983853518], [11.534832091613001, 48.0777692271217], [11.53496424483861, 48.07778498439193], [11.53509531491536, 48.077805938373146], [11.535291109863495, 48.077841997977714], [11.535422560187945, 48.07786123087122], [11.535555558881724, 48.077872464394886], [11.535596362740408, 48.07787164082243], [11.535642970770994, 48.077867695439814], [11.535657979022538, 48.0778702748994], [11.53576076652351, 48.07788787190603], [11.535818801186533, 48.07789728001082], [11.53586973045678, 48.07790549259309], [11.535927611026091, 48.077915807445244], [11.53605355527387, 48.07793774363573], [11.53622368591055, 48.077953341895736], [11.536307084491117, 48.077959493767516], [11.53686447213054, 48.07800141892479], [11.53688728680934, 48.07800088072243], [11.536948348178031, 48.0779995047706], [11.537090130744659, 48.077996417397614], [11.537257295161245, 48.07799262597688], [11.537510388340769, 48.07798696976869], [11.538080117174305, 48.07797024266885], [11.538486355530216, 48.077959523964545], [11.539674486114103, 48.077928180489764], [11.540612056875904, 48.07790336985449], [11.541327107765476, 48.07788444798327], [11.541362622306092, 48.07803998709699], [11.541421045835447, 48.07826059666797], [11.541487407667297, 48.07848193121748], [11.541560774331597, 48.07870076851067], [11.541642073488864, 48.078918383715504], [11.541724534682658, 48.07913681265297], [11.54183696860442, 48.079405721857356], [11.541962223713291, 48.0796777465877], [11.543332548415622, 48.08235402836873], [11.54342976251715, 48.082532287935294], [11.543641989753885, 48.082894905526594], [11.543852970741861, 48.08323987645139], [11.544012684656833, 48.083488115063425], [11.544159472197812, 48.08371338359468], [11.544277525428834, 48.083888133127026], [11.544390990528155, 48.08404946109817], [11.544584355646338, 48.08432833203981], [11.544808020239843, 48.08462652207712], [11.545258649536567, 48.08520006545458], [11.545565284596757, 48.08557377173714], [11.545960351595168, 48.0860284413636], [11.547945054767416, 48.08827939197845], [11.548579784496864, 48.08900655261681], [11.549235001550041, 48.089749350583276], [11.549871180983013, 48.09047587803336], [11.54994592215701, 48.09056808018403], [11.55007968019786, 48.09074745090467], [11.550205540144047, 48.09094290981604], [11.550319648149307, 48.091155856235005], [11.550411634702815, 48.09136390492111], [11.550432247535342, 48.09141831332467], [11.550485132854952, 48.09157664358736], [11.550513899191147, 48.0916933880708], [11.55061017770504, 48.092183253870196], [11.550578086255845, 48.09218394412199], [11.550575575727292, 48.09219023549093], [11.550558579565363, 48.092232836962474], [11.550490427791546, 48.09240358935502], [11.550483059766878, 48.09241741014774], [11.550496458160096, 48.092420522823815], [11.55048565576227, 48.092443679727246], [11.550478214699877, 48.09246604033909], [11.550450542796279, 48.092539410883724], [11.55043016584395, 48.092593440185766], [11.55042175927857, 48.09261572415738], [11.550409401371516, 48.09272530354514], [11.550419443456404, 48.09272605591059], [11.550435401343126, 48.09272725726528], [11.550453874649696, 48.092728643900095], [11.550463601279857, 48.09272937267432], [11.55048623782239, 48.09277982468815], [11.55047048882415, 48.09361159000579], [11.550454852017056, 48.09434600974772], [11.550441127934556, 48.094970179528836], [11.550434147553513, 48.095260629555895], [11.55041878942398, 48.095932854217835], [11.550372422799859, 48.09647780252802], [11.5501409846848, 48.09864100778687], [11.550085031697362, 48.099185864486365], [11.55008001552348, 48.09930159999124], [11.550076758659843, 48.099368413970545], [11.550076193608511, 48.09951291167558], [11.550076088351858, 48.09957234750824], [11.550078119435728, 48.09969528327705], [11.550078217337832, 48.09976156566326], [11.550113984696651, 48.0999302773023], [11.550126293987125, 48.09998446787874], [11.550141266836896, 48.10004269789087], [11.55032137314998, 48.100692700781806], [11.550332524662757, 48.10073616535093], [11.550346433821291, 48.100779435509715], [11.550374366572944, 48.100881693658806], [11.550401847405341, 48.100984508013724], [11.550426664092674, 48.10106796297599], [11.550449358600709, 48.10113426991384], [11.550480575145253, 48.10121620604473], [11.550543277676441, 48.10136486300358], [11.550577605963124, 48.101436519087194], [11.550617608638673, 48.101505922912764], [11.550658492666807, 48.10156561182246], [11.550695511324841, 48.1016145412974], [11.550703708441963, 48.10162314397116], [11.550810854431582, 48.1017678164545], [11.550863579801137, 48.101836580390234], [11.550918472880088, 48.101902564365105], [11.550957683233097, 48.101946911889605], [11.551046128868371, 48.10203917326652], [11.55111536705435, 48.10210497256921], [11.551192586792144, 48.10217246340773], [11.551273764997283, 48.102238205229845], [11.551355441591829, 48.102300036196816], [11.551410909635614, 48.10233995350305], [11.5515106948669, 48.10240725863811], [11.551596071017725, 48.10246004345086], [11.551695449312174, 48.10251887776796], [11.551829021190471, 48.1025848020729], [11.551969774491871, 48.102655433654455], [11.552337584081297, 48.10281173232485], [11.552369041669214, 48.102822194301076], [11.552462870747753, 48.102854481262504], [11.55251439371409, 48.10287338904674], [11.552535145817236, 48.102864567788856], [11.552551130050771, 48.10286382291167], [11.552666745296694, 48.10290880753132], [11.553381133997222, 48.1032012020079], [11.55386826446795, 48.1035215340942], [11.553980450544541, 48.103602140187064], [11.554066552761848, 48.1036688017115], [11.554151450924621, 48.10374032906519], [11.554237472288701, 48.103817002516784], [11.554349843707461, 48.10392058767737], [11.554441087460809, 48.10401614586413], [11.5545245852352, 48.10411126621007], [11.554615495502363, 48.104225471898324], [11.554734204222576, 48.10438118410182], [11.554768850204253, 48.10441397677701], [11.55506659745905, 48.1046388647518], [11.55512890345093, 48.104679455055816], [11.555052263576565, 48.10471377512762], [11.554947676423296, 48.1047606140195], [11.5542740245143, 48.10506227790453], [11.554372480086892, 48.10512208872316], [11.554343960876771, 48.1051434804794], [11.5542321903185, 48.10508577976186], [11.554035106415851, 48.10517514696769], [11.55374149489188, 48.10530827144063], [11.55369515194712, 48.10532928553721], [11.553959917710067, 48.105436113875086], [11.55400403382313, 48.10545985386346], [11.553936629288543, 48.10545733791644], [11.55368491474327, 48.10539373355964], [11.553616686355426, 48.1053663005389], [11.553391182598231, 48.105468248757816], [11.55305777057883, 48.10561787953528], [11.553055367423742, 48.1056233884332], [11.553046714062964, 48.105623411636444], [11.552990251388156, 48.10564845925199], [11.552571635461417, 48.105838226730775], [11.55233615038092, 48.10594496026952], [11.552456175536541, 48.106332836575206], [11.552470589282647, 48.106390260760506], [11.55248058778413, 48.10647760777346], [11.552351823885296, 48.10656668542025], [11.552274022769453, 48.106570174446], [11.552276565135235, 48.10660229201806], [11.55227361261314, 48.1066019212308], [11.552270788917363, 48.10660236099778], [11.552268361860891, 48.10660343080658], [11.552266735581826, 48.106605044293325], [11.552266047541325, 48.106607020243295], [11.552266698660986, 48.10660945142389], [11.552268966376444, 48.10661134819052], [11.552272449961082, 48.10661235053142], [11.552275808851203, 48.10661227318654], [11.552277528619001, 48.1066471759176], [11.55226933136074, 48.10664759563398], [11.552271364598724, 48.10666127416556], [11.552277811798898, 48.106661298250145], [11.552279354556847, 48.106669578097026], [11.552271158698275, 48.10666972784305], [11.552272249443542, 48.106683852924185], [11.552279774816475, 48.1066834301432], [11.552280244041919, 48.1066914369142], [11.55227339191767, 48.10669159189026], [11.552275586344882, 48.10671804216919], [11.552259162365512, 48.10673821891112], [11.552066313480152, 48.10674284817562], [11.552066742034333, 48.10673970195734], [11.552007382746394, 48.106741621156104], [11.55200804401094, 48.10675871251836]]]}, "geometry_name": "shape", "properties": {"sb_nummer": "19", "sb_name": "Thalkirchen-Obersendling-Forstenried-F\u00fcrstenried-Solln", "flaeche_qm": 17763489.71034}}, {"type": "Feature", "id": "vablock_stadtbezirk.4", "geometry": {"type": "Polygon", "coordinates": [[[11.66963856539499, 48.15871073330754], [11.668368650992404, 48.15890725068804], [11.66701707941252, 48.15918205112326], [11.666988784148872, 48.15883558226844], [11.666976745993981, 48.15770969147688], [11.666983712881104, 48.15733513265464], [11.667007970143555, 48.1566304989341], [11.667023316819915, 48.1561007881205], [11.667007724210997, 48.15569826083807], [11.66704428147129, 48.15565393993287], [11.666990975909975, 48.15555493715651], [11.666960024892354, 48.15533282286662], [11.666944288134657, 48.155197459617085], [11.666963511645813, 48.154986156668315], [11.666978730447441, 48.1543704709432], [11.666987854172058, 48.15397717750228], [11.66699514082006, 48.15365729016189], [11.667052950989856, 48.15309648580284], [11.66702683591229, 48.15283568470262], [11.66694160322954, 48.1524211629427], [11.66686387775488, 48.152115941097684], [11.666718363265833, 48.15171593516915], [11.66660858361981, 48.151338716506864], [11.666538563048901, 48.15109818310167], [11.666403684527035, 48.15077361930128], [11.666282710445284, 48.15042348864384], [11.666095392485193, 48.14986169800993], [11.665884757782164, 48.14919037013027], [11.665731072951946, 48.14870075051507], [11.665620258308506, 48.14834717822179], [11.665395290012727, 48.14767065363094], [11.665120764119933, 48.146774423985164], [11.664961307780892, 48.146303903181604], [11.664945187752618, 48.1461678708689], [11.664927901524043, 48.14611448989889], [11.664906243290927, 48.14611766931992], [11.664823141377878, 48.14585592041632], [11.664793686197289, 48.14567569597213], [11.664885341785007, 48.14549321589151], [11.665089035418207, 48.14509343531196], [11.665141839200023, 48.14497083850218], [11.665183809485315, 48.144798452368555], [11.665190996717524, 48.14460411734913], [11.665163679527755, 48.14433696568227], [11.665150684935018, 48.14420590152937], [11.665088292508354, 48.14400770751639], [11.665063649992488, 48.1439563760318], [11.664932139815178, 48.1436910426016], [11.664613862926515, 48.143127329767786], [11.664543163525682, 48.142994203887994], [11.664529406396916, 48.142837863004154], [11.664616786222908, 48.14233600210911], [11.664561869560119, 48.1423289997596], [11.664535552098553, 48.14232559178182], [11.664340860237031, 48.14230083948548], [11.664357951752493, 48.142172719699985], [11.664372349157489, 48.14206635843477], [11.664374044762432, 48.142053591399936], [11.664353401073281, 48.1418802195091], [11.66428216196713, 48.14171759246547], [11.66405148161221, 48.141265549522636], [11.663871765612928, 48.14091347535821], [11.663820815800882, 48.14081357595366], [11.663693159084222, 48.14056442280619], [11.664203253080661, 48.14056060177082], [11.664587343293043, 48.14051834774372], [11.66500727416362, 48.14043893039602], [11.665295674357148, 48.14037783348544], [11.665454667553968, 48.14034499922983], [11.665319795241912, 48.140266838291446], [11.664555076297619, 48.139876192022186], [11.663767207041019, 48.13947367202582], [11.663519991236376, 48.139347516760914], [11.663545952388189, 48.139343189529434], [11.663072760761215, 48.1391558132764], [11.663066024303752, 48.13915347611805], [11.66282746936899, 48.13903321831599], [11.662594619791276, 48.138916264103266], [11.662585241547673, 48.13891007761829], [11.662354723180991, 48.13875802877516], [11.661885928800288, 48.13833445018112], [11.661629264873945, 48.13825793868268], [11.661336524513436, 48.13813147321376], [11.661200734911763, 48.13806354147552], [11.661102762669156, 48.13798620415395], [11.660779157237192, 48.13782354969595], [11.65967740643418, 48.137260872777276], [11.659199208927706, 48.137016606684284], [11.658478960536913, 48.136653954153445], [11.658274096382987, 48.13655083567236], [11.655773579465874, 48.13529392290889], [11.654487501317922, 48.13456404349934], [11.653652526710928, 48.134123951540104], [11.653743132544324, 48.133853431764614], [11.653784046389225, 48.13351958655664], [11.653819579737831, 48.13343180952087], [11.65389247735737, 48.133458024378925], [11.654039311851268, 48.13305412125412], [11.654335718142033, 48.1322399371662], [11.654404685050402, 48.13205550877981], [11.654425077570863, 48.132000889157354], [11.65466059686313, 48.131370512047084], [11.654694623968634, 48.13128483276335], [11.65488068488756, 48.13079632923934], [11.655063281530165, 48.13031684409116], [11.655101924632062, 48.130303112370385], [11.655054787097573, 48.13024326562483], [11.655119477748677, 48.130094174569685], [11.655127867208314, 48.130104901530295], [11.655179993829702, 48.12998581958041], [11.655227083210985, 48.129935432537344], [11.655247367689817, 48.12991517511649], [11.655258814499454, 48.12991062471567], [11.655468019544164, 48.12958655670082], [11.655661018449392, 48.12932033522663], [11.655698173806865, 48.12926900613804], [11.655979151821548, 48.128970739496246], [11.656307910037082, 48.12869558527192], [11.656327577324209, 48.12864762799034], [11.656365618439338, 48.128605124154085], [11.656419583840584, 48.128570666046514], [11.656467420355808, 48.128547695291196], [11.656528975424377, 48.12851810498049], [11.656412167723245, 48.128359141783626], [11.655796408507454, 48.12751497537847], [11.655032715314917, 48.12631236071419], [11.654145212953479, 48.12497691994933], [11.654085883899004, 48.12484528117755], [11.654006744335627, 48.124675877419726], [11.65271996081983, 48.12270844907686], [11.652830094743454, 48.12258530181307], [11.651813161283005, 48.12113751274734], [11.651752888036123, 48.121057521686126], [11.650725292725873, 48.119640002772826], [11.65001751973444, 48.119875884875185], [11.650003902563116, 48.11985799695186], [11.649918949219584, 48.11974644331209], [11.649801207974281, 48.11959164210955], [11.649741535782814, 48.119514745850665], [11.649436479643056, 48.11919484449423], [11.648495043943976, 48.11774219622528], [11.648132868208203, 48.11719757430393], [11.647760029566982, 48.11663907284328], [11.647344817410268, 48.11598149593361], [11.646598983801901, 48.11470323905059], [11.646456009656937, 48.11445819326486], [11.645087042389193, 48.114971090393425], [11.644248427392546, 48.11524633873878], [11.643691911429059, 48.11508316363068], [11.64435060625424, 48.11468261372878], [11.646094635253645, 48.11355295886862], [11.64730489117296, 48.11281621946983], [11.648238856763017, 48.112203805604715], [11.64876136548908, 48.11187658105632], [11.64913300693418, 48.111646570547805], [11.649585969953023, 48.111124840233686], [11.649949623460842, 48.111129330380834], [11.651026868752197, 48.111146034874956], [11.65134906402858, 48.111145822324076], [11.651458782226234, 48.11114580869044], [11.651464312419222, 48.11114204849843], [11.651480627359046, 48.11113193863216], [11.651498278506597, 48.11112291187184], [11.651516996535602, 48.11111487815559], [11.6515367820473, 48.111107927449865], [11.651557230401608, 48.11110223825963], [11.651578476680852, 48.11109772018498], [11.651600118375104, 48.111094462601336], [11.651622288529907, 48.11109246603592], [11.651644448907717, 48.11109181939937], [11.65205950901358, 48.11109151308342], [11.652059187174638, 48.1108668005172], [11.652858709502773, 48.1108662297217], [11.653053287584964, 48.11086613936351], [11.65331648100897, 48.11086600477873], [11.653499194270962, 48.11086587195573], [11.653682077678795, 48.110865807794326], [11.653865024467754, 48.110865617703574], [11.654047742088236, 48.11086551719885], [11.65423046718889, 48.11086532714947], [11.654413225043657, 48.11086522513266], [11.654690187408326, 48.11086503278987], [11.65469005078631, 48.11080656930437], [11.654885576515277, 48.11080641254021], [11.655080287305658, 48.11080616360743], [11.655080296078715, 48.11072665391266], [11.657549749814269, 48.1094422868781], [11.65783398378569, 48.10944240273301], [11.657834065596893, 48.10934967766765], [11.658070113845225, 48.109349876031665], [11.65807013965005, 48.109260656102656], [11.658306256600227, 48.1092608136971], [11.658306319487323, 48.109171617201476], [11.65854236965758, 48.10917181634501], [11.658542434872286, 48.109082620692256], [11.658778620284693, 48.10908276672773], [11.65877868370479, 48.10899354411927], [11.659014868317964, 48.10899368248651], [11.659209831456995, 48.10899382108356], [11.659404799126923, 48.108994021330915], [11.65959989680287, 48.10899413725356], [11.659727992225998, 48.108994135495955], [11.66113799767242, 48.108472440948375], [11.662713601493692, 48.10712341104371], [11.662787974711755, 48.107070122286366], [11.662862130354654, 48.10701577225422], [11.663063618465172, 48.10686541962127], [11.66307225274954, 48.10685896754349], [11.663317492456576, 48.10662147130548], [11.665129107842034, 48.10543776013197], [11.666147060460244, 48.10505788634627], [11.66607458980198, 48.104970461855004], [11.666053676042518, 48.10494522280302], [11.666045414293217, 48.10493575607693], [11.666022129086182, 48.10490781146601], [11.666889760449495, 48.10448120780942], [11.666867444502135, 48.104453591782956], [11.666839743383113, 48.10441916239751], [11.666068045605176, 48.103462759616086], [11.665915722556651, 48.10327405474256], [11.66580697675618, 48.1031397221165], [11.66568593305314, 48.10299809937751], [11.665614465394547, 48.102921729729786], [11.665576461418858, 48.10288105427828], [11.665459427628855, 48.10277118779528], [11.665408126720806, 48.10272653333581], [11.665340278826912, 48.102667455677064], [11.665279395095626, 48.1026127126834], [11.665223207695027, 48.10256211944976], [11.665199735334971, 48.10253849898695], [11.66512145020748, 48.10245961302841], [11.66499721698636, 48.10229469649607], [11.664926587028175, 48.102185473920265], [11.664888224398043, 48.10207545753145], [11.664878999566696, 48.102028397533374], [11.664864967779076, 48.10195686365191], [11.664822670743202, 48.10187635233375], [11.664801491665513, 48.101851114708964], [11.664774312448682, 48.101798877228696], [11.664812166076384, 48.10179272777183], [11.664850504606422, 48.10178649956466], [11.664928752454427, 48.10168501933225], [11.664975664977279, 48.101530663815566], [11.665039805202786, 48.10125176657137], [11.66506691290144, 48.10115632839115], [11.665054324116767, 48.10103459678234], [11.665074666742836, 48.100935395134584], [11.665105722054216, 48.10092874558889], [11.665476092385921, 48.10084635997816], [11.665542330336786, 48.10083673775054], [11.665611283359585, 48.10082667814234], [11.666258846994086, 48.10073237740891], [11.666376009077, 48.10071525119902], [11.666558662171742, 48.10068871825374], [11.666635707632711, 48.1006715838922], [11.666826612935607, 48.100629070872756], [11.66701767387673, 48.10058656021795], [11.667208629604065, 48.100544047187874], [11.667399402004019, 48.10050147600974], [11.667682584332546, 48.10043843237445], [11.667757762071615, 48.100421743756534], [11.66793907404988, 48.10038576568548], [11.668131665975721, 48.100347458389926], [11.668324524362589, 48.100309113984714], [11.668337565947441, 48.10030645345708], [11.668608170050991, 48.100263721409554], [11.66871947658031, 48.1002462411732], [11.668954185132861, 48.10020913665971], [11.669021801492248, 48.1001984303037], [11.669192577087884, 48.10016291108082], [11.669429147518903, 48.1001138677574], [11.669652205119968, 48.100067573861466], [11.669770521222556, 48.10004300742599], [11.669846500370099, 48.10002659123842], [11.670036244132618, 48.099985504454885], [11.670225451450767, 48.099944414532715], [11.670332764364293, 48.09992107515636], [11.670411616992768, 48.09989774783651], [11.670593947254124, 48.09984380240154], [11.670776011347398, 48.099789782782025], [11.670988964662204, 48.099726644715474], [11.671117274104562, 48.09968861367205], [11.671222984132806, 48.09966292804978], [11.671460638656303, 48.099605156853286], [11.67175567105791, 48.099533430430505], [11.672009628083876, 48.09947159228576], [11.672245241138217, 48.099414327656675], [11.672267964119904, 48.09940872667236], [11.672394206602643, 48.099377703204446], [11.67263471003308, 48.09931855314277], [11.672753029490789, 48.0992893720195], [11.672828243374948, 48.09926476810665], [11.673018614965438, 48.09920273761122], [11.673208869667096, 48.099140663628084], [11.673378656577695, 48.09908535547639], [11.673399091907696, 48.099080018078], [11.67359391913482, 48.099029222274694], [11.673788796902828, 48.098978424061784], [11.673983671655389, 48.09892744562423], [11.674177634438644, 48.09887466507895], [11.674371462413209, 48.09882188284395], [11.674465073628838, 48.09879634280756], [11.67456670028567, 48.09877217717957], [11.67476313175369, 48.09872544334046], [11.674839914174214, 48.098707049832896], [11.67495839252204, 48.09867546832922], [11.675152740226585, 48.09862356706849], [11.67534709178689, 48.098571566407564], [11.675460883070274, 48.0985413092177], [11.67554291310333, 48.09852229358326], [11.675739573102602, 48.09847707251383], [11.675936696185326, 48.098431670250655], [11.676133704914326, 48.098386271211545], [11.676329842255498, 48.09833884327656], [11.67652585198791, 48.09829139638314], [11.676596828845314, 48.09827424376976], [11.676720418163544, 48.098240060535616], [11.676915583254317, 48.098186194530015], [11.67701468610142, 48.09815884534198], [11.67703796503972, 48.09814982287156], [11.677075376332972, 48.09813508288648], [11.677119094960508, 48.098117977820515], [11.677156953730563, 48.09810316439008], [11.677196368790954, 48.09808774598573], [11.677248992314832, 48.09806721105222], [11.677488199227321, 48.09800098778532], [11.677730173028522, 48.09793412541991], [11.677965281544202, 48.09786903509674], [11.677972139747782, 48.0978673454882], [11.678213914846822, 48.097805781203455], [11.67821647168147, 48.09780488834953], [11.67845029788431, 48.09772396330437], [11.678498719581878, 48.09770718981814], [11.678695403670684, 48.09766168774629], [11.67894305453343, 48.097604454203854], [11.67900435551928, 48.0975901433589], [11.679088249701053, 48.09756978056107], [11.679263603849474, 48.0975271839201], [11.679441396246414, 48.09748387415741], [11.679540624893832, 48.09745581798581], [11.679814014826647, 48.09737851999266], [11.67989942233266, 48.097354388875424], [11.680087316560654, 48.09730041987239], [11.680360754559528, 48.0972219595914], [11.680524042128212, 48.097175114818114], [11.680730560048975, 48.09713980577616], [11.680967356145475, 48.097099263442324], [11.680872953493298, 48.09695194789575], [11.680936800235717, 48.09693764226481], [11.681191522559045, 48.096880689548115], [11.681806012501141, 48.096784450797514], [11.68221018233583, 48.09673497604083], [11.68269131958332, 48.09667584378406], [11.68293501257143, 48.09666575135577], [11.682963923776061, 48.096806295538855], [11.683103003392056, 48.09678294159826], [11.68365607437394, 48.09677702100316], [11.68368601900002, 48.09677673511234], [11.683753293036784, 48.096776002418], [11.683987723664186, 48.09651003310014], [11.684089048871055, 48.09639504467868], [11.68411877475952, 48.09636139705721], [11.684470727994018, 48.09602802839626], [11.68473582877549, 48.09571718866016], [11.684934943132015, 48.095509034221884], [11.685050493366896, 48.09542481063663], [11.68544041462668, 48.09517122085183], [11.68563622626741, 48.09502486663384], [11.685800804013606, 48.0948741109822], [11.685972829229497, 48.09470047959125], [11.68598026005527, 48.09469249723435], [11.686008357552472, 48.094663804653514], [11.686196262043936, 48.09447329988031], [11.686276421987598, 48.094354338797224], [11.686315020815499, 48.094297058274186], [11.686623922539749, 48.094035504021534], [11.686707184284257, 48.09396504538706], [11.686916060811424, 48.09375503123406], [11.687108262498862, 48.09354327883186], [11.687308831012425, 48.09358922841985], [11.688137744933446, 48.093779208526975], [11.68906105291711, 48.094006742066036], [11.688880000524192, 48.09492710424916], [11.689288710627835, 48.095080889357675], [11.690069605740701, 48.09541493385277], [11.690918003048198, 48.09573557048591], [11.691947408695158, 48.09612613003217], [11.692619506534177, 48.09638686177087], [11.693558234342268, 48.09675116930409], [11.693853521581826, 48.096904459203806], [11.69421066888291, 48.097110889391544], [11.694250870268029, 48.09712133418385], [11.694290268257813, 48.09713159625433], [11.69463768557815, 48.09722263681665], [11.694878619732982, 48.09722669097265], [11.695425173246658, 48.097286510436795], [11.695534164525277, 48.09731234291055], [11.695663050285777, 48.09731518422406], [11.69618735301317, 48.09727764733486], [11.696639641475768, 48.097432993547294], [11.696841748757109, 48.097551313436185], [11.697117847300024, 48.09777317564749], [11.697535832016413, 48.097989181211396], [11.697562461852135, 48.09800292562337], [11.69766363162333, 48.09805509100085], [11.698509124263332, 48.09843831461679], [11.698966844142873, 48.098634113611745], [11.698980626829979, 48.098642151611074], [11.69899523672467, 48.098646235296464], [11.699005951292758, 48.09865075876032], [11.700086046521667, 48.09912621648938], [11.700191870206773, 48.099172792178734], [11.701411449402292, 48.09958353746831], [11.701433017795075, 48.0995911508716], [11.701468384094753, 48.09960392852079], [11.701492229242904, 48.099612358469216], [11.702442117464878, 48.09995085570362], [11.702466621688854, 48.09996003837832], [11.702701063166216, 48.10004790052251], [11.703324859934856, 48.100308503605], [11.703749756561406, 48.10035128231132], [11.704113171776054, 48.10041089307666], [11.704370171510076, 48.100460981070725], [11.705062262123871, 48.100785772243874], [11.705367883342676, 48.100943292798846], [11.705407775274116, 48.10096380896855], [11.70547991903663, 48.10100104410322], [11.705846637204184, 48.101186472165715], [11.705925255379153, 48.101221126777304], [11.706099937147114, 48.101298216612676], [11.706326918214174, 48.101392604351474], [11.706928897222408, 48.10160988674829], [11.707147876809387, 48.10168899914075], [11.70749770871832, 48.101807444023166], [11.707746366681238, 48.1018911104344], [11.708184489464474, 48.10205420571277], [11.708474406183376, 48.10214627805762], [11.708911992125396, 48.10232738574376], [11.709342959556098, 48.10257189560824], [11.710120101325325, 48.10313154111079], [11.710564443126739, 48.1034388147], [11.710976350879852, 48.10372252678844], [11.711430993897011, 48.10409596437595], [11.711607206079222, 48.10424065479908], [11.711826401360462, 48.10437832998927], [11.712315269673645, 48.104677174101454], [11.712326108881586, 48.10468340572395], [11.712419956673823, 48.10472994802165], [11.712483681340341, 48.10476175832006], [11.712495465015234, 48.10476781105088], [11.71270469465627, 48.104869476497456], [11.712723995412448, 48.10490064170918], [11.712759351385651, 48.104967286899424], [11.712782602820894, 48.10501114778233], [11.712805188633508, 48.10505356759129], [11.712823787761192, 48.10508860144972], [11.71306151015731, 48.10557476784708], [11.713072396537035, 48.105596735970884], [11.713082990831959, 48.105622749343844], [11.713093860500924, 48.10567169417915], [11.713104076673536, 48.10571731165656], [11.713205815367566, 48.106169183573094], [11.713208427837433, 48.106350300480116], [11.713208504645623, 48.106360737366124], [11.713211118943946, 48.10654257677302], [11.71321266152568, 48.10664818166663], [11.71322780632852, 48.106721965521295], [11.713247523187341, 48.10681636038352], [11.713270019137232, 48.106924260519484], [11.71327570179578, 48.106941725645385], [11.713382644928924, 48.107114606064826], [11.71348930889659, 48.10737120863364], [11.713593583609173, 48.107621328635545], [11.713673473656355, 48.10781341742119], [11.71379457483195, 48.10810389652002], [11.71381060741105, 48.10814233005948], [11.713882695982583, 48.10828933630133], [11.713917533615412, 48.10837495867138], [11.713994507674808, 48.108564389711994], [11.714022620396221, 48.108633804332136], [11.714023806719316, 48.10863821505892], [11.71407642725817, 48.108849528203486], [11.714094157487432, 48.10892098690399], [11.714112152764065, 48.10899316548405], [11.714147901297913, 48.10913680220725], [11.714183831392829, 48.10928043822558], [11.71419844036199, 48.10933875696582], [11.714203232854983, 48.10937294805694], [11.7142109848566, 48.10942811575847], [11.714218736167274, 48.10948319349446], [11.714231916883513, 48.10957651620653], [11.714302998312437, 48.10981821049544], [11.714351135285686, 48.10998177306498], [11.714400241591038, 48.11014936904405], [11.714418538478483, 48.110211828788934], [11.714437777348431, 48.110277400303346], [11.714438304787308, 48.11027919915391], [11.714446080430054, 48.11030546347748], [11.714543336962716, 48.110661564311435], [11.714545573069875, 48.11066993277647], [11.71455176152275, 48.110692159370295], [11.714555446367312, 48.11070583666172], [11.714574914599467, 48.11077881176421], [11.714586405763873, 48.11081940860403], [11.714587953319935, 48.110824884258534], [11.714594377450098, 48.11085313670512], [11.714588071959243, 48.11090060496335], [11.714585415131092, 48.11091966365448], [11.714583163464834, 48.11093710480779], [11.714583030143514, 48.11093809325119], [11.714582468884236, 48.11094240850983], [11.714581073340513, 48.110952028073385], [11.714579250792784, 48.1109657824594], [11.71458095132894, 48.11097388014325], [11.714587491782218, 48.111005460936546], [11.714592338301232, 48.111028584865544], [11.714610909264037, 48.11111721356777], [11.714425394705334, 48.11108095067282], [11.714271791753134, 48.11105341813429], [11.714112259318815, 48.11102973004611], [11.714056150093658, 48.11102590470998], [11.714021517781873, 48.11102357025638], [11.71393574160898, 48.11101778074799], [11.713916621830867, 48.11102708402527], [11.713884170365652, 48.11104301002304], [11.713863427174621, 48.1110533018552], [11.7134316455177, 48.111265387101156], [11.713058443486391, 48.1114635173369], [11.712947530641392, 48.11152239818771], [11.712610713626823, 48.11174469738958], [11.7124978965353, 48.11181915529322], [11.71226622918418, 48.11199000124287], [11.712137043445841, 48.112085264755954], [11.712126119720121, 48.11209332858691], [11.712110071290601, 48.11210524405525], [11.712056402092406, 48.11214466165039], [11.711941777523494, 48.11222896960536], [11.71189121015459, 48.11226608324354], [11.711822474819105, 48.11231007751314], [11.711747672373658, 48.11235791682213], [11.711686752640174, 48.11239688098163], [11.711574618730195, 48.112468569308554], [11.711487014281527, 48.11252458945432], [11.711444021082173, 48.11255201666934], [11.711225812727541, 48.11269161354121], [11.711163678768525, 48.11273128993899], [11.711059852270292, 48.11280529479733], [11.71103504226309, 48.112822944478204], [11.710900066518168, 48.11291907749651], [11.71089723506729, 48.11292113831308], [11.710762277621042, 48.11301737331189], [11.710733028084684, 48.11303816547608], [11.710702144497272, 48.113063269397884], [11.710634036876867, 48.11311876928368], [11.710507668051305, 48.113221429249336], [11.710381298724592, 48.11332408908386], [11.710325867485084, 48.11336918834196], [11.710285002766158, 48.11340236145105], [11.710240379970703, 48.11343354737606], [11.710190758427933, 48.11346804827459], [11.710109566618055, 48.11352549337545], [11.709974303971974, 48.113621475482425], [11.709839100573792, 48.11371754600919], [11.709821576659085, 48.11372991257798], [11.709666087682738, 48.11382584069309], [11.70949182342453, 48.11393332421349], [11.709321591217918, 48.11403838813289], [11.70913325452474, 48.114141965893495], [11.708985066425154, 48.114223979852774], [11.70898491749948, 48.11422406074939], [11.708911537355844, 48.11423313503672], [11.709019188303031, 48.11431346179169], [11.709030556171626, 48.11432194607374], [11.70913152016382, 48.11439757779482], [11.709296043080553, 48.11452059300889], [11.709464772679528, 48.114646853329916], [11.709798300859326, 48.11489640213892], [11.709860084517, 48.114942694439456], [11.709884424056398, 48.1149607389558], [11.710333241193847, 48.1152956705159], [11.710624656193048, 48.11551318333863], [11.710683234862756, 48.115556864916506], [11.710234343568006, 48.11565738467147], [11.71011761437642, 48.115683340076515], [11.70997951381667, 48.1157122984467], [11.709721195993717, 48.115766486826466], [11.709231452641944, 48.11586920018503], [11.70891665525317, 48.115935125432905], [11.708717635079307, 48.115976884736725], [11.708591089918366, 48.1160045295948], [11.708262601015322, 48.116076257593974], [11.707925947644812, 48.11614981931418], [11.70776578003999, 48.116184828260806], [11.707605528858181, 48.11621983625366], [11.707284596385517, 48.11628993908714], [11.706964151157036, 48.11635994585077], [11.706881857990417, 48.11637790486731], [11.706729099954904, 48.11641151127184], [11.7064637940827, 48.11646883624725], [11.70600217116407, 48.116568926747], [11.705738735687815, 48.11662620326525], [11.70558476479156, 48.11665969454365], [11.705212842712935, 48.116740400310576], [11.705148865518327, 48.116754350787], [11.704990263884119, 48.11678882585552], [11.704828900662163, 48.116822943735954], [11.704660543688245, 48.116858917738945], [11.704429769279308, 48.11690830994037], [11.704241384285138, 48.1169484801717], [11.704018711859863, 48.1169960530072], [11.70384040361998, 48.117034108313696], [11.703662096238432, 48.117072184916864], [11.703534481670362, 48.11709947502316], [11.70340605892205, 48.11712683350088], [11.703119745545576, 48.11718800240389], [11.70293132159386, 48.11722915847923], [11.702561202034845, 48.11731000393884], [11.702331352737234, 48.11736022584393], [11.702030980378256, 48.1174257890659], [11.701720613702847, 48.11749312169065], [11.701503269658746, 48.11754068573935], [11.701358825807652, 48.117572326651185], [11.701251394924856, 48.11759595051695], [11.70101062521363, 48.117648433195434], [11.700662669244412, 48.117724329567935], [11.700532899226182, 48.11775270448401], [11.700405005221649, 48.11778059693364], [11.70015220430083, 48.11783579738096], [11.70007556222877, 48.11785252175594], [11.69989526963095, 48.11788885032947], [11.69974833726417, 48.117918404363785], [11.699727901606881, 48.11787581995941], [11.69961856570541, 48.11790006834755], [11.69960605757436, 48.117902910632026], [11.698950160835793, 48.11804901496773], [11.698767375405584, 48.11799537547113], [11.698691746347826, 48.117973135928466], [11.698463752469157, 48.117970167396905], [11.698333622151479, 48.11802349905192], [11.698094568186864, 48.11812141155527], [11.698037216756031, 48.118144910407445], [11.69796089071956, 48.11817620282445], [11.69768852376072, 48.11830271103163], [11.697676536773299, 48.118308707286204], [11.697523550174541, 48.118341788447594], [11.69703219282526, 48.11844770238043], [11.696709147298106, 48.118517530858966], [11.696674985989, 48.11852498889331], [11.696583611016292, 48.11853132126596], [11.696423570695462, 48.118542254949006], [11.696416123688307, 48.11857577576701], [11.696400399812196, 48.11864703808695], [11.695299321198744, 48.11888778593852], [11.694884055093981, 48.11897869021341], [11.69472442587676, 48.119013637627326], [11.694039997869355, 48.119346825968705], [11.694058796128187, 48.11936330496913], [11.694072351158482, 48.1193752450635], [11.69408451675163, 48.11938579965429], [11.694130509832553, 48.11942603086269], [11.694139334798823, 48.119433788031444], [11.694145618870714, 48.119439290502484], [11.694607712901096, 48.11984356812982], [11.694754216497696, 48.1199718425888], [11.694823313344857, 48.120032268360596], [11.694788611433978, 48.12003982039334], [11.695022175907846, 48.12025025288463], [11.695119016811379, 48.120337549818], [11.695124493267885, 48.12034250970875], [11.695158051131468, 48.1203252422105], [11.695360834488325, 48.1202210994131], [11.695696639061524, 48.12004832259774], [11.696061758758502, 48.1198606117406], [11.696355584998216, 48.12011822362906], [11.696363596619785, 48.12012535006304], [11.696559198138555, 48.120296819188766], [11.69688505200985, 48.12058272529308], [11.697003686703152, 48.12068676087087], [11.697076904507835, 48.12075100358096], [11.697226603922388, 48.1208822403029], [11.69737610152611, 48.12101343208118], [11.697567450329032, 48.12118116530285], [11.697461261327582, 48.12124157021178], [11.6971039170231, 48.121444907978734], [11.696755273134466, 48.1216430409844], [11.696555320524945, 48.12175663610924], [11.696356734604999, 48.121869579725015], [11.69625845276726, 48.12192536180599], [11.696160170103678, 48.12198113212325], [11.69596607997274, 48.12209137086279], [11.695772584336302, 48.1222014549439], [11.695677022626871, 48.12225572217949], [11.695581595128592, 48.122309989783226], [11.695391816755631, 48.12241784622056], [11.695350695570326, 48.12244119941618], [11.695203868385583, 48.12252468310137], [11.695017945038574, 48.12263022051743], [11.69483331424297, 48.12273520181031], [11.694650823169084, 48.12283894305148], [11.694464444061394, 48.12294490506011], [11.694433723321525, 48.122962262344025], [11.694186457244433, 48.12310200132518], [11.695012617292585, 48.12371032707911], [11.695928849963202, 48.12438514013963], [11.696432636182335, 48.12438682722112], [11.696506846599979, 48.12444073069265], [11.697145416607876, 48.12491147039325], [11.697740791387144, 48.12534813775611], [11.698546492680324, 48.12486653458538], [11.698699656935062, 48.1247750352295], [11.699239358624846, 48.124452307116684], [11.699281686432277, 48.12442723523483], [11.699329681076556, 48.124398486704145], [11.699341815647545, 48.124391232487525], [11.699387118622472, 48.12436418214675], [11.69949281058145, 48.12430106436662], [11.699598344339153, 48.124238035687775], [11.699648618325456, 48.124207858537], [11.699809457757677, 48.12411150995458], [11.700041918045034, 48.12397264499553], [11.700292066372844, 48.12382312656366], [11.700505375030044, 48.1236959585377], [11.700585873425664, 48.1236478524485], [11.70067554070752, 48.12359420023064], [11.7008456756919, 48.12349256116291], [11.701050735179297, 48.123369924972934], [11.701256276667788, 48.12324688835596], [11.701461818649568, 48.12312413569161], [11.701672371033464, 48.122998333212685], [11.701883009191901, 48.12287231506805], [11.702093794272608, 48.122746324566116], [11.702243666604964, 48.12265668756342], [11.702457761133841, 48.12252872171672], [11.70253906183334, 48.12248009505999], [11.70270259300497, 48.122382411177064], [11.7029040664296, 48.12226197865342], [11.703104492146254, 48.12214226508105], [11.703205964911085, 48.12208155743109], [11.703305012976426, 48.12202228167048], [11.70340585022184, 48.1219620207076], [11.70350561747199, 48.12190247589511], [11.70360685595572, 48.121842033443706], [11.703706054473221, 48.121782645811805], [11.704010727969141, 48.1216004087766], [11.704221317362759, 48.12147413726279], [11.704249215114897, 48.1214576617332], [11.70427226005999, 48.12144405117991], [11.704514735528365, 48.1215684930921], [11.705214242979887, 48.121981514284094], [11.705660878507372, 48.12220928253462], [11.705867627687033, 48.12229856017458], [11.706111188515509, 48.122373672687104], [11.706328025215475, 48.12242802781135], [11.706668934550784, 48.12247821220442], [11.706991394973965, 48.12251530273344], [11.707092269872879, 48.122512868288304], [11.707112148891479, 48.122512380806626], [11.707126953171665, 48.12250675356629], [11.707300978074093, 48.122441009058285], [11.707421643342188, 48.12236640838998], [11.70741766363004, 48.12238078846192], [11.707391322960778, 48.12247649304071], [11.707646117900813, 48.12257695320231], [11.707947885590066, 48.1226959741325], [11.708063802345855, 48.12274160642622], [11.708555163282425, 48.122935356058754], [11.708626607184494, 48.12296342321984], [11.708740183273694, 48.122797775723484], [11.708852880518641, 48.12263329249305], [11.709307310081673, 48.12297102718953], [11.710609499107708, 48.12394160625652], [11.71068826103626, 48.12400036013581], [11.710718347982175, 48.124022743563444], [11.71073775267625, 48.12403457512616], [11.711977479639875, 48.122990441699464], [11.7119936789241, 48.122976811285334], [11.713266192352794, 48.12379785979431], [11.713595116984884, 48.12400998526596], [11.713944958892789, 48.12426060329211], [11.714127513417202, 48.12457648501149], [11.714446357834952, 48.12512799211135], [11.714544263789833, 48.1252971463519], [11.715149680840527, 48.1263431435973], [11.715567081557618, 48.127102293992486], [11.71616908162378, 48.12817460769135], [11.716161670328178, 48.12817908765277], [11.716062069908983, 48.12823929814806], [11.715171881643029, 48.12877747396038], [11.715388412794505, 48.12893756471997], [11.715317868959158, 48.1289925246225], [11.714521698122091, 48.129607915479035], [11.714017668960938, 48.12938342559351], [11.713688957316275, 48.129237049734286], [11.713647281381382, 48.12921813612765], [11.713396217491377, 48.12910665217157], [11.713389476344707, 48.129110593330275], [11.711840973731855, 48.129990455799515], [11.711767939176195, 48.13003209306236], [11.711705281444637, 48.130067641018904], [11.7117824338793, 48.13010579236708], [11.711868835810163, 48.13014747475569], [11.713105270276355, 48.13074852104388], [11.714086081110908, 48.13122541201756], [11.714375341040833, 48.13136591754597], [11.714193375371334, 48.1315762757664], [11.714129862518975, 48.131638534435616], [11.713744430716323, 48.13201676770197], [11.713378159466966, 48.13235205894904], [11.712627245779856, 48.13304289718454], [11.712538533508194, 48.13312425106074], [11.712264988868784, 48.133384259924746], [11.712302252557423, 48.13339525105815], [11.712363057652198, 48.13341318880191], [11.713379142606216, 48.133713506067636], [11.714459064611157, 48.13403264034884], [11.714840023575697, 48.13345352961745], [11.715016582674034, 48.133185131111894], [11.71527135096296, 48.132797900256], [11.716373656465343, 48.1331240295067], [11.716422877487645, 48.13313853637943], [11.716989933399406, 48.13330628111151], [11.717310482152964, 48.13340114319022], [11.718052714819178, 48.133620579949806], [11.718875030536058, 48.133863821813996], [11.719859243811356, 48.134154990690384], [11.7199189360014, 48.13417258277786], [11.720444333379868, 48.13432809511024], [11.720457311206836, 48.13433194841247], [11.720135217491, 48.13481837495722], [11.719703952039419, 48.13547046513249], [11.719687023639144, 48.135495691691084], [11.721313024977498, 48.13628746953542], [11.722900703956649, 48.137060847468796], [11.722909698518494, 48.13710951986214], [11.722445395603666, 48.13748213237879], [11.722168152816014, 48.13770469813424], [11.721728706527122, 48.13805652054707], [11.721456291417276, 48.138274248841235], [11.72063949788049, 48.1389296244639], [11.720463453864891, 48.13907048781246], [11.719014482872396, 48.13832830100689], [11.71785910550787, 48.13773626041094], [11.71780071134388, 48.13775130132027], [11.715659486486953, 48.13830591269264], [11.715056965535908, 48.13846192856926], [11.715007853249073, 48.13847466827307], [11.714945554880543, 48.13849070341818], [11.714336688408649, 48.138770977605986], [11.713877974745436, 48.13910944531576], [11.71382816873475, 48.13914621133723], [11.713785990363778, 48.139177367674144], [11.71370010859284, 48.13921425990932], [11.713658521166952, 48.13923217868023], [11.713642567136894, 48.13923904863607], [11.713587421994387, 48.1392081033934], [11.713418016433943, 48.139113062298016], [11.713349739847292, 48.13916478735913], [11.712556004622202, 48.13977169935122], [11.711757782723119, 48.14038137417436], [11.711651439654904, 48.14046259101318], [11.711496377763893, 48.14058119043261], [11.71083888731159, 48.141083729123395], [11.710026786320247, 48.14170494516387], [11.709991289329146, 48.14173201657007], [11.709977388673579, 48.14174259424732], [11.709955793006245, 48.14175917792982], [11.709920297283375, 48.14178624928357], [11.709977701289192, 48.141782169329744], [11.70999880752056, 48.14178069413389], [11.710023998978235, 48.1417933502709], [11.710219450564127, 48.14189105703755], [11.710668418337923, 48.14211544695349], [11.710864852509856, 48.1422136387275], [11.711021838494522, 48.14229209457649], [11.711085603496455, 48.142324064913524], [11.711181198070065, 48.14237175301043], [11.711228880315955, 48.14239561954059], [11.71124802742448, 48.1424052066862], [11.712594084271293, 48.14307858434443], [11.712794030348945, 48.143178652369095], [11.710950525529817, 48.1446130450446], [11.712808889527949, 48.1452836786207], [11.713251280612864, 48.14544335856048], [11.713333556339762, 48.14543313219108], [11.713298605384928, 48.145460476042125], [11.713262718501415, 48.145488353081724], [11.713227638574322, 48.145515598279324], [11.712587893757515, 48.146012816996645], [11.711709911245087, 48.1466945104665], [11.711675756521787, 48.14672140670419], [11.711637428069885, 48.146750900229215], [11.711602479988194, 48.146778153501856], [11.710842813612574, 48.14736866431381], [11.710322776140135, 48.147772784296876], [11.710322360117742, 48.14779645448977], [11.710320987925474, 48.147874857196676], [11.710270893540578, 48.147893748356196], [11.710056641203677, 48.14797526393543], [11.71003366637184, 48.147984041946195], [11.709699720455617, 48.148113597071244], [11.709408807936859, 48.14807606267121], [11.708574448858457, 48.14796895571888], [11.707550280779886, 48.14783928357847], [11.706683559886189, 48.147730607882416], [11.705559399079007, 48.14758635805096], [11.704131708469044, 48.14740062108575], [11.702933763005456, 48.147251676112624], [11.702859248478182, 48.14731074990652], [11.702766218676894, 48.147384630127696], [11.702653596765208, 48.14747398812837], [11.702593727720727, 48.14743785883103], [11.702660130565295, 48.147368514960014], [11.702723563260992, 48.147302398355066], [11.702791314720177, 48.14723206347875], [11.701322777336912, 48.147034560193916], [11.700490320289015, 48.146934393518286], [11.699509747676549, 48.146812479714896], [11.698978147307894, 48.146742706492226], [11.698619355813458, 48.14669569745002], [11.698551911441925, 48.14675775702699], [11.698530284121372, 48.1467776649407], [11.698406212858153, 48.14689163105592], [11.698348420685567, 48.14686736687138], [11.698468945523155, 48.14672003751426], [11.698499957297459, 48.14668225676748], [11.697577727082544, 48.14656182791665], [11.697217359095301, 48.14652001280339], [11.695696906571179, 48.146332136560844], [11.694868661609622, 48.14621872107947], [11.694639851766794, 48.146213985515665], [11.69463797248278, 48.14621371017509], [11.694582668025507, 48.14620518899701], [11.693642426767452, 48.14606164285079], [11.692682358141113, 48.14593844581853], [11.691674543791821, 48.14581101127592], [11.691482485668457, 48.145971019729245], [11.691415197711787, 48.145940438412694], [11.691484585907078, 48.14586617576035], [11.691551132515393, 48.145795219848104], [11.690488931365143, 48.14566515865487], [11.690267609515006, 48.145637132916896], [11.68982835877078, 48.145575373330274], [11.68887406732883, 48.14544885899203], [11.68817760121231, 48.14535782053023], [11.68792850886193, 48.14532838509638], [11.6874544571154, 48.145267035856165], [11.687060988786751, 48.1452160520652], [11.686915005259298, 48.14519746166276], [11.6864476153163, 48.14513794099292], [11.685750275533819, 48.14505109325014], [11.68519302297725, 48.14498128296178], [11.68497782704293, 48.144954413039834], [11.684811040586418, 48.14493363745474], [11.684517881784073, 48.14489699959222], [11.683729758477366, 48.14479181249911], [11.683508021854042, 48.144832394345265], [11.683482060126194, 48.14483619071658], [11.683417428103338, 48.144848208653585], [11.683311448112029, 48.144867918576765], [11.68306347790566, 48.144912563180725], [11.680874349381842, 48.144632974286914], [11.679199958194042, 48.14441869749215], [11.678163127805558, 48.144284942357785], [11.67816703396152, 48.14430599934474], [11.678240673009904, 48.144708242468205], [11.67827858059152, 48.14491584375906], [11.67836486806472, 48.14538711534547], [11.678454190871303, 48.14587318980023], [11.678456143465345, 48.14588399048867], [11.67853554574993, 48.146317727924654], [11.67853917863777, 48.14633797154694], [11.678633572203283, 48.14685398816882], [11.678741673559726, 48.147446002648124], [11.678764420670372, 48.147571403105815], [11.678850258877397, 48.14804397769106], [11.678895854823445, 48.14829314392724], [11.679033619870523, 48.14904571707599], [11.679038164290912, 48.149070545504216], [11.67903920509268, 48.14907594253749], [11.679130454398448, 48.149578361244565], [11.679175658895316, 48.14982777580787], [11.6792292271015, 48.15012318300617], [11.679312919962074, 48.1505821913543], [11.67940685963466, 48.15109791176695], [11.679595536233453, 48.15213250638112], [11.679603076932217, 48.1521740794798], [11.679615431983585, 48.152241029855496], [11.67978049147938, 48.15313786914738], [11.679801830264196, 48.15325391454822], [11.678474916591075, 48.15397912515197], [11.676935798903738, 48.15481969410153], [11.675277879496715, 48.15572699495372], [11.674679984025817, 48.15605395011143], [11.67463802405396, 48.15607677975845], [11.67457920287706, 48.156109093598545], [11.674531450342648, 48.156135223587206], [11.674494355741748, 48.15615544294337], [11.673925638561093, 48.156466583646605], [11.674220428560675, 48.15671269260951], [11.674023252872752, 48.15671365598338], [11.674034454075812, 48.15675002341885], [11.674043813503792, 48.15677991107239], [11.674028712507702, 48.156787872247], [11.67210655158811, 48.157812627242464], [11.672047732148837, 48.157843955337974], [11.671498194607258, 48.15813659300252], [11.670927435907181, 48.15845395488471], [11.670767727642929, 48.15852265118832], [11.670626798354583, 48.1585564158929], [11.669680867882132, 48.15871570949023], [11.669678793795661, 48.15870446160115], [11.66963856539499, 48.15871073330754]]]}, "geometry_name": "shape", "properties": {"sb_nummer": "15", "sb_name": "Trudering-Riem", "flaeche_qm": 22453921.62629}}, {"type": "Feature", "id": "vablock_stadtbezirk.5", "geometry": {"type": "Polygon", "coordinates": [[[11.460566599863315, 48.175020836552896], [11.460723155633836, 48.1755444624082], [11.460789889349188, 48.175996058934466], [11.460749112800013, 48.176526441530825], [11.460186492538, 48.176363211795106], [11.459560479180036, 48.176178363282034], [11.459422949831481, 48.17613764115279], [11.458787557601475, 48.17595001364337], [11.456755280891297, 48.175427313285134], [11.454309338229281, 48.174938955443885], [11.45426208392123, 48.17495873979436], [11.453284106812687, 48.17477626577614], [11.45266786008672, 48.174685876874875], [11.452138444650453, 48.17459160412525], [11.45177345324243, 48.174482018491545], [11.451401180656415, 48.174379858204475], [11.450637996418397, 48.17421150988761], [11.449871274185705, 48.17405019446981], [11.44872275560943, 48.17383091994568], [11.44862459142965, 48.173809278717755], [11.448522105831177, 48.17378522361731], [11.447901684344313, 48.17431033159168], [11.447513483870317, 48.1745786339792], [11.446894010889737, 48.174931734667], [11.44620943342849, 48.17522146188085], [11.44547038956651, 48.17545074895554], [11.444457768212251, 48.1756460804847], [11.443685366749683, 48.175708441967416], [11.443239513035387, 48.17570335369437], [11.442796675094648, 48.17565181046319], [11.441888558193, 48.17539601268773], [11.440574480645301, 48.17497344640759], [11.439838743464822, 48.17482186577797], [11.438969718021678, 48.17478156976593], [11.437535823704389, 48.174747422951654], [11.43754842025764, 48.174704812011974], [11.437607763535134, 48.17449643058941], [11.437699018415962, 48.17417599445866], [11.43779553967198, 48.17392427071314], [11.437877733585974, 48.17378349964302], [11.437988983127502, 48.17361551799475], [11.438055347706527, 48.17355740274952], [11.43805575447962, 48.173557045002084], [11.438255483103012, 48.173430130096925], [11.438590411110944, 48.17322544644124], [11.43884112854536, 48.17307460633275], [11.439104517414007, 48.17287058142202], [11.439314106767142, 48.17257705878649], [11.439334588545828, 48.172548570524455], [11.439451406626944, 48.172317609556536], [11.439431118384872, 48.172303660057516], [11.439410562199084, 48.17228961996782], [11.439165649378397, 48.172121727455725], [11.438208853615734, 48.17146699782158], [11.438193655805762, 48.17145559352296], [11.438179811020637, 48.17144347577353], [11.438167722449078, 48.17143046685804], [11.43815711788556, 48.17141692526823], [11.438148400982563, 48.171402853235186], [11.438141571696203, 48.17138824986051], [11.43813649333609, 48.171373296202106], [11.438133432694215, 48.17135817195307], [11.43813225549269, 48.17134296724204], [11.438132960386055, 48.17132768209763], [11.438135679700197, 48.17131249726681], [11.438140279157322, 48.171297502877955], [11.438146755188766, 48.17128287896278], [11.438154290173301, 48.171269878272746], [11.43816343258607, 48.171257245669835], [11.438173913746512, 48.17124515871414], [11.43818573258506, 48.171233708305856], [11.438198888783692, 48.171222802673654], [11.43821324454208, 48.171212712876454], [11.438882095673018, 48.17077572192193], [11.439836143992114, 48.17015220308177], [11.439886249347369, 48.170119628606045], [11.439947324867452, 48.170079729940014], [11.440131986075665, 48.169959041404525], [11.44014403922658, 48.1699505586903], [11.440152241580778, 48.169925420033785], [11.440096270899897, 48.16991875557077], [11.440146511246024, 48.169870359054464], [11.44018872787549, 48.169818590506274], [11.440222377591777, 48.16976407782339], [11.440262587224414, 48.169688367303166], [11.440292442265, 48.16963215543461], [11.440380252027158, 48.16946667300955], [11.440301176199544, 48.16939700457652], [11.440067404360816, 48.169191005506704], [11.439613547555522, 48.16881679404599], [11.438441049253624, 48.16806878017272], [11.438408865565174, 48.16804847228643], [11.438380129086934, 48.168032498353476], [11.438222221802185, 48.167943615950264], [11.437698522716305, 48.16765028767059], [11.437424624722759, 48.16748913310099], [11.437198465318273, 48.16733194271157], [11.436985631356428, 48.167185591405165], [11.43677276603442, 48.16703931865224], [11.436650987147235, 48.16695506285471], [11.436393503991036, 48.166751157268884], [11.43624917276666, 48.16661816398314], [11.436057552132569, 48.166456551592475], [11.435903986241184, 48.166326281181846], [11.435869892465377, 48.16629755064267], [11.435736767851497, 48.1661853083], [11.435446973708528, 48.16599990313698], [11.435124363067754, 48.16576871464447], [11.434942672740107, 48.165576175863244], [11.434852182677977, 48.1654665334829], [11.434708674269206, 48.16529048247415], [11.43461509651566, 48.16516909661138], [11.43452746448358, 48.16504578780746], [11.43434642908419, 48.16480408543085], [11.434289957841358, 48.164722399572796], [11.43414998205445, 48.16456871986077], [11.43401426538481, 48.16446172038934], [11.433879429651657, 48.1643745116875], [11.433839537826291, 48.164313596725435], [11.433805627258966, 48.16425865015388], [11.433787915581789, 48.164126078143475], [11.433773297456673, 48.16409929090901], [11.433791317723154, 48.16406156640202], [11.433934188729264, 48.16376240425538], [11.433822690324998, 48.163705661630964], [11.433763839974691, 48.16366490659696], [11.433725403397668, 48.163638187559904], [11.433235882732376, 48.163288385169245], [11.43318115777897, 48.16324037209809], [11.433028595403197, 48.16310669971489], [11.432924956806353, 48.16303415785174], [11.434082355261245, 48.162402406563594], [11.43460058163374, 48.162119685554345], [11.434924737051345, 48.1619428321334], [11.435179251665248, 48.16180325006729], [11.435605647348488, 48.16156936946439], [11.436267647344943, 48.16120619413912], [11.436617398237098, 48.16101430205675], [11.43682532287249, 48.160900299116435], [11.437012844833223, 48.16079753500121], [11.437210404379135, 48.16068901406273], [11.437231092722614, 48.16067777955624], [11.437414454441742, 48.16058459934101], [11.43761887502707, 48.16048084042869], [11.437823508264575, 48.160376761710694], [11.438203442013338, 48.16018383280465], [11.43847740503891, 48.16004456835605], [11.43873285819957, 48.15990634313429], [11.438892089422026, 48.15981849922123], [11.439099194609058, 48.15970333168187], [11.43930553866829, 48.15958744750161], [11.439510992303362, 48.159470644279665], [11.439715272694373, 48.159352970317144], [11.439918450809605, 48.159234447507195], [11.44012041505222, 48.15911484968118], [11.44032130817062, 48.15899452112929], [11.440520731211683, 48.15887304653492], [11.440719222398975, 48.1587508004773], [11.440916258994102, 48.15862784805534], [11.441112451949014, 48.15850380108441], [11.441306808616853, 48.158378967694766], [11.441500490300966, 48.15825316485251], [11.441692564598767, 48.15812652485196], [11.44188330683554, 48.157999040049134], [11.441964180356972, 48.15794425622119], [11.4420727106792, 48.15787071868326], [11.44226131840824, 48.15774142596188], [11.44237274606294, 48.15766392687737], [11.442448317628667, 48.15761135731865], [11.442576587569077, 48.15752093176713], [11.442633844717852, 48.157480580944444], [11.44281857264229, 48.15734964669991], [11.44284540322827, 48.157330352561665], [11.442830077392546, 48.15731768469485], [11.442933211358929, 48.15724219607592], [11.443038378804404, 48.15716518847232], [11.443253109031941, 48.15701380942951], [11.443464770011635, 48.15686156938356], [11.443632837156057, 48.1567406230598], [11.444068904153573, 48.156428607826], [11.444491149242864, 48.15613457296649], [11.4450167612771, 48.15576839272342], [11.445875397080453, 48.155182151900384], [11.446271919709263, 48.15491963127709], [11.446465608571701, 48.15479438749785], [11.447120119022287, 48.15441232079243], [11.447335458042732, 48.154286544131395], [11.44735710343613, 48.15427387471886], [11.447597457291913, 48.15413115166564], [11.44855839652251, 48.15368165346014], [11.448895446467212, 48.15359103712757], [11.448962205665172, 48.15358223750226], [11.449280251515068, 48.15353988919239], [11.449341126968148, 48.15352989121301], [11.449555768575262, 48.153488172246114], [11.449978465436903, 48.15339950366096], [11.450375594351543, 48.15331574645641], [11.450493562664645, 48.15329275092688], [11.450640179157936, 48.15326481165812], [11.45117474881879, 48.15314807213326], [11.451513088486305, 48.1530568374911], [11.451626021280813, 48.15302506918161], [11.451809154982842, 48.152992922681186], [11.451978765735744, 48.15295839307504], [11.452006772876263, 48.15295295351988], [11.452175629361388, 48.15292040575054], [11.452187221606847, 48.152917045039615], [11.452435380335015, 48.152870288908325], [11.4524485466412, 48.15288285134474], [11.452687784777753, 48.15283505960521], [11.45272698977404, 48.15282724199799], [11.452735070655224, 48.15282593213111], [11.452931161013696, 48.15278765498881], [11.453559267638466, 48.152668963631335], [11.453416655563126, 48.15220191167968], [11.453276361285425, 48.15169312480439], [11.452013514216418, 48.151642564058], [11.45167495988195, 48.1516023570848], [11.45153788782373, 48.15156572252449], [11.45117338780134, 48.15155352651148], [11.449801968467828, 48.15127899651019], [11.448729056386366, 48.151052011419324], [11.448702916992664, 48.15104630882419], [11.448610144489018, 48.15102625335703], [11.4481895240068, 48.15092725870008], [11.447557378945065, 48.15073153392946], [11.447113503541054, 48.150578520085595], [11.44703881255908, 48.15055307356407], [11.446574763105144, 48.15036924508], [11.446105096303448, 48.150156201373356], [11.445801818597682, 48.15000558541209], [11.445652272820366, 48.149921655825935], [11.445518154200089, 48.149846977623895], [11.445427983254818, 48.14979643890127], [11.445190045469364, 48.14965568395118], [11.445044749074503, 48.14956979787174], [11.444702155192532, 48.149337234787026], [11.44460780622945, 48.14927318319834], [11.444305448397024, 48.149039481930565], [11.44428491835037, 48.149023555296544], [11.444250519903, 48.14899740257173], [11.444203854639401, 48.14896193264], [11.444089054386128, 48.148867337100924], [11.444076417528514, 48.148855494870816], [11.444034634768187, 48.14881787667798], [11.443842741290196, 48.1486448978827], [11.44392171591951, 48.14863582058823], [11.44358099355593, 48.148258819647936], [11.443278485867623, 48.14785345889124], [11.443086927527936, 48.147597569161455], [11.442823602238155, 48.14724559038044], [11.442759150073238, 48.1472642593374], [11.442752408524301, 48.14726621126366], [11.442646008593893, 48.14710104460816], [11.442372575012657, 48.1466764664682], [11.442360870227379, 48.1467160710091], [11.44218215631142, 48.14641510549505], [11.44187761862105, 48.14590250916599], [11.441772688384916, 48.145737308650375], [11.441718618386838, 48.14562979639018], [11.441661525110407, 48.14551622623082], [11.441647549820559, 48.14551660696414], [11.44164014000442, 48.145518638715075], [11.441627216704605, 48.14549815267386], [11.441615442934701, 48.1454794795579], [11.441524348082373, 48.14531961198978], [11.44152369746183, 48.145317630995756], [11.441496037113259, 48.14522965039328], [11.44140547283702, 48.14508224966572], [11.441388436348937, 48.14505455286295], [11.441337081148177, 48.14496894466555], [11.441207416071267, 48.1447571214909], [11.441078197660657, 48.14454550822328], [11.440961166579411, 48.14435467010054], [11.440833917077498, 48.14414583194154], [11.440730270322025, 48.14397565257205], [11.440624936355217, 48.14380319200959], [11.440506311259448, 48.143611638663465], [11.44040560644537, 48.143448392319975], [11.440299541518664, 48.143275326132475], [11.44019364414236, 48.143102120418824], [11.440135148412745, 48.14300658217294], [11.440106510768883, 48.1429584113691], [11.440009714828175, 48.1428011623861], [11.439916760954773, 48.14264925381608], [11.439838060232969, 48.142521457197184], [11.439713179700199, 48.14231517413851], [11.439586721062119, 48.142106690291406], [11.439252889917306, 48.1415549826158], [11.439236921511103, 48.141600389235016], [11.43888125440399, 48.14102045900311], [11.438724408366822, 48.140764782298135], [11.438589380563448, 48.14054040640472], [11.438482287595194, 48.14036288570925], [11.438376918675683, 48.14018814194324], [11.438283180449195, 48.14003283489795], [11.438184180307278, 48.13986582168569], [11.438240757431096, 48.13969818751487], [11.437868072657759, 48.139093887411434], [11.437542651973105, 48.13856673397944], [11.437434193274239, 48.13838549816233], [11.437413397926518, 48.1383533024143], [11.437394029194378, 48.138323326754], [11.437353781044482, 48.13825656821034], [11.437352197234055, 48.138253951949125], [11.437195923481472, 48.1379982006915], [11.437017872085066, 48.13770712229002], [11.436858545071061, 48.13744856412924], [11.436711022495507, 48.13720738482957], [11.436691078191275, 48.13717483077683], [11.436546412013813, 48.13693841261953], [11.436376278733746, 48.1366605018703], [11.436864857735236, 48.13637344396631], [11.43716801967549, 48.136195585857315], [11.437471043475446, 48.136017749660766], [11.4377740652095, 48.13584002696738], [11.438077077797622, 48.13566212639691], [11.438448413357403, 48.13544435828686], [11.43848233456315, 48.13542446735023], [11.438508476252995, 48.135409133409524], [11.438538781611385, 48.13539111788854], [11.438570165667649, 48.135372747438176], [11.438409205647657, 48.1352194019672], [11.43815120594212, 48.13496518867908], [11.438136686048013, 48.134610381118485], [11.438407704852647, 48.13459459377751], [11.438724753389089, 48.134577174403574], [11.438978489364052, 48.134542519720135], [11.439363170736858, 48.134490135574694], [11.439457077867422, 48.13447735553713], [11.439768805251076, 48.134434929655924], [11.439821274471468, 48.134427813619666], [11.440036799997403, 48.13442365933221], [11.44015168248103, 48.13442141684276], [11.440289338826428, 48.134400305090615], [11.440344932305111, 48.134391582906765], [11.440706360303643, 48.13433524872136], [11.440721434452302, 48.1343326213691], [11.4409693789884, 48.13428706475067], [11.441169412044756, 48.13424966563764], [11.441254439190274, 48.13422561856827], [11.441862492305855, 48.134047602095805], [11.442003639002762, 48.13400149900051], [11.442058373087525, 48.13398360293762], [11.442182803461513, 48.133943028780266], [11.442191281022307, 48.13394172200452], [11.442197068932845, 48.133940671266586], [11.442293448768938, 48.133922532087034], [11.442555855250282, 48.13395629741131], [11.443389020382654, 48.13399183414449], [11.444240166121434, 48.134055102345336], [11.445021377022643, 48.13408907389684], [11.44562289302102, 48.133936700824], [11.44582054567191, 48.13388667346993], [11.445829584199943, 48.133884388109756], [11.445871471947182, 48.13387379109015], [11.445877098402384, 48.133872371092494], [11.445974566033296, 48.133847763181], [11.446233401178747, 48.1337823011133], [11.44644773009269, 48.13372580347585], [11.446918928836158, 48.13359933525313], [11.446958771105221, 48.13358864194116], [11.447333386902045, 48.13348808099997], [11.447466642582636, 48.13358818544922], [11.447648058090149, 48.13348268893377], [11.447434385731823, 48.133453497152374], [11.447380951962865, 48.13341181840665], [11.447224612313482, 48.133289861266896], [11.44712251986977, 48.13317407249186], [11.447087168394235, 48.133187302066965], [11.447043134237457, 48.133085302769764], [11.447073411463053, 48.132994803254945], [11.447183511669262, 48.132886053363684], [11.447300459616367, 48.13266317068428], [11.44731359130024, 48.132477958631306], [11.447444311706166, 48.13226885411413], [11.447612973840451, 48.13216129890514], [11.447697855719413, 48.13201007335132], [11.447817757178884, 48.13193861617903], [11.44789345577077, 48.13189356487002], [11.447975086763584, 48.13177417265718], [11.447930912230245, 48.131650944397805], [11.44788523884742, 48.13153994647355], [11.4480501631144, 48.131264385552726], [11.448104001281067, 48.13116931024831], [11.448114301400445, 48.13114885361196], [11.448126835367736, 48.13115727931532], [11.448219267047577, 48.13121646058319], [11.448224753366311, 48.13121837536637], [11.448223847844638, 48.131227455521774], [11.448330833331863, 48.13119721519405], [11.448415895316288, 48.131356792359036], [11.448494001417277, 48.13148151512148], [11.448541490481869, 48.131553233495765], [11.448667349240091, 48.13159575131711], [11.44877776528949, 48.1318031512625], [11.449260189721432, 48.13234367369249], [11.449776243426292, 48.13292280925641], [11.450624207587516, 48.13264879119226], [11.450996504821605, 48.1325343803735], [11.451119471970909, 48.13249287931982], [11.45115196507247, 48.13248161344055], [11.451276574696521, 48.13290144656176], [11.451329355821109, 48.13316088588357], [11.4513378155953, 48.133198161674926], [11.451351794150915, 48.13323438570961], [11.45135850509561, 48.13327273177658], [11.451372093512557, 48.133270818566714], [11.451488764154922, 48.133254649137626], [11.451490108368414, 48.13325456556192], [11.451501123521208, 48.13325506829716], [11.451523310703966, 48.13325400540524], [11.451778277761754, 48.1332487524006], [11.451930472368574, 48.13323680098298], [11.452162343848443, 48.133218483034334], [11.452741290468548, 48.133183206305965], [11.453496915444575, 48.13312294947754], [11.45432009852053, 48.13304258977902], [11.454768425772471, 48.132983827096794], [11.45487738696696, 48.132969594252906], [11.454848294843858, 48.13292547498285], [11.454785361252718, 48.132840633840104], [11.454764748035663, 48.132801133709535], [11.45472989272309, 48.132734332465745], [11.45470566231356, 48.13262476041067], [11.45473889859189, 48.132619791438195], [11.455347500763159, 48.13253030071719], [11.456031325083396, 48.132461136097305], [11.456957529718075, 48.13236359018727], [11.457366750740778, 48.132318387582785], [11.457846759798164, 48.13225356060003], [11.45788524828765, 48.132478873427004], [11.457943964027255, 48.13246684564515], [11.458996211719446, 48.13226513588112], [11.460138818781598, 48.132045291277116], [11.4600021526918, 48.1317736579552], [11.45988516560338, 48.13155691928247], [11.459688569175464, 48.131221985844164], [11.459493131966797, 48.13093044380545], [11.459471177413588, 48.13089769913295], [11.459744931645174, 48.13080566175743], [11.460028580563776, 48.13072423625779], [11.460065182000495, 48.13071642501469], [11.4608865319547, 48.13054114939961], [11.461549248986868, 48.13040014556553], [11.46210616543664, 48.13029468805038], [11.462022360532194, 48.12999947602636], [11.462380792573015, 48.129934347493304], [11.463455411671708, 48.12991928274175], [11.463702610251126, 48.129926645338614], [11.463739755897382, 48.12984364843216], [11.463765470513255, 48.129712301837216], [11.46379287197403, 48.12948309136301], [11.463966737162817, 48.12940519047993], [11.464125255668158, 48.12935051727611], [11.46454225066528, 48.12923901020591], [11.464719579869739, 48.128898319005685], [11.464799044622985, 48.12870576147761], [11.464854530568092, 48.12855869438748], [11.464945612738797, 48.128301251129606], [11.464968940850897, 48.12822868553608], [11.46500062593489, 48.128231258296346], [11.465010745636707, 48.128231745655825], [11.465015130430315, 48.12823195388417], [11.465576916487146, 48.128273282449065], [11.465669097852727, 48.12828584426938], [11.465809041033426, 48.128305818011725], [11.465932336094376, 48.12832175802966], [11.466195666389051, 48.128357761889234], [11.466441437061741, 48.12839126558253], [11.466458730515006, 48.12839431793289], [11.46693143921572, 48.128477936041236], [11.467893349280661, 48.12867871611622], [11.46830204175455, 48.12876681278371], [11.468594039026549, 48.12882551584233], [11.468569157436765, 48.128913540652704], [11.46966931765531, 48.128858046727515], [11.469665207166477, 48.128944999824036], [11.470089204263086, 48.1289900723927], [11.470218958844633, 48.12900819035945], [11.47031395581658, 48.12902148061864], [11.470407042312907, 48.129033889605566], [11.470596433618569, 48.12905916630592], [11.470786896839488, 48.12908448172191], [11.470978572020737, 48.12910998130062], [11.471033166832395, 48.12911733051166], [11.47117161671776, 48.12913575522438], [11.47120731149567, 48.12914050117778], [11.471278419193805, 48.129150980785596], [11.471353550916243, 48.12916201801793], [11.47146032452475, 48.129177703823395], [11.471604093151985, 48.129198787622414], [11.471669404812225, 48.129208442430425], [11.47174744562691, 48.12922111110832], [11.471936111408292, 48.12925171086994], [11.472122764341782, 48.12928212149826], [11.472490443728336, 48.12934200030999], [11.472554004652286, 48.12935227536485], [11.472581359857683, 48.12935671452582], [11.47270543732099, 48.12937264393721], [11.472856773660363, 48.1293920399125], [11.472996211963787, 48.12940997055951], [11.473026140052145, 48.129413799950015], [11.472916197181226, 48.129499922075546], [11.473025207875404, 48.12956371587391], [11.47309784490863, 48.12960763088239], [11.473722898944406, 48.1299594098876], [11.47390803397549, 48.130063764383166], [11.47486390467797, 48.13024468956361], [11.475024704059184, 48.13027417598294], [11.47557783886535, 48.13037535571728], [11.476444164306068, 48.1305369725442], [11.476557906108564, 48.13055860845573], [11.476775545670764, 48.13060112223633], [11.47697689649612, 48.130641038260194], [11.477244634954072, 48.13069418602731], [11.477627676246854, 48.1307759869031], [11.477737433426977, 48.13080146781797], [11.477896161726704, 48.13083839746708], [11.477907109373543, 48.13081603097993], [11.478033476360858, 48.130547577255264], [11.478657875742867, 48.12931305459007], [11.47874413847665, 48.1293311323834], [11.48199099618548, 48.129975190399506], [11.482978201633323, 48.13011651087987], [11.4828766455549, 48.130517338192156], [11.482765628751295, 48.13114699200807], [11.482769259932326, 48.13165069846232], [11.482871163324173, 48.13215662305331], [11.483184618313585, 48.13304723931736], [11.483568463720154, 48.13388855389417], [11.484632357566488, 48.13597330168289], [11.485024817350466, 48.13663444100202], [11.485159368929539, 48.13683793077814], [11.48522972943052, 48.13694375149373], [11.485716782778562, 48.137779137385564], [11.486296686529682, 48.13863734561092], [11.486649659899955, 48.13904830730943], [11.487417093483817, 48.1397045810425], [11.487794122161745, 48.140117164304286], [11.488047304344963, 48.14046924939656], [11.488247667726567, 48.14084930980664], [11.488305754085959, 48.140971501626666], [11.488811847897953, 48.14204584516957], [11.48962202847692, 48.14423613702324], [11.489589501283538, 48.14424073179235], [11.489523072931382, 48.14425011754157], [11.489469371654794, 48.144258152178416], [11.489448613890165, 48.144433189780386], [11.489426684241492, 48.14461843747466], [11.489302122240698, 48.14463074306535], [11.488665872217519, 48.14468757624423], [11.488574487543097, 48.144695746640885], [11.48847258998085, 48.144704879840795], [11.4886180509017, 48.145416364590915], [11.488803870112527, 48.14602232033429], [11.488966123290783, 48.14654118031121], [11.489226249127729, 48.14737900669599], [11.488968569240024, 48.14749361855698], [11.488732193680791, 48.147616815626755], [11.488516365754007, 48.14773748495388], [11.488344200559675, 48.147837742029104], [11.48817588056708, 48.14794203927867], [11.487917905542474, 48.148109092972575], [11.487678704108726, 48.14827069349647], [11.487498029773588, 48.14839986737782], [11.487268240168826, 48.14857656410385], [11.48714501593481, 48.148687607123755], [11.48703410929716, 48.14878036057577], [11.486883835077844, 48.14891273176293], [11.48676623785668, 48.149013293287425], [11.486543327185544, 48.149190765486495], [11.485748545772577, 48.14987618063402], [11.485327411703999, 48.15024631738196], [11.485127511276103, 48.15043056458659], [11.484872728451482, 48.1506726447575], [11.484532023758216, 48.150999230917364], [11.48427586325245, 48.15124491707051], [11.484131885728985, 48.15140650212285], [11.483994877514505, 48.151576988139205], [11.48365726283751, 48.152017928896754], [11.483359144876811, 48.152420910244274], [11.48284513453978, 48.15316340571643], [11.48267694740619, 48.15343985791165], [11.482542026703914, 48.153693555141395], [11.482296127107796, 48.15422310724268], [11.48220572623027, 48.15441179878595], [11.48180055902682, 48.15545630079017], [11.481766768828459, 48.15545124068657], [11.481732724167744, 48.15555756162358], [11.481728480853869, 48.1555708135713], [11.481776884509182, 48.15556993790595], [11.48179691949897, 48.15557508463399], [11.481815126214364, 48.155585398740385], [11.481825865379113, 48.15559559794537], [11.481833262580055, 48.15560732430688], [11.481837612597484, 48.155622980184845], [11.481836502621293, 48.15564214082155], [11.481831726113926, 48.155660282934086], [11.481782636289111, 48.15580673097873], [11.48176516671785, 48.15586887782835], [11.481731590473867, 48.15596264471717], [11.481574888078445, 48.156359690995096], [11.481534566462637, 48.156470081319185], [11.481524075254146, 48.15650537891933], [11.481463158936782, 48.15674281761667], [11.481409853666658, 48.15694547529219], [11.481394280061012, 48.15701482529472], [11.481325909665612, 48.1573445441111], [11.481310615121236, 48.157412156881136], [11.481267488493772, 48.15760558234735], [11.481254346636405, 48.158308952682695], [11.481269270407589, 48.15848413267987], [11.481291859927087, 48.15874722083442], [11.481299686746176, 48.15887567706703], [11.481385377520773, 48.15931283163052], [11.48150221887508, 48.15974651757299], [11.481534929899624, 48.15983633750128], [11.481601392076596, 48.160019130202414], [11.481643506012281, 48.16013543551542], [11.48168719650876, 48.160255255507884], [11.481819559460213, 48.16052419243045], [11.481941747923225, 48.160772137473245], [11.482032307117128, 48.16095583274352], [11.48207373062125, 48.16102246844387], [11.482372857292264, 48.161505248099054], [11.48260754854821, 48.16182065572274], [11.482904800048995, 48.16217465850134], [11.482930574708236, 48.162205446342156], [11.483373405404555, 48.162662380594895], [11.483397517240304, 48.16268398597457], [11.48375821872391, 48.162565922646124], [11.484114778269662, 48.162499263415256], [11.484223072192513, 48.162478889885435], [11.484685719181327, 48.16240094580446], [11.484831547269158, 48.1623763496691], [11.48484851368849, 48.162373458776734], [11.48493399607972, 48.16236107861302], [11.48500130554354, 48.162351225795106], [11.485144214785455, 48.16233586661652], [11.485285619583038, 48.16232310779601], [11.485303108130196, 48.162321837751605], [11.485421276035456, 48.162313018664136], [11.48555812366624, 48.162305453591166], [11.485694483778637, 48.162300713433616], [11.485831615986694, 48.162298590979134], [11.485967767082645, 48.162300599813896], [11.486077559651868, 48.16230365131241], [11.48610188345025, 48.16230430812777], [11.486223757656242, 48.162308725732615], [11.486484412251722, 48.16233417268123], [11.486700660444493, 48.16236384922576], [11.486915466921836, 48.16239352148334], [11.487124081211618, 48.16243147136556], [11.487359537292116, 48.162487090036834], [11.487609738447254, 48.16255594240208], [11.487856429938116, 48.1626339382744], [11.488036195849496, 48.16269440395614], [11.488149844933302, 48.16274135958268], [11.488207148817986, 48.16276504157025], [11.488281792205134, 48.16280171246764], [11.488374355410437, 48.16284718736349], [11.488420587524528, 48.16287455615381], [11.488435278337963, 48.162870304960066], [11.488875187470482, 48.1627419815216], [11.488876939728053, 48.162741449575165], [11.488917127394345, 48.16279623153348], [11.488915238241885, 48.162796852825934], [11.489013098030771, 48.162933143020226], [11.489015254898073, 48.16293252312392], [11.489015520138157, 48.16293297356846], [11.489167211972058, 48.16314357938534], [11.489164786363057, 48.163144287887896], [11.48920990540189, 48.16320268440366], [11.48920747742464, 48.163203482937014], [11.48935188652305, 48.163403114163465], [11.489353909942787, 48.16340240447475], [11.489354173844847, 48.163402854947485], [11.489420341357338, 48.16349476847747], [11.48941818651627, 48.16349520838017], [11.489710595609882, 48.163901234264294], [11.489712617656682, 48.16390052369934], [11.489753827256218, 48.16396006737644], [11.489749358072254, 48.163963375573914], [11.489740505188578, 48.16397511799522], [11.489738828868465, 48.16398149601705], [11.489741172630179, 48.1639891509864], [11.489748083511962, 48.163997186557474], [11.489750623107952, 48.163998636857954], [11.48976121178701, 48.16400174197285], [11.48976980581974, 48.164002679543735], [11.489777339021929, 48.164002263433495], [11.489788263911525, 48.16399853548357], [11.489795282629533, 48.16399568850403], [11.490837281718735, 48.164591231185625], [11.49116668117614, 48.16477796711741], [11.491165055211146, 48.16477921888777], [11.491384296452813, 48.164904307021956], [11.491385921072599, 48.16490305527767], [11.491740718705532, 48.165105371008096], [11.49173196166015, 48.16517575414676], [11.491729678063917, 48.16517556433583], [11.491728372115082, 48.16518536163735], [11.491789370143945, 48.16518895947978], [11.491828602560469, 48.165191291928714], [11.491828201462786, 48.165205050256695], [11.491827505866702, 48.165235626571516], [11.491935271256057, 48.16526767157361], [11.492010103920048, 48.16528580576407], [11.491946130763731, 48.16535175043987], [11.491913976456903, 48.16538489871127], [11.491907589493918, 48.16539148512224], [11.49188538867309, 48.165416457069355], [11.491766537128749, 48.165550134795666], [11.491763056029757, 48.16554877064573], [11.49173734213633, 48.165645429116175], [11.49169770836114, 48.16605107000467], [11.4916927312103, 48.166108698561665], [11.491690469966086, 48.166135584617095], [11.491689656141913, 48.1661356661537], [11.491689647304678, 48.166136566131115], [11.49168621953337, 48.1661724357549], [11.49168576175165, 48.16617756006618], [11.491685679575017, 48.16617844543816], [11.491642313732136, 48.16661158279074], [11.4916467543784, 48.16661115265477], [11.491640566482145, 48.16667990722076], [11.491637605324994, 48.16668025307959], [11.491541783699258, 48.16763440438224], [11.491452276298137, 48.1676446173602], [11.491124396397176, 48.16768200745232], [11.49111538143123, 48.167683138717464], [11.490863158569455, 48.16771972692707], [11.490735019117768, 48.16773826679561], [11.490747981614513, 48.167746235881324], [11.491096381166129, 48.167959606713566], [11.490813413788235, 48.16816539309267], [11.491298486927887, 48.16846331298512], [11.490906613553467, 48.16881516780544], [11.490794693832568, 48.168914863086414], [11.490825442467049, 48.16893217860231], [11.490865826725118, 48.16895439326688], [11.490945795318432, 48.1689997171892], [11.49080272607341, 48.16934318917508], [11.490603237781151, 48.16981280762202], [11.490440647014038, 48.17052305252559], [11.490469384937546, 48.170982929609366], [11.49044366184477, 48.17152729030196], [11.490377648792535, 48.172108630024816], [11.490322791010366, 48.17224698152179], [11.490211097263098, 48.17252907292674], [11.490172249967808, 48.17256429127215], [11.489759828326257, 48.17250631056192], [11.48918387167753, 48.17242503131713], [11.488588763133425, 48.1723319242948], [11.488430997522357, 48.17233152308074], [11.488279747005754, 48.172477344008115], [11.487329584029009, 48.172458217310876], [11.486068045147043, 48.17242604691155], [11.485246469889988, 48.172411268998154], [11.484692183226171, 48.17237270429766], [11.484124956304997, 48.17226774811448], [11.483684742284547, 48.17213338801806], [11.482195803628333, 48.17109745635461], [11.481867183825809, 48.17085020885344], [11.48088242172963, 48.171579013924564], [11.48047608481261, 48.17183940381504], [11.479354008356543, 48.1724296521384], [11.47775796203506, 48.17348380723282], [11.477319348946097, 48.17382124020905], [11.474678239322083, 48.17574218367313], [11.47451687624216, 48.1757099983513], [11.474380660784808, 48.17575200266356], [11.473891202957871, 48.17588753436955], [11.473670023253293, 48.1759487251366], [11.473640755695536, 48.17595695039285], [11.473525844496843, 48.17598876020883], [11.473448537357314, 48.17601016140923], [11.473162727201434, 48.17608923120049], [11.47286701034926, 48.17617108689722], [11.472680642038613, 48.17622269595246], [11.472279147454737, 48.17641182514745], [11.471922796404348, 48.17657389957886], [11.466286761961607, 48.17524969707837], [11.465930832542751, 48.17516339752991], [11.465813201199385, 48.17513262863102], [11.465792662106956, 48.175086117915185], [11.465764540440494, 48.17502240323749], [11.465681396788897, 48.174853679826306], [11.465608584411678, 48.1747231607438], [11.46553342214157, 48.17460279030699], [11.465507715494121, 48.17456643921385], [11.464615850501174, 48.174457780868195], [11.464592869752625, 48.17445632224965], [11.464101056688614, 48.17442434297301], [11.464106339657125, 48.17451382731114], [11.463957121479016, 48.17452438169222], [11.463498485096984, 48.174664429421036], [11.46348095406374, 48.17466965427484], [11.46337478924069, 48.17469128057961], [11.46335821843646, 48.174694619575654], [11.46323892492897, 48.17472140408387], [11.463188495375586, 48.174797775545144], [11.462383333846885, 48.17467313854166], [11.461621552479357, 48.17457611469381], [11.46076045662415, 48.17449525513022], [11.460642123579106, 48.17448409593658], [11.460585809202087, 48.1744822158467], [11.460540548468568, 48.17448139917098], [11.460522825557584, 48.1747349289087], [11.46053304407716, 48.17490715152771], [11.460566599863315, 48.175020836552896]]]}, "geometry_name": "shape", "properties": {"sb_nummer": "21", "sb_name": "Pasing-Obermenzing", "flaeche_qm": 16497538.92504}}, {"type": "Feature", "id": "vablock_stadtbezirk.6", "geometry": {"type": "Polygon", "coordinates": [[[11.550510928763337, 48.143170466581545], [11.548483995110729, 48.143629200679065], [11.548425207454084, 48.143508757608146], [11.548538746919736, 48.1434217983453], [11.548575632305033, 48.14338525366792], [11.548617804719813, 48.143343513237454], [11.548534475032016, 48.142842416569536], [11.54856398536249, 48.142817614061], [11.54855571139975, 48.14276622690566], [11.548500661705544, 48.14242649154955], [11.548466015470387, 48.14221188488449], [11.548450588138126, 48.14211676992201], [11.548440381601898, 48.14211753354861], [11.548433901846138, 48.142077312595646], [11.548421829243974, 48.14200367504163], [11.548417713932976, 48.141978185228794], [11.548231027681673, 48.14084644702986], [11.548242143855946, 48.140844755348866], [11.548229086620987, 48.14078455822474], [11.548223287806419, 48.140781072401964], [11.54819381517223, 48.14076337226514], [11.548142192716682, 48.140446727605955], [11.548134261307386, 48.14041719778355], [11.548124155234706, 48.1403904470761], [11.548110013745791, 48.14036449042761], [11.548092110003966, 48.14033878999898], [11.548067627602617, 48.14031288458699], [11.548065608314353, 48.14031323621163], [11.54782940366563, 48.1401304892351], [11.547764807529072, 48.14008023163708], [11.547552824901445, 48.139915652624936], [11.547478504474006, 48.13985736033847], [11.547324633208405, 48.13973517973015], [11.547193807560726, 48.13960759928032], [11.547166120000266, 48.13957898349354], [11.547170298648924, 48.13957720011679], [11.547139297446906, 48.1395435352832], [11.547134995485186, 48.13954396810426], [11.547009665037702, 48.139407233460574], [11.546967081230683, 48.13939304140427], [11.546982895100303, 48.13926754479106], [11.547329162753202, 48.13921101895174], [11.548608776108207, 48.13901447824028], [11.549790264166651, 48.13885357383576], [11.549748304446688, 48.137680359139836], [11.549726766814608, 48.13713703338278], [11.549480187171856, 48.13657039538438], [11.548416510349554, 48.13575927849356], [11.548282706070088, 48.13569922378009], [11.548159468591107, 48.13562995454618], [11.548043134097458, 48.135555119786], [11.5479365268264, 48.13547431224952], [11.5478377116178, 48.13538903615477], [11.547750093246913, 48.13529839268792], [11.547653857877517, 48.1351798172259], [11.54757195255172, 48.135056711011764], [11.54750607501952, 48.134929265868294], [11.547433148854271, 48.13475603533701], [11.547368829097296, 48.134581398262625], [11.547344118380801, 48.134499594454226], [11.547315540724366, 48.13440500394702], [11.547284892014808, 48.13428355822201], [11.547272351418119, 48.13422702874557], [11.547217959928169, 48.13395969776736], [11.547188081641316, 48.13378088295408], [11.547169834134168, 48.133602054945136], [11.547163484396567, 48.13342217396127], [11.54716179366039, 48.13324221214797], [11.547155349400025, 48.13311905897144], [11.547138823419063, 48.133027347724244], [11.547102765407404, 48.13289519196784], [11.547046794903428, 48.13276547441099], [11.54697602178295, 48.1326390219998], [11.546885992796506, 48.1325181946368], [11.546782083162837, 48.13240279930897], [11.546662798961735, 48.132294235889844], [11.546530964633442, 48.132192457007974], [11.546433129450328, 48.132106651389485], [11.54635163630178, 48.13201377453038], [11.546288064826134, 48.13191475692538], [11.546240396945082, 48.13180833953964], [11.5462301209934, 48.13178687330273], [11.546193443547894, 48.13165261646688], [11.546187356949154, 48.13156516992367], [11.5462280027488, 48.13138506495735], [11.546294447351775, 48.131212025494456], [11.546366043614777, 48.131038281511614], [11.546391014424067, 48.13096565349065], [11.546397878204225, 48.130933472242596], [11.54643905439215, 48.13080084476775], [11.546618950721017, 48.13048599081252], [11.546358820025063, 48.13034135477031], [11.545569522254212, 48.129481861378636], [11.54550540061006, 48.129380073353666], [11.5454661009395, 48.12930023635263], [11.545333975791209, 48.129045557766176], [11.545290421703378, 48.12894177967411], [11.545260171464255, 48.12883580368458], [11.545114556217133, 48.128147077651505], [11.545066040326057, 48.127920457881125], [11.545047581869566, 48.127835213643586], [11.544997684617508, 48.127657386116894], [11.544994541477482, 48.127648289554536], [11.544981563455586, 48.12761172153183], [11.544828885918015, 48.127182602837486], [11.544803842627612, 48.12711226018503], [11.544768340972386, 48.12702325175485], [11.544726231234788, 48.12693745712004], [11.5446719031948, 48.126853427728186], [11.544610309220786, 48.12677110243303], [11.544599958245927, 48.126756946736975], [11.544606855121238, 48.1267537544327], [11.544592760211042, 48.126737758820205], [11.544586147727081, 48.12673909124599], [11.544554116785825, 48.12670084605741], [11.544527518302703, 48.12667089359019], [11.544503570338524, 48.12664526709755], [11.544482943763272, 48.12662427024636], [11.544465958827132, 48.126607095126424], [11.5444441039523, 48.126585284171334], [11.544420949257201, 48.12656265350048], [11.544397675833942, 48.126540584227754], [11.54437780199563, 48.12652230695822], [11.544353331491457, 48.12650035417457], [11.544332050407682, 48.126481612284294], [11.5443102668307, 48.12646276454786], [11.544292190636833, 48.12644716572195], [11.544270962591648, 48.126429251356264], [11.54425079201809, 48.12641266415399], [11.544225666855406, 48.126392718890294], [11.5441978279175, 48.126370945964965], [11.544211300743191, 48.126313196531264], [11.54430195389694, 48.126241260865214], [11.544365739174303, 48.12623010309576], [11.544459072690726, 48.12620503672286], [11.544443533319416, 48.12612285629333], [11.544715899700218, 48.12610177758923], [11.544881383052815, 48.1261013665336], [11.545393793347236, 48.12587906484633], [11.54549014679807, 48.12587160807259], [11.545494321313516, 48.125885744911656], [11.545573126887374, 48.125846359937285], [11.545662427466366, 48.12580175653416], [11.545747034914674, 48.125759711723035], [11.545817190885975, 48.1257266171042], [11.547217201962905, 48.125052503236155], [11.548496473083055, 48.12444144995703], [11.548506626017636, 48.1244481450011], [11.548663186749048, 48.124373938979566], [11.548820282103968, 48.12429837928245], [11.548837277453845, 48.124290532026045], [11.54889957396535, 48.12426424680379], [11.54903198895955, 48.12420063763112], [11.549139236504118, 48.12431404575596], [11.549854953821512, 48.12396963879807], [11.55026015454891, 48.123771561130305], [11.550741954536068, 48.12351996795956], [11.552560044532845, 48.1226110487365], [11.554056802959929, 48.12189104835891], [11.554246233557754, 48.12180198677502], [11.554971478516233, 48.12146108593971], [11.556467914502377, 48.12074152876472], [11.557053109018312, 48.12046007978913], [11.55829692558348, 48.11985433283271], [11.55935622546975, 48.11935499370634], [11.559410742753705, 48.119327772909365], [11.559480620133813, 48.11929428822497], [11.559565540076019, 48.119253613611946], [11.559630665557048, 48.1192222916699], [11.559653724025848, 48.11921131764166], [11.559655688861545, 48.11921318682037], [11.559923942146362, 48.11908589566453], [11.559926936133964, 48.1190845710159], [11.559905254798634, 48.11904585371705], [11.560712446894504, 48.11867247040739], [11.560772861454591, 48.118644752152164], [11.56083863094606, 48.11863411138647], [11.560845088240669, 48.118632875955015], [11.560851805344894, 48.11863281166467], [11.560858379031878, 48.11863391670861], [11.560864135869503, 48.1186361872067], [11.560868811169785, 48.11863935372297], [11.560872136924537, 48.118643323255725], [11.560987840007188, 48.11858825458781], [11.561352821548695, 48.11841429648342], [11.561396473580995, 48.11839342306278], [11.561385944516037, 48.11838384919138], [11.561385312664848, 48.11837916994128], [11.561386694609702, 48.118374587948104], [11.561389685816296, 48.118370372274896], [11.561394417053911, 48.118366882623384], [11.561400215870451, 48.1183642968535], [11.561408275955046, 48.11836405501282], [11.561416191282394, 48.11836525247604], [11.561423288923539, 48.1183677062955], [11.561429166995993, 48.11837141463662], [11.561433561220051, 48.11837592719643], [11.561699859635512, 48.118249167621755], [11.561720696541133, 48.11823925859435], [11.561957682045716, 48.118124362794624], [11.5619490275524, 48.11811551918468], [11.56194745124687, 48.11811146656834], [11.56194762045459, 48.118107331825264], [11.561949535975169, 48.11810329309744], [11.561953056672916, 48.11809988981214], [11.56195804898474, 48.118097300409005], [11.561963835584589, 48.11809579373956], [11.561970015889631, 48.11809536704215], [11.561976185326992, 48.11809628848276], [11.56198167329849, 48.11809828688522], [11.56199287917436, 48.11810695930468], [11.562514443375447, 48.117855919950536], [11.562575460761144, 48.117910725682435], [11.56265000726443, 48.117977680005104], [11.562659366473872, 48.117983022923895], [11.5626666238095, 48.11798242099127], [11.562669288469062, 48.117985039331494], [11.562739733917368, 48.117977574695715], [11.562748266878707, 48.11798543208127], [11.56302213810879, 48.118237234078364], [11.563624027273633, 48.11880742183349], [11.564090140933773, 48.11924397564451], [11.564200259463828, 48.119334517510445], [11.564443580211233, 48.119532812414434], [11.564542864664098, 48.119609698491566], [11.56468833703904, 48.11970944811276], [11.564827398177341, 48.1198033345777], [11.564976098686294, 48.11989491987118], [11.56503703688515, 48.119931037282115], [11.565288002680626, 48.12006919088556], [11.565976364470092, 48.1204462658151], [11.566444782080078, 48.120702042480794], [11.566724288146514, 48.12085130295975], [11.567454230809458, 48.12124070822533], [11.56786278296718, 48.12146023734354], [11.56803129168505, 48.121550933128994], [11.568194833947631, 48.12163561840196], [11.568336414224753, 48.12169353160456], [11.568393178270158, 48.121716678230065], [11.568549611320883, 48.121798240419366], [11.56869948965429, 48.121876385797094], [11.568761956193377, 48.12190890746193], [11.568765338250069, 48.121906042448664], [11.56877590531347, 48.12191156750967], [11.568772523301865, 48.12191443342201], [11.56883940045048, 48.121949700657034], [11.568904269501559, 48.12198390871712], [11.56890764928251, 48.12198113283051], [11.568918212394095, 48.12198665886666], [11.568914832613375, 48.12198943475358], [11.568945980677107, 48.1220060996471], [11.569040220839748, 48.12205644988868], [11.569102491457807, 48.12208972258319], [11.569277968837868, 48.122183441451504], [11.569326869308084, 48.1222158226847], [11.569486782059524, 48.12232218695209], [11.56959601250881, 48.122379526625565], [11.569730981649936, 48.12245022637777], [11.56986166154661, 48.122518639282006], [11.5710506035119, 48.12314131677876], [11.572209525421501, 48.12376869353536], [11.572355326269173, 48.123839642523805], [11.572506220101525, 48.123927141498974], [11.572546477881177, 48.12394904155351], [11.572791467429436, 48.12408894672895], [11.573012157886785, 48.124204878073726], [11.573807950540072, 48.124621959144825], [11.57383898562084, 48.12463853077081], [11.574629814772388, 48.12505603323346], [11.57465710179077, 48.12507007294758], [11.575217664995954, 48.12536708979034], [11.575249497836337, 48.12538430360106], [11.575281198064298, 48.125401337717626], [11.575313701627971, 48.12541809557089], [11.575345394177152, 48.12543502906472], [11.576461253512774, 48.12602546702872], [11.577239675949635, 48.126439200626415], [11.577419208193326, 48.12653760664777], [11.577605808438138, 48.12664168715302], [11.577610484156018, 48.126650785345085], [11.577602847246236, 48.12665893973663], [11.57761259597407, 48.12667935330297], [11.577602381287651, 48.126699667818926], [11.577612807010011, 48.12670608874142], [11.57771374594546, 48.12676847111637], [11.577817544503073, 48.12683153785245], [11.577828766407503, 48.12683850505866], [11.577821333539562, 48.126844050871775], [11.57782801682253, 48.12684785277998], [11.577846593343292, 48.1268587157001], [11.577847790083732, 48.1268600691289], [11.5780136508446, 48.126961691917884], [11.578178968924222, 48.1270496209386], [11.578324371210593, 48.127122212562234], [11.578435863164067, 48.12717441374542], [11.578570676908907, 48.12723281631688], [11.578631305803537, 48.12725984014268], [11.578698767382877, 48.1272868832916], [11.578759402942028, 48.127311113029954], [11.57884119104277, 48.12734342397102], [11.578885942172565, 48.127360096578975], [11.5788928707726, 48.12736267549161], [11.578956754681823, 48.12738700585015], [11.579022001779485, 48.127409812799726], [11.579162571037104, 48.1274559111842], [11.579414391721599, 48.12753649352878], [11.579647708106474, 48.12760888527141], [11.579978231038345, 48.12771099535014], [11.580169426359197, 48.127776428372805], [11.58028928262178, 48.12782326152972], [11.580355285238634, 48.12785229624459], [11.580488072785176, 48.127913607050395], [11.580498234706294, 48.12790357274706], [11.580592140789781, 48.12795276302144], [11.580581280805957, 48.12796675502929], [11.58062902630497, 48.12799120411575], [11.580634776690399, 48.12799419181041], [11.580731731998506, 48.1280448962027], [11.580804971305657, 48.12808320333003], [11.580830604854892, 48.128096607489056], [11.580836090036582, 48.12809950575438], [11.580856708329344, 48.12810839314508], [11.580878276162201, 48.12811611375321], [11.580887924183681, 48.128119206408954], [11.580892407526035, 48.128112925856286], [11.580946312153506, 48.128125347388185], [11.58098374197524, 48.128131504906875], [11.581031143304713, 48.12813383014591], [11.58120166411843, 48.12812832533626], [11.581267240892915, 48.12812622711324], [11.582192276590765, 48.128096301045304], [11.58229439614201, 48.128093527333206], [11.582395008805054, 48.128094071671676], [11.58249412659083, 48.128096860336356], [11.582594166015198, 48.1281024274616], [11.582694445899262, 48.12811150100208], [11.582792814640568, 48.12812389719357], [11.582892385423987, 48.128137748235346], [11.582990192036764, 48.12815428786953], [11.583085832098275, 48.128173425272585], [11.583181154709152, 48.128196439764906], [11.58327457792893, 48.12822116152414], [11.583366775473577, 48.12824821335782], [11.583456958770963, 48.128278566791835], [11.583545106075805, 48.12831152047803], [11.583629876535298, 48.128345906052935], [11.583712840951303, 48.12838345629027], [11.583794043464502, 48.12842306884879], [11.583872409029139, 48.128464560064124], [11.583949973477779, 48.128508457311966], [11.584024049799904, 48.128554219981964], [11.584094747462247, 48.128601860014754], [11.584162861569615, 48.12865192819918], [11.584226773202923, 48.12870414333687], [11.584254211503861, 48.128728065252], [11.584287585021318, 48.12875715072372], [11.585068802285383, 48.12945874610331], [11.585078803004325, 48.129467593672864], [11.585104044090624, 48.129491185124465], [11.585143053587576, 48.12952764240884], [11.585149586316536, 48.129533754362384], [11.585163316569075, 48.129546583265615], [11.585404466193951, 48.12976205999702], [11.585527493326365, 48.129869235033404], [11.585651292251015, 48.129975709617476], [11.585776426016464, 48.13008110665275], [11.58590357575383, 48.13018640957484], [11.58603103567715, 48.13029094684351], [11.58615988885942, 48.130394231574776], [11.586290315219914, 48.13049797202708], [11.586422070147682, 48.130600001592505], [11.586555096279652, 48.130700649984384], [11.586689608768973, 48.13080211235754], [11.586772928651932, 48.13086364728892], [11.586785074786484, 48.130856493882966], [11.586858923015551, 48.13090990095046], [11.586845553923116, 48.13091885001023], [11.58708263844488, 48.13109462574657], [11.587158470634051, 48.13115649731874], [11.587202340507277, 48.13119819462056], [11.587237374073355, 48.131235183456965], [11.587270258525542, 48.131271719506955], [11.587272004383, 48.131271636089316], [11.587285573172995, 48.1312880513703], [11.587315332737175, 48.13133033912052], [11.587342814984465, 48.13137307317479], [11.587368143829824, 48.13141633892346], [11.587358998235063, 48.131417833456254], [11.587369040018034, 48.13143999600389], [11.587424512594946, 48.131567625237906], [11.586530121462463, 48.13174156532776], [11.585724348727819, 48.131963312585576], [11.58525808522097, 48.13218490538714], [11.583536017492897, 48.13297545212397], [11.58335469353311, 48.1332127561446], [11.582837930504288, 48.133895928697925], [11.582760787431994, 48.133870431965455], [11.582239007967244, 48.13370249874892], [11.58216592098026, 48.13368828295958], [11.582097362134817, 48.13367979151098], [11.582024936639067, 48.13367680372108], [11.58195482967393, 48.133678340131794], [11.581885140695128, 48.133682822935874], [11.58154205042734, 48.133724549778144], [11.580928642828246, 48.13379870427288], [11.579977125416102, 48.13394100613981], [11.579892954840123, 48.13395103813997], [11.579812499529433, 48.133957207484556], [11.579717065019624, 48.13396102731568], [11.579631324197084, 48.1339608655049], [11.579512092926114, 48.13395317044859], [11.579425537119409, 48.13394404231948], [11.579320027520795, 48.13392701484867], [11.579176615825048, 48.133896871753905], [11.578353861660045, 48.13369798026867], [11.577623233809275, 48.13352231232819], [11.576982310220917, 48.13336757465949], [11.576354788293296, 48.13321765085536], [11.576290624339157, 48.133204980384676], [11.576226617145023, 48.133196434627685], [11.576142820104987, 48.13318940076198], [11.576047013799782, 48.133188642322295], [11.575941588682188, 48.13319465364302], [11.575849677262996, 48.13320607820883], [11.575039162233043, 48.133313820750956], [11.574965425824367, 48.13331846387576], [11.574899182888222, 48.133314100265075], [11.574837952348744, 48.133303340973384], [11.574783349143619, 48.13328711078882], [11.574737681483647, 48.13326678505474], [11.574682522144707, 48.13323269193774], [11.574295325426569, 48.1329520620299], [11.573807527075967, 48.132598919353434], [11.57366716223642, 48.13249930253811], [11.573599930571262, 48.13245627089933], [11.57351649645677, 48.1324072415984], [11.573449422079701, 48.13236966271198], [11.573082919771968, 48.132176495848704], [11.572976705866305, 48.13211815970156], [11.572442782826293, 48.13183514796014], [11.57211674052212, 48.13166469509271], [11.571818991629156, 48.13151293809796], [11.571519345004159, 48.13135652138797], [11.571233960610178, 48.131206816527936], [11.570925547916008, 48.13103671606014], [11.570845757395407, 48.130995305526575], [11.570762583305756, 48.130959023925385], [11.570689610671057, 48.130932878691176], [11.57060743572927, 48.13090769069753], [11.570552384448872, 48.13089344449153], [11.570482957153075, 48.13088087868597], [11.570416798413104, 48.13087398488916], [11.570342494492124, 48.13086965059422], [11.57026303536493, 48.130871200207565], [11.570188241366651, 48.130877481777176], [11.569877328456988, 48.130949021619564], [11.568446606190905, 48.1313558147556], [11.568294991321256, 48.131401630459884], [11.568188335474233, 48.131435988665324], [11.568121720249014, 48.13146235660875], [11.56806318956362, 48.13149038833488], [11.567979820288668, 48.131539830844254], [11.567942953547352, 48.13156661151734], [11.567898389435515, 48.131600865214736], [11.567824083919733, 48.13166583879791], [11.567532809542596, 48.131933473793495], [11.567368678545705, 48.13208498272058], [11.56712210946162, 48.13230900212271], [11.56708134421011, 48.132348944576854], [11.56705272218604, 48.132388109932144], [11.567032309784853, 48.13242982717683], [11.567308694863828, 48.13265045493845], [11.567093851506058, 48.13264903124185], [11.56665066772131, 48.13337504786006], [11.566158132201506, 48.134121346199166], [11.565150694745427, 48.13571580834606], [11.564863036479593, 48.13631484089949], [11.564832594608175, 48.13637822739223], [11.564982024854121, 48.13755841873566], [11.565018845241037, 48.13785082974014], [11.565239751580505, 48.13910370600431], [11.56566322979615, 48.13964449086957], [11.561438204209255, 48.1409679095335], [11.561125752540173, 48.14104904505996], [11.56073757748673, 48.141158269693584], [11.556842778589516, 48.14199674809533], [11.556162332600795, 48.14205003415296], [11.555771480899459, 48.14208245638119], [11.550510928763337, 48.143170466581545]]]}, "geometry_name": "shape", "properties": {"sb_nummer": "02", "sb_name": "Ludwigsvorstadt-Isarvorstadt", "flaeche_qm": 4401650.66894}}, {"type": "Feature", "id": "vablock_stadtbezirk.7", "geometry": {"type": "Polygon", "coordinates": [[[11.469590826366154, 48.204007933386464], [11.46952022872327, 48.204035265461656], [11.468150689663311, 48.20452231925999], [11.4681334015898, 48.20452845821583], [11.468065485921565, 48.20455258704765], [11.468007662006178, 48.2045731725831], [11.467745807396318, 48.204666278895694], [11.466137322724846, 48.20521092078168], [11.466053415727961, 48.20511786074093], [11.465845540142977, 48.204887369277486], [11.465674954326646, 48.20469833172329], [11.466395786132074, 48.20447690919047], [11.467122567070486, 48.20416050954877], [11.467567255853709, 48.20390604202039], [11.467620462716303, 48.20391150909043], [11.467860015611603, 48.203935874037604], [11.467902914002622, 48.2039402613116], [11.46807427629247, 48.20395770184333], [11.468238652461753, 48.20397303375221], [11.468511550900915, 48.20390129091219], [11.46957708109053, 48.20339025143703], [11.470341950561354, 48.20307761220007], [11.471457208513268, 48.20259395758803], [11.472614022782587, 48.202076150847], [11.47284354016208, 48.20188044446945], [11.47317479819922, 48.2015787508479], [11.473473874185993, 48.201288861346555], [11.473546818221562, 48.201215808861036], [11.473583232169082, 48.20117933603772], [11.473618497514613, 48.201144027052514], [11.473702238575553, 48.20106746051328], [11.475264880532219, 48.19963715824132], [11.476057098917805, 48.199160272403546], [11.477740369427016, 48.19826760004544], [11.4788895251117, 48.19781273219054], [11.47899071095984, 48.19777270511795], [11.479138896048564, 48.19771404521645], [11.480321103559136, 48.19727070470816], [11.481201905163527, 48.19706551544728], [11.481270843765994, 48.197049433089745], [11.481331438249889, 48.19703533046083], [11.481542418350259, 48.19698609420362], [11.48247190136298, 48.19676919026423], [11.483742918152275, 48.19647250586774], [11.484150473672987, 48.19637358238636], [11.4845510501181, 48.19626298614616], [11.484752729596627, 48.19620022611555], [11.484912217963196, 48.19615063417911], [11.484944094323106, 48.19614072108483], [11.485012665224618, 48.19611800673274], [11.485332540011132, 48.19608162432122], [11.485606696272948, 48.196056873630006], [11.485898169373757, 48.19601995686527], [11.48630755697368, 48.19594054819359], [11.487007785894168, 48.19577772512687], [11.48754516886981, 48.19563671446411], [11.488064560698358, 48.195463500790524], [11.488640091204504, 48.195244541249], [11.489099477787022, 48.1950353698315], [11.489624444803377, 48.19479627758617], [11.489400348847292, 48.19478470338977], [11.48939228434393, 48.194784274373596], [11.48926804452379, 48.19477765802212], [11.489579636403102, 48.19350989447031], [11.489585559198892, 48.19348257921266], [11.489843235975703, 48.19223572775881], [11.489833097428715, 48.1919595064704], [11.490212303238122, 48.18999288079489], [11.49027473946944, 48.18974446966799], [11.490279543127407, 48.18968009497393], [11.490307967589452, 48.1896617846274], [11.490421396952083, 48.18958872714625], [11.490462951472894, 48.1895620224005], [11.490364607521654, 48.18928522605987], [11.490360878263717, 48.18927472365294], [11.49035751148825, 48.18927505666954], [11.490329375613538, 48.189277831425876], [11.490148208416235, 48.18910066172194], [11.490110109691303, 48.18902260354007], [11.490095380396998, 48.18885226999926], [11.490123366445927, 48.18885112805303], [11.4899731656382, 48.188181285683925], [11.489915585108951, 48.18796550420855], [11.489866822284696, 48.18778283346326], [11.489879050681944, 48.18741644500618], [11.489900345204726, 48.18725602010138], [11.489912304499654, 48.187166232514066], [11.48995257882322, 48.1868619591512], [11.489909424825672, 48.18656908738982], [11.48990555109756, 48.18655207186797], [11.489881284651693, 48.186445477718664], [11.489857156147067, 48.18633942314271], [11.489856641719811, 48.186337082258724], [11.489852665683953, 48.186330948228274], [11.48983967871788, 48.18631110423705], [11.490113921591393, 48.18595940626027], [11.490117624588839, 48.18578071275841], [11.490112345100252, 48.18560821639641], [11.490104760957877, 48.18543661217926], [11.490100914080873, 48.185254111560944], [11.490102535898272, 48.18508972021468], [11.490104703995396, 48.18491094838614], [11.49009778803459, 48.18474551927842], [11.490082253974991, 48.18463455458328], [11.490063372572207, 48.18454183355836], [11.490062459964411, 48.184538772480536], [11.490027417034577, 48.18441971776309], [11.490024933888273, 48.1844121522178], [11.490023626391832, 48.18440818911772], [11.489992699571813, 48.18427342133929], [11.489977410586587, 48.18416570042995], [11.489980223751818, 48.184140708263314], [11.49000397806681, 48.184074540733114], [11.490036806067215, 48.18400767355553], [11.490022712327638, 48.18349865395787], [11.489934159813124, 48.18282105766582], [11.489846145217763, 48.18191714143084], [11.489831260721889, 48.18181779858679], [11.4898105329151, 48.18115469337535], [11.489791343472794, 48.179662189838254], [11.48956110350997, 48.17947653052127], [11.489365863707075, 48.17931908718695], [11.48932785884581, 48.17873043526394], [11.489299402778194, 48.178276394615615], [11.489173874432437, 48.17716572081308], [11.489031989309325, 48.17641941511831], [11.488739546372882, 48.17503942615515], [11.488839616648745, 48.175049631176755], [11.489445649246068, 48.17510053703441], [11.489399868480223, 48.174709095294894], [11.489372926839598, 48.174479538523585], [11.489346073280739, 48.17425007250869], [11.489345081406654, 48.17424170351085], [11.489854531253743, 48.17421546224264], [11.489957303891348, 48.1742101692123], [11.490456514345015, 48.17418370180537], [11.490544133110058, 48.17332823240127], [11.490558382926482, 48.173051008421545], [11.49055641456423, 48.1728179177601], [11.490552207632293, 48.172657946246716], [11.49012956287883, 48.17260024787802], [11.490172249967808, 48.17256429127215], [11.490211097263098, 48.17252907292674], [11.490322791010366, 48.17224698152179], [11.490377648792535, 48.172108630024816], [11.49044366184477, 48.17152729030196], [11.490469384937546, 48.170982929609366], [11.490440647014038, 48.17052305252559], [11.490603237781151, 48.16981280762202], [11.49080272607341, 48.16934318917508], [11.490945795318432, 48.1689997171892], [11.490865826725118, 48.16895439326688], [11.490825442467049, 48.16893217860231], [11.490794693832568, 48.168914863086414], [11.490906613553467, 48.16881516780544], [11.491298486927887, 48.16846331298512], [11.490813413788235, 48.16816539309267], [11.491096381166129, 48.167959606713566], [11.490747981614513, 48.167746235881324], [11.490735019117768, 48.16773826679561], [11.490863158569455, 48.16771972692707], [11.49111538143123, 48.167683138717464], [11.491124396397176, 48.16768200745232], [11.491452276298137, 48.1676446173602], [11.491541783699258, 48.16763440438224], [11.491637605324994, 48.16668025307959], [11.491640566482145, 48.16667990722076], [11.4916467543784, 48.16661115265477], [11.491642313732136, 48.16661158279074], [11.491685679575017, 48.16617844543816], [11.49168576175165, 48.16617756006618], [11.49168621953337, 48.1661724357549], [11.491689647304678, 48.166136566131115], [11.491689656141913, 48.1661356661537], [11.491690469966086, 48.166135584617095], [11.4916927312103, 48.166108698561665], [11.49169770836114, 48.16605107000467], [11.49173734213633, 48.165645429116175], [11.491763056029757, 48.16554877064573], [11.491766537128749, 48.165550134795666], [11.4917681429814, 48.165550771203854], [11.491774566761592, 48.165553407706646], [11.49177791300144, 48.16555468120372], [11.4918212801266, 48.165572134850215], [11.491892495124022, 48.16560067533114], [11.492109275872869, 48.165687657343966], [11.492452562769651, 48.1658154187011], [11.49249343331405, 48.165830611113314], [11.492736911728146, 48.16588823753336], [11.493064320651792, 48.165976248048196], [11.493241813189774, 48.166000502587444], [11.493616494849089, 48.16601420067854], [11.493714599415384, 48.1660140047441], [11.493812346672634, 48.1660084114685], [11.493908821682608, 48.16599625029846], [11.49400395156783, 48.16597906955115], [11.494096169054613, 48.16595647495869], [11.494185335528293, 48.165928825852724], [11.49509947078518, 48.16560041023243], [11.49518256140317, 48.16557172258911], [11.495266317469966, 48.16554366737696], [11.495351268322029, 48.16551678646478], [11.495437142841505, 48.165491978327154], [11.49552421784898, 48.16546879425381], [11.495612080317697, 48.16544714873719], [11.49570127178186, 48.16542694813017], [11.49579098465638, 48.1654084574163], [11.495880950936842, 48.165391586140096], [11.49588821929666, 48.16539080917051], [11.496929312883973, 48.16548668684981], [11.497164310963774, 48.16551178818822], [11.497109067842056, 48.16551930283469], [11.496529641471719, 48.16559744322689], [11.496418764943703, 48.16570537878188], [11.496783472420057, 48.16682579972264], [11.497198021465719, 48.166914646174], [11.497656026444734, 48.166852276654296], [11.498064496551649, 48.166796526053], [11.498356717805336, 48.166654423157226], [11.498731450860356, 48.167664166693974], [11.499124455397345, 48.1675879708821], [11.499394443102862, 48.167535617729236], [11.50002810643213, 48.16747647834954], [11.50031084390578, 48.16746660520563], [11.50047999613913, 48.16745050913499], [11.500822020064637, 48.16738191630146], [11.501051151601061, 48.167362934529955], [11.50120404607717, 48.167359289869374], [11.50120594565798, 48.16737806844013], [11.5014874776852, 48.167375308955755], [11.501921946170166, 48.167373886165755], [11.503274711389892, 48.167380614678564], [11.50387989286594, 48.16739262509953], [11.505266580542708, 48.167401210931054], [11.506234591712648, 48.16739561760147], [11.506741066967798, 48.167407822791716], [11.50823426628442, 48.16748439835323], [11.509102048705763, 48.16753152102136], [11.509737875333586, 48.167562675119484], [11.510217269890857, 48.16860243825627], [11.510734429008366, 48.16991443222795], [11.511853330790599, 48.16936808533364], [11.513042294904356, 48.16876746811569], [11.513751615937826, 48.16852262919733], [11.514173364066997, 48.168383113235], [11.514479814602133, 48.16828646590619], [11.514682098605936, 48.16821677558789], [11.514834786799652, 48.16815386090247], [11.514989869750499, 48.168095143278734], [11.515156855036565, 48.16803758201524], [11.515452795092694, 48.16793018208166], [11.515616750792518, 48.16788076837123], [11.515791130873202, 48.16783738145415], [11.515957326987568, 48.16780382822879], [11.516132516464324, 48.1677766318327], [11.516309940724446, 48.167757145983096], [11.51648890608792, 48.16774543175481], [11.516539914335853, 48.16774640276495], [11.516596386086935, 48.167748139454886], [11.516718056536925, 48.16775469228937], [11.516829442170527, 48.167764588088204], [11.51854234982662, 48.168063988052616], [11.519845166442186, 48.16828363061877], [11.52006467076784, 48.16831666150885], [11.520295298233327, 48.16834673598922], [11.520940607645876, 48.168422870361304], [11.5212064008519, 48.168454289407144], [11.521542224853981, 48.16849395497888], [11.521977879939481, 48.16855049174953], [11.522991984403783, 48.16864317536762], [11.52675914016466, 48.16883889026974], [11.526885951796984, 48.16884476408751], [11.527261783550848, 48.16912935050863], [11.530124639370039, 48.169282909910926], [11.53049829123447, 48.16931306830344], [11.531004689192383, 48.16937003255383], [11.531041662515968, 48.169248878451526], [11.531127228317903, 48.16896844750025], [11.531181514115143, 48.16882140108845], [11.531241408362586, 48.16868292572274], [11.53133346005784, 48.16844183798867], [11.531536926685877, 48.16807867977942], [11.531859947861632, 48.16753561351768], [11.532424197980557, 48.16739294246775], [11.533925363592774, 48.167746355556005], [11.53483688023993, 48.16803276418949], [11.534865526871252, 48.1680023040757], [11.534887049127306, 48.16797163674896], [11.53490548660997, 48.167940141298445], [11.535128260330113, 48.167511880011766], [11.535179163191822, 48.16741404914657], [11.535199693727131, 48.167374026943186], [11.535196741972936, 48.167373385751425], [11.53521781349845, 48.167333096965116], [11.535304582068056, 48.16735709593448], [11.535867457289966, 48.167511589034596], [11.535914429707477, 48.16752085919546], [11.535935917828594, 48.16752346301439], [11.536157007387999, 48.16759125719076], [11.536183413302133, 48.16759934457932], [11.536243889417415, 48.16761786503513], [11.536455190695627, 48.16768283076058], [11.536390598300992, 48.16774868002957], [11.537808291435855, 48.168129884863], [11.537856040937182, 48.16814267053641], [11.53807640230305, 48.168210810940536], [11.538119510552168, 48.16863374187387], [11.538286740440784, 48.16989702520365], [11.538385353546806, 48.1705017330461], [11.538477773968548, 48.17098303842218], [11.538512556473325, 48.17115682611486], [11.538603793216398, 48.17155392110352], [11.538738905412028, 48.17200974825517], [11.538898281794713, 48.172460829761064], [11.539168630954508, 48.17314451986518], [11.5394175573018, 48.173673248913616], [11.540082658185415, 48.17492544044882], [11.540274014728045, 48.17535831285276], [11.540418151934123, 48.17578352728397], [11.540515583594436, 48.17624445763942], [11.54054794535826, 48.17669645056532], [11.54054258493537, 48.176975231678334], [11.540513861729593, 48.177242966263584], [11.540471877356046, 48.17752887917624], [11.54040952729033, 48.17780987518507], [11.540107468567795, 48.17887518088995], [11.539992400207161, 48.17933286292882], [11.539914460131815, 48.17976765665495], [11.539877525659325, 48.18023677940353], [11.539892101438271, 48.18067019704926], [11.539929398139627, 48.18111146055928], [11.540009582571326, 48.18157095567195], [11.540104181265278, 48.18197365684346], [11.54023848079019, 48.18245177034523], [11.540717677105427, 48.1839533425259], [11.540894802748927, 48.1845631654546], [11.54102285774519, 48.18509568219594], [11.541126654118072, 48.185630265886275], [11.541223532430758, 48.1862367109999], [11.541242303052973, 48.186394969619876], [11.541262437769479, 48.18656472522968], [11.541521659383816, 48.18875048459091], [11.541543871545423, 48.188937761579474], [11.541411940833155, 48.1889209568155], [11.541280419591283, 48.18890151996468], [11.540363365428814, 48.1887762414393], [11.539985222334453, 48.188738668291435], [11.539835799324102, 48.18876902295621], [11.539781196048171, 48.1887689038057], [11.539586471347757, 48.188708547987666], [11.539557533002217, 48.188703307574094], [11.539448712952453, 48.1886836106547], [11.539411783011017, 48.18867681926229], [11.539287669451667, 48.18865438746529], [11.539223260564375, 48.1886442740043], [11.539021831753477, 48.18861274790141], [11.538893258390843, 48.18859525599395], [11.538777840790022, 48.188581212734725], [11.538628553107374, 48.1885633936691], [11.538465571320732, 48.18854263686015], [11.538363398688857, 48.18853030525175], [11.538229539733448, 48.188513621322095], [11.538002219904357, 48.18848678378003], [11.537856978519658, 48.18847050653589], [11.53770716129919, 48.18845470269605], [11.537582760787872, 48.18844228912124], [11.5374029345308, 48.188425627981324], [11.537314706218833, 48.188418347487406], [11.537070001185695, 48.18840165654631], [11.536869064493292, 48.18839040238873], [11.536698879765233, 48.18838286522713], [11.536564844798118, 48.18837843023732], [11.536430565278478, 48.188375664195156], [11.536234718505936, 48.18837415101212], [11.536029640509444, 48.18837453916631], [11.535693820817805, 48.18838298647019], [11.5354926787151, 48.188391444255366], [11.53535852854864, 48.18839825052882], [11.535224977125322, 48.188407101243605], [11.53509132308541, 48.18841695462929], [11.535024591787561, 48.18842247166083], [11.534941573469943, 48.1884295222483], [11.534741740866194, 48.188447834872505], [11.534675269797322, 48.188454236747255], [11.534608873537962, 48.18846133696661], [11.53454246247308, 48.188468437474086], [11.534497663838582, 48.18847342084081], [11.534212663368312, 48.18850641986317], [11.534207154311725, 48.188539039859975], [11.534204337207452, 48.188555227068065], [11.53408516458816, 48.18857294519341], [11.53391376494176, 48.18859763134343], [11.533798718647478, 48.18861463010935], [11.533632246566226, 48.188638965117555], [11.533573453783815, 48.18865146222876], [11.533499003926377, 48.1886670273392], [11.532669567365549, 48.18884350946531], [11.531109554115126, 48.18926596448782], [11.528906126527804, 48.189684952374655], [11.527880882094914, 48.18980218397514], [11.52781355021463, 48.18980987669931], [11.527457047305026, 48.18985060554128], [11.526821391094453, 48.19007379797012], [11.52619728176252, 48.190251319885306], [11.526064229972107, 48.190289147202144], [11.52409113193116, 48.190946113042926], [11.523345351586896, 48.19113314067068], [11.522544396437693, 48.191290598650525], [11.522283687585004, 48.19134188955854], [11.522059057726986, 48.191386030875684], [11.521294754795983, 48.191594628153574], [11.519768973931972, 48.19190533415802], [11.519038920308759, 48.19204166377266], [11.518675773454346, 48.19214494334525], [11.518234030520428, 48.19227694166871], [11.517702718273185, 48.19240649402683], [11.517227992604594, 48.19248303051118], [11.516353568361925, 48.19266632735979], [11.516114734125962, 48.19271719345701], [11.515998196071958, 48.19274626767971], [11.514741334451838, 48.19306762161346], [11.51379020899985, 48.19325034711797], [11.512014477117072, 48.193658135900655], [11.511950806821906, 48.1936727431387], [11.511769644952663, 48.19371432930095], [11.511173150204602, 48.19391181710624], [11.509683560992672, 48.19462825534346], [11.508911375199272, 48.195048585263095], [11.508166402244317, 48.19551942261463], [11.507854281453264, 48.19568388801089], [11.50645372353456, 48.19617502585197], [11.505575656124668, 48.19637565564125], [11.50401604574703, 48.196726672624905], [11.501783224854547, 48.19719242680075], [11.501483158671256, 48.19725481261464], [11.501197479746585, 48.197314591783424], [11.500384417520108, 48.19753592000438], [11.499698462987885, 48.19765845584778], [11.49907910496621, 48.19776957032603], [11.498617377585948, 48.19785237809469], [11.497877306576438, 48.198019533977956], [11.496996322437928, 48.19822330594487], [11.496787057308698, 48.19826905931657], [11.496701706422348, 48.198287192950794], [11.496588621254, 48.19831150243608], [11.496021302599809, 48.19843498244524], [11.494418915052044, 48.19881401157474], [11.494288690304986, 48.19882775944822], [11.493858788081248, 48.198873151369874], [11.493784657191242, 48.198881890302154], [11.493141735567034, 48.19901194757384], [11.493141406433283, 48.19901196011465], [11.492584485368873, 48.19903521099908], [11.492113816963904, 48.1989907765003], [11.492112755620665, 48.19899067715138], [11.49039993941854, 48.19886522348906], [11.49027097013173, 48.19885906341336], [11.489693785912001, 48.19883787097077], [11.489017136698092, 48.198857009084996], [11.488318694368768, 48.198918557604195], [11.487700588964659, 48.19901246951842], [11.48715228082351, 48.19913331375624], [11.486731124499391, 48.19925798707376], [11.48659904067815, 48.19929902891285], [11.486539466324516, 48.1993175472562], [11.485987655840672, 48.19935176869331], [11.484830730865408, 48.199552487807814], [11.483869383186292, 48.199768546451025], [11.483683572102246, 48.19979750255291], [11.48345779153417, 48.1998326958027], [11.483200460376219, 48.19990736546313], [11.482077962008246, 48.20017846729857], [11.481851455919186, 48.20023663365015], [11.481628008259364, 48.200314231737735], [11.479809192542017, 48.20091950393849], [11.478059659496461, 48.20152188423949], [11.475742160294711, 48.202316098761266], [11.475201637594033, 48.20247426652993], [11.475180315873208, 48.20248037918078], [11.47514900898772, 48.202489325294266], [11.474948225536052, 48.20254642980995], [11.474013091115724, 48.20280854648977], [11.473930083885186, 48.20284717441115], [11.473837016050378, 48.20287157112651], [11.473776573601274, 48.202889376266754], [11.473523293123769, 48.202941806776934], [11.472809391680617, 48.20312979015569], [11.472041191050653, 48.203339457724134], [11.471188534322648, 48.203505718220555], [11.470297054946307, 48.20375717126639], [11.469590826366154, 48.204007933386464]]]}, "geometry_name": "shape", "properties": {"sb_nummer": "10", "sb_name": "Moosach", "flaeche_qm": 11093673.13504}}, {"type": "Feature", "id": "vablock_stadtbezirk.8", "geometry": {"type": "Polygon", "coordinates": [[[11.484437562205953, 48.212782480006744], [11.484442568926488, 48.21279293785519], [11.484449149713136, 48.212807629320544], [11.484470328263718, 48.21282922586752], [11.484519433775468, 48.212857420370966], [11.483292485391935, 48.21397130869016], [11.481882266353788, 48.215261578613], [11.479479886647987, 48.21740569014214], [11.477054064582799, 48.21955374817085], [11.476961998123388, 48.21953178439512], [11.476831259268998, 48.21952766356677], [11.476537614854742, 48.219518598640065], [11.47386074460755, 48.21943550060342], [11.473027239194419, 48.21937073895277], [11.472321126057414, 48.219211046286574], [11.470919446303444, 48.218761977394145], [11.469748508787275, 48.21828685478667], [11.468002749209152, 48.21745661908731], [11.467700968360855, 48.21733087118207], [11.466449840470354, 48.216792796372964], [11.465181777032678, 48.21623059650217], [11.464311933383112, 48.21587177269035], [11.463458243210734, 48.215499236104144], [11.46299298233384, 48.215248175806224], [11.46268047571789, 48.21507164890682], [11.462234916604855, 48.214776396319415], [11.461867048584791, 48.21451635751102], [11.461792379441022, 48.21446365127947], [11.461759051415074, 48.214433718020594], [11.461593049206279, 48.21428482072135], [11.461548896932985, 48.214246037842145], [11.461438213020745, 48.21414586766275], [11.461366197011067, 48.214081538582015], [11.46130660078112, 48.21401611831677], [11.46121960365644, 48.2139207087258], [11.461105868017595, 48.213796005483466], [11.460952250081707, 48.21363977874572], [11.46060685801353, 48.21328830593322], [11.460514166563618, 48.213311695685285], [11.460414072285998, 48.21319739709318], [11.460436317226998, 48.213180506114895], [11.460365907791324, 48.213068809218626], [11.46033416474265, 48.212901456401404], [11.460500166346563, 48.2125721742263], [11.460522193820152, 48.21252469185338], [11.460530041265486, 48.212507818537524], [11.460563912488977, 48.21243449195804], [11.460637495367623, 48.21227614435192], [11.460635795904695, 48.2122716404694], [11.460590621317403, 48.21214635651073], [11.460496627670954, 48.21202666633658], [11.46033198400234, 48.21192013383628], [11.460269982347175, 48.211904995514764], [11.46020488668272, 48.211889651674824], [11.459820877654499, 48.21179795299351], [11.459476350844247, 48.21171592541007], [11.459139251393495, 48.21163565076052], [11.459061320190177, 48.21157464284649], [11.45895851109978, 48.21133459959965], [11.45892568544611, 48.21119460208532], [11.458884746120601, 48.21102020064395], [11.458854622213536, 48.210891939570644], [11.458773266952136, 48.210549482336866], [11.458757690028833, 48.21048402393454], [11.458667097681047, 48.21028951945535], [11.4584243323477, 48.20992916223141], [11.458380155817144, 48.20994559350793], [11.458370563513363, 48.209949145915964], [11.45829734053588, 48.209850410746576], [11.4582929618551, 48.209844544302115], [11.458249168444956, 48.20977463726826], [11.457899646499255, 48.20922527198529], [11.45781358283422, 48.209100661850705], [11.457720163385039, 48.20896540536244], [11.457659030354138, 48.208882195076555], [11.457598577986646, 48.208800067028086], [11.457491197448846, 48.20878814007179], [11.457457595170217, 48.20878375522091], [11.45736001930672, 48.20877043613219], [11.457189757381107, 48.2087473315209], [11.457073421149731, 48.20873149451052], [11.456340747743056, 48.20863180410308], [11.456254368454749, 48.208620064063545], [11.455224418701171, 48.20848005241116], [11.455165177614075, 48.20847196420161], [11.45471433659462, 48.208410682714], [11.454224034491554, 48.208343958300894], [11.453747829345836, 48.20827918469196], [11.45323689097332, 48.20820969896183], [11.452631847329888, 48.208127438223144], [11.452522182060115, 48.20811243406994], [11.451692833675757, 48.207999273483054], [11.450908855282846, 48.20789227617538], [11.450490998478086, 48.20783538168409], [11.450444521404581, 48.20782904152029], [11.450398581581897, 48.20782270427646], [11.449343685853194, 48.20767577761503], [11.448308182268338, 48.20753134964562], [11.447105760635756, 48.207363613625645], [11.446057130209768, 48.20721745376199], [11.445870685531382, 48.207191446708585], [11.44416387302414, 48.206953355845314], [11.444073185206745, 48.206940767042866], [11.443979476674668, 48.20684524249886], [11.443850132236705, 48.206713438325124], [11.443572652098188, 48.206430527663215], [11.443509014286896, 48.20636574923348], [11.441829184142223, 48.20630998449389], [11.440149437250325, 48.20625421861084], [11.438427673684847, 48.20619702992933], [11.438361148273314, 48.206166763299684], [11.438365175622074, 48.20600736968366], [11.438369855662533, 48.20582481815756], [11.432363766300444, 48.205755474360686], [11.432398356315371, 48.20547071693673], [11.432419436234923, 48.205239410580724], [11.432390959629886, 48.205235496551694], [11.432336239058069, 48.20522777237147], [11.432188527826753, 48.205206909390256], [11.432091561859265, 48.205193249136926], [11.432080417964627, 48.20508393636111], [11.432040033659662, 48.204857057795294], [11.432008511825751, 48.20473193357985], [11.431942939970792, 48.20449422752542], [11.43190508439908, 48.20430871927856], [11.43258166761058, 48.204269016961966], [11.433436033517614, 48.20421662514571], [11.434720035437701, 48.20414118255533], [11.437111194911326, 48.20400995486849], [11.438275332207887, 48.20396761266554], [11.439388352556174, 48.203926055988816], [11.44039072226574, 48.20389970285644], [11.442445286869203, 48.20386855945962], [11.442227354052227, 48.20381034433139], [11.441925676493133, 48.20371976570561], [11.441621935846955, 48.203617425055214], [11.441030422859562, 48.203391391408054], [11.440618880478223, 48.20321147591985], [11.440208995899578, 48.203012400791394], [11.439793573872786, 48.20278314539612], [11.439494745902138, 48.20260373418789], [11.439202199035924, 48.202410270209214], [11.43872943944515, 48.20206208636745], [11.438416539872057, 48.201795275159185], [11.438151565248281, 48.20154774960057], [11.437919684827412, 48.20130144855629], [11.437602035307208, 48.20092494690584], [11.43743747365835, 48.20070602392801], [11.437314722575733, 48.20051547364479], [11.437190675900199, 48.200306794105636], [11.437040200082413, 48.20004473066796], [11.436977902459624, 48.19990710842128], [11.436882083854869, 48.19969571173865], [11.436796616215226, 48.1994757257139], [11.43674406123998, 48.19931983097551], [11.43668510615693, 48.19910693697896], [11.436629443181362, 48.19884958621138], [11.436607151462521, 48.19869607554657], [11.436566422288571, 48.198363963144196], [11.43654871180731, 48.19810117540383], [11.436550797678064, 48.197920053643166], [11.43656151925918, 48.19773696178398], [11.436580904705131, 48.197493153647514], [11.436623719933005, 48.197178664162315], [11.436697506610779, 48.196814261275016], [11.436754078704814, 48.196559415941294], [11.43680298164227, 48.196356160021026], [11.436885290382014, 48.196040002255884], [11.436992208073532, 48.19563449007403], [11.437146869913875, 48.195050761851526], [11.437236809429276, 48.19467644130241], [11.4373315128299, 48.19424851789404], [11.437385611516026, 48.194016476389436], [11.437444321752414, 48.19373208959951], [11.437502939196879, 48.19336641697318], [11.437543018222584, 48.19309434293002], [11.437570947201463, 48.19289734589818], [11.437591470928993, 48.19271754146681], [11.43761176117251, 48.19255913420936], [11.437636793963476, 48.19216024784094], [11.437646336376176, 48.19184870136995], [11.437650921241747, 48.19161853705287], [11.437649324667875, 48.19138762029601], [11.437639597895204, 48.19114565129167], [11.4376304997612, 48.190940916172195], [11.437611478657402, 48.19070098709191], [11.437585305019368, 48.19037648390183], [11.437567622181465, 48.19019463500567], [11.437551797724806, 48.19007281769531], [11.43751817973582, 48.18988860842899], [11.43653489046281, 48.189694190761585], [11.435551752868836, 48.18954944365265], [11.434986110259358, 48.18948269982501], [11.43421865312588, 48.189422009016674], [11.433312900481045, 48.18928742087524], [11.432378588928058, 48.1891355498343], [11.430388358547654, 48.18876981551734], [11.430401212208245, 48.188743116225986], [11.43042186622677, 48.188700315951344], [11.43075280338806, 48.18801118205405], [11.430839140168185, 48.187781966995196], [11.430844772496691, 48.18766232486065], [11.430906619792658, 48.187551142543604], [11.431091116757782, 48.18709906806711], [11.43123933194108, 48.18679849013735], [11.431404263563609, 48.18646438339232], [11.43153382280764, 48.18608910972049], [11.431489938743583, 48.18606686557305], [11.431648518290467, 48.18600899985675], [11.432364994707218, 48.1857531110951], [11.433627295171716, 48.185302114123], [11.43379079561079, 48.1852433889692], [11.43493770619933, 48.18483126193331], [11.43513718954269, 48.18475962520852], [11.4352860548878, 48.18470613799267], [11.43531770382105, 48.18469412901547], [11.435593300007506, 48.18459564289041], [11.436016010164057, 48.18441793718149], [11.43650055875212, 48.18416798798056], [11.436585763715446, 48.18412345045197], [11.43753905713182, 48.18359104384745], [11.437491834608014, 48.18355646485675], [11.43747609443712, 48.18354487672314], [11.436852146277655, 48.18293477698736], [11.436548261306212, 48.182354706295556], [11.436510078385703, 48.181625377333056], [11.436499712191493, 48.18077010104884], [11.436482935778981, 48.18019252198881], [11.436574173104741, 48.179433543738384], [11.43693643062347, 48.17894256322167], [11.437123592973787, 48.17873735993883], [11.43760360495442, 48.17821081767513], [11.438265773522449, 48.17773704596153], [11.438302761506176, 48.177710781868825], [11.438416501633135, 48.177634449079314], [11.438452356657182, 48.177610395450195], [11.438487417525746, 48.17758687244038], [11.438589450360727, 48.17751839740813], [11.439888329099462, 48.17667661386417], [11.439898895243799, 48.176669561929764], [11.440841005750087, 48.17606026009726], [11.441659426759273, 48.17555454094249], [11.441678129764533, 48.17554159510094], [11.441856548469298, 48.17541822840815], [11.441888558193, 48.17539601268773], [11.442796675094648, 48.17565181046319], [11.443239513035387, 48.17570335369437], [11.443685366749683, 48.175708441967416], [11.444457768212251, 48.1756460804847], [11.44547038956651, 48.17545074895554], [11.44620943342849, 48.17522146188085], [11.446894010889737, 48.174931734667], [11.447513483870317, 48.1745786339792], [11.447901684344313, 48.17431033159168], [11.448522105831177, 48.17378522361731], [11.44862459142965, 48.173809278717755], [11.44872275560943, 48.17383091994568], [11.449871274185705, 48.17405019446981], [11.450637996418397, 48.17421150988761], [11.451401180656415, 48.174379858204475], [11.45177345324243, 48.174482018491545], [11.452138444650453, 48.17459160412525], [11.45266786008672, 48.174685876874875], [11.453284106812687, 48.17477626577614], [11.45426208392123, 48.17495873979436], [11.454309338229281, 48.174938955443885], [11.456755280891297, 48.175427313285134], [11.458787557601475, 48.17595001364337], [11.459422949831481, 48.17613764115279], [11.459560479180036, 48.176178363282034], [11.460186492538, 48.176363211795106], [11.460749112800013, 48.176526441530825], [11.460789889349188, 48.175996058934466], [11.460723155633836, 48.1755444624082], [11.460566599863315, 48.175020836552896], [11.46053304407716, 48.17490715152771], [11.460522825557584, 48.1747349289087], [11.460540548468568, 48.17448139917098], [11.460585809202087, 48.1744822158467], [11.460642123579106, 48.17448409593658], [11.46076045662415, 48.17449525513022], [11.461621552479357, 48.17457611469381], [11.462383333846885, 48.17467313854166], [11.463188495375586, 48.174797775545144], [11.46323892492897, 48.17472140408387], [11.46335821843646, 48.174694619575654], [11.46337478924069, 48.17469128057961], [11.46348095406374, 48.17466965427484], [11.463498485096984, 48.174664429421036], [11.463957121479016, 48.17452438169222], [11.464106339657125, 48.17451382731114], [11.464101056688614, 48.17442434297301], [11.464592869752625, 48.17445632224965], [11.464615850501174, 48.174457780868195], [11.465507715494121, 48.17456643921385], [11.46553342214157, 48.17460279030699], [11.465608584411678, 48.1747231607438], [11.465681396788897, 48.174853679826306], [11.465764540440494, 48.17502240323749], [11.465792662106956, 48.175086117915185], [11.465813201199385, 48.17513262863102], [11.465930832542751, 48.17516339752991], [11.466286761961607, 48.17524969707837], [11.471922796404348, 48.17657389957886], [11.472279147454737, 48.17641182514745], [11.472680642038613, 48.17622269595246], [11.47286701034926, 48.17617108689722], [11.473162727201434, 48.17608923120049], [11.473448537357314, 48.17601016140923], [11.473525844496843, 48.17598876020883], [11.473640755695536, 48.17595695039285], [11.473670023253293, 48.1759487251366], [11.473891202957871, 48.17588753436955], [11.474380660784808, 48.17575200266356], [11.47451687624216, 48.1757099983513], [11.474678239322083, 48.17574218367313], [11.477319348946097, 48.17382124020905], [11.47775796203506, 48.17348380723282], [11.479354008356543, 48.1724296521384], [11.48047608481261, 48.17183940381504], [11.48088242172963, 48.171579013924564], [11.481867183825809, 48.17085020885344], [11.482195803628333, 48.17109745635461], [11.483684742284547, 48.17213338801806], [11.484124956304997, 48.17226774811448], [11.484692183226171, 48.17237270429766], [11.485246469889988, 48.172411268998154], [11.486068045147043, 48.17242604691155], [11.487329584029009, 48.172458217310876], [11.488279747005754, 48.172477344008115], [11.488430997522357, 48.17233152308074], [11.488588763133425, 48.1723319242948], [11.48918387167753, 48.17242503131713], [11.489759828326257, 48.17250631056192], [11.490172249967808, 48.17256429127215], [11.49012956287883, 48.17260024787802], [11.490552207632293, 48.172657946246716], [11.49055641456423, 48.1728179177601], [11.490558382926482, 48.173051008421545], [11.490544133110058, 48.17332823240127], [11.490456514345015, 48.17418370180537], [11.489957303891348, 48.1742101692123], [11.489854531253743, 48.17421546224264], [11.489345081406654, 48.17424170351085], [11.489346073280739, 48.17425007250869], [11.489372926839598, 48.174479538523585], [11.489399868480223, 48.174709095294894], [11.489445649246068, 48.17510053703441], [11.488839616648745, 48.175049631176755], [11.488739546372882, 48.17503942615515], [11.489031989309325, 48.17641941511831], [11.489173874432437, 48.17716572081308], [11.489299402778194, 48.178276394615615], [11.48932785884581, 48.17873043526394], [11.489365863707075, 48.17931908718695], [11.48956110350997, 48.17947653052127], [11.489791343472794, 48.179662189838254], [11.4898105329151, 48.18115469337535], [11.489831260721889, 48.18181779858679], [11.489846145217763, 48.18191714143084], [11.489934159813124, 48.18282105766582], [11.490022712327638, 48.18349865395787], [11.490036806067215, 48.18400767355553], [11.49000397806681, 48.184074540733114], [11.489980223751818, 48.184140708263314], [11.489977410586587, 48.18416570042995], [11.489992699571813, 48.18427342133929], [11.490023626391832, 48.18440818911772], [11.490024933888273, 48.1844121522178], [11.490027417034577, 48.18441971776309], [11.490062459964411, 48.184538772480536], [11.490063372572207, 48.18454183355836], [11.490082253974991, 48.18463455458328], [11.49009778803459, 48.18474551927842], [11.490104703995396, 48.18491094838614], [11.490102535898272, 48.18508972021468], [11.490100914080873, 48.185254111560944], [11.490104760957877, 48.18543661217926], [11.490112345100252, 48.18560821639641], [11.490117624588839, 48.18578071275841], [11.490113921591393, 48.18595940626027], [11.48983967871788, 48.18631110423705], [11.489852665683953, 48.186330948228274], [11.489856641719811, 48.186337082258724], [11.489857156147067, 48.18633942314271], [11.489881284651693, 48.186445477718664], [11.48990555109756, 48.18655207186797], [11.489909424825672, 48.18656908738982], [11.48995257882322, 48.1868619591512], [11.489912304499654, 48.187166232514066], [11.489900345204726, 48.18725602010138], [11.489879050681944, 48.18741644500618], [11.489866822284696, 48.18778283346326], [11.489915585108951, 48.18796550420855], [11.4899731656382, 48.188181285683925], [11.490123366445927, 48.18885112805303], [11.490095380396998, 48.18885226999926], [11.490110109691303, 48.18902260354007], [11.490148208416235, 48.18910066172194], [11.490329375613538, 48.189277831425876], [11.49035751148825, 48.18927505666954], [11.490360878263717, 48.18927472365294], [11.490364607521654, 48.18928522605987], [11.490462951472894, 48.1895620224005], [11.490421396952083, 48.18958872714625], [11.490307967589452, 48.1896617846274], [11.490279543127407, 48.18968009497393], [11.49027473946944, 48.18974446966799], [11.490212303238122, 48.18999288079489], [11.489833097428715, 48.1919595064704], [11.489843235975703, 48.19223572775881], [11.489585559198892, 48.19348257921266], [11.489579636403102, 48.19350989447031], [11.48926804452379, 48.19477765802212], [11.48939228434393, 48.194784274373596], [11.489400348847292, 48.19478470338977], [11.489624444803377, 48.19479627758617], [11.489099477787022, 48.1950353698315], [11.488640091204504, 48.195244541249], [11.488064560698358, 48.195463500790524], [11.48754516886981, 48.19563671446411], [11.487007785894168, 48.19577772512687], [11.48630755697368, 48.19594054819359], [11.485898169373757, 48.19601995686527], [11.485606696272948, 48.196056873630006], [11.485332540011132, 48.19608162432122], [11.485012665224618, 48.19611800673274], [11.484944094323106, 48.19614072108483], [11.484912217963196, 48.19615063417911], [11.484752729596627, 48.19620022611555], [11.4845510501181, 48.19626298614616], [11.484150473672987, 48.19637358238636], [11.483742918152275, 48.19647250586774], [11.48247190136298, 48.19676919026423], [11.481542418350259, 48.19698609420362], [11.481331438249889, 48.19703533046083], [11.481270843765994, 48.197049433089745], [11.481201905163527, 48.19706551544728], [11.480321103559136, 48.19727070470816], [11.479138896048564, 48.19771404521645], [11.47899071095984, 48.19777270511795], [11.4788895251117, 48.19781273219054], [11.477740369427016, 48.19826760004544], [11.476057098917805, 48.199160272403546], [11.475264880532219, 48.19963715824132], [11.473702238575553, 48.20106746051328], [11.473618497514613, 48.201144027052514], [11.473583232169082, 48.20117933603772], [11.473546818221562, 48.201215808861036], [11.473473874185993, 48.201288861346555], [11.47317479819922, 48.2015787508479], [11.47284354016208, 48.20188044446945], [11.472614022782587, 48.202076150847], [11.471457208513268, 48.20259395758803], [11.470341950561354, 48.20307761220007], [11.46957708109053, 48.20339025143703], [11.468511550900915, 48.20390129091219], [11.468238652461753, 48.20397303375221], [11.46807427629247, 48.20395770184333], [11.467902914002622, 48.2039402613116], [11.467860015611603, 48.203935874037604], [11.467620462716303, 48.20391150909043], [11.467567255853709, 48.20390604202039], [11.467122567070486, 48.20416050954877], [11.466395786132074, 48.20447690919047], [11.465674954326646, 48.20469833172329], [11.465845540142977, 48.204887369277486], [11.466053415727961, 48.20511786074093], [11.466137322724846, 48.20521092078168], [11.467745807396318, 48.204666278895694], [11.468007662006178, 48.2045731725831], [11.468065485921565, 48.20455258704765], [11.4681334015898, 48.20452845821583], [11.468150689663311, 48.20452231925999], [11.46952022872327, 48.204035265461656], [11.469590826366154, 48.204007933386464], [11.470297054946307, 48.20375717126639], [11.471188534322648, 48.203505718220555], [11.472041191050653, 48.203339457724134], [11.472809391680617, 48.20312979015569], [11.473523293123769, 48.202941806776934], [11.473776573601274, 48.202889376266754], [11.473837016050378, 48.20287157112651], [11.473930083885186, 48.20284717441115], [11.474013091115724, 48.20280854648977], [11.474948225536052, 48.20254642980995], [11.47514900898772, 48.202489325294266], [11.475180315873208, 48.20248037918078], [11.475201637594033, 48.20247426652993], [11.475742160294711, 48.202316098761266], [11.478059659496461, 48.20152188423949], [11.479809192542017, 48.20091950393849], [11.481628008259364, 48.200314231737735], [11.481631823815404, 48.20092663085118], [11.481635707856281, 48.20156455610323], [11.48165683026093, 48.201590907931454], [11.481950855020948, 48.20195853792654], [11.48272191530931, 48.20275112343055], [11.482868015530874, 48.20288403739997], [11.482709065066855, 48.20482838182003], [11.482563935160186, 48.206565849054186], [11.482556250142768, 48.20665995841957], [11.482407150778313, 48.208429469097716], [11.482391717447, 48.208612945480375], [11.482373987708298, 48.20882167429546], [11.482373051365398, 48.20883273751981], [11.482365759098862, 48.208918861808016], [11.482336978165723, 48.20925833338854], [11.48231475683536, 48.20952008334174], [11.482304611407192, 48.20963879538547], [11.482304603257061, 48.20963884954831], [11.482295717778092, 48.209743391635385], [11.482293433174638, 48.20977027961377], [11.482284051177952, 48.20988067289293], [11.482347087689506, 48.209886699112296], [11.482711467335578, 48.20992185996174], [11.483280333646878, 48.21013087180646], [11.48396218017795, 48.210381299059506], [11.48425350772413, 48.210459811965656], [11.484510306292684, 48.210531313779576], [11.48450834367246, 48.210552620707446], [11.484564805587219, 48.21055818322678], [11.484663015529486, 48.21056051880054], [11.484658299453026, 48.210616438607076], [11.484642782558016, 48.210799030791634], [11.484622655280068, 48.211024683536074], [11.48461707721152, 48.21105748504819], [11.484577046087413, 48.21151811637885], [11.484574313685966, 48.21154957956448], [11.484549741173927, 48.211753409767915], [11.484475359130618, 48.212367685095224], [11.484437995052593, 48.21268606920123], [11.484434311547435, 48.212717799482604], [11.48443229179715, 48.21277130263766], [11.484437562205953, 48.212782480006744]]]}, "geometry_name": "shape", "properties": {"sb_nummer": "23", "sb_name": "Allach-Untermenzing", "flaeche_qm": 15451185.15409}}, {"type": "Feature", "id": "vablock_stadtbezirk.9", "geometry": {"type": "Polygon", "coordinates": [[[11.52587042211563, 48.24033698012855], [11.525518558505675, 48.24081497082087], [11.525468530353049, 48.24100884794444], [11.525389375046457, 48.241316701301585], [11.525278775353293, 48.24132742336071], [11.525138836457447, 48.24134096120687], [11.52506792834252, 48.241362340604034], [11.524992931031878, 48.24139053835639], [11.524951754192644, 48.24140598807316], [11.524936994309426, 48.24141152571175], [11.524838957283203, 48.24144830512715], [11.52477560436434, 48.24147206651078], [11.52474506418862, 48.241483703127535], [11.524073085544668, 48.24173555532378], [11.52398676504021, 48.241767930464675], [11.523945522917046, 48.241784364708785], [11.523535141108672, 48.241947888630285], [11.522907862831776, 48.242196984206984], [11.520436153967985, 48.24315226889392], [11.520134403021247, 48.24325872098736], [11.520049189957286, 48.24328876181939], [11.519744131461948, 48.243396386741516], [11.519706390914896, 48.243409706814596], [11.518937241022208, 48.24368108261546], [11.51892089427836, 48.243686591273246], [11.518871048621744, 48.243704189427476], [11.518336297148672, 48.24388235894519], [11.518336087807558, 48.24388243011652], [11.51832978024115, 48.243884529864474], [11.518263729703808, 48.243907464056136], [11.518152816424436, 48.24394600721686], [11.517397979733483, 48.24420825552945], [11.516642420630783, 48.24444891729254], [11.516343671648041, 48.244545869317555], [11.516215779956799, 48.24458732965144], [11.516142054163334, 48.2446113259537], [11.516018874621926, 48.24465117396137], [11.515556454985052, 48.244802691480366], [11.515549701775127, 48.244804910602724], [11.515189682770467, 48.244922813293975], [11.51491441376125, 48.24504099436181], [11.514738786958379, 48.24511643498141], [11.513922312459277, 48.24546488419238], [11.513494935223006, 48.245646868777584], [11.51325336979664, 48.245735585024555], [11.513113866245648, 48.24577081383715], [11.51235849331861, 48.24593524546094], [11.512007588652624, 48.24600374350536], [11.51190808366509, 48.24602316196889], [11.51120119028271, 48.24616110570764], [11.511173781683773, 48.246166497775384], [11.510201548028398, 48.2463579027141], [11.510134342665088, 48.24637111823092], [11.509095320747818, 48.24657366593407], [11.508578149508521, 48.24668914662837], [11.507765322702003, 48.24687990495655], [11.507639567286093, 48.2469193034433], [11.507017421517048, 48.24712576053654], [11.506374565551369, 48.24728695909111], [11.506192230769935, 48.24732772137519], [11.50603690517912, 48.24735134836962], [11.505487309892379, 48.247420726583265], [11.504464576976309, 48.24755897940108], [11.503932303217736, 48.2476179851232], [11.503230132656839, 48.2477067541381], [11.501413593420237, 48.24809026747573], [11.50119872963338, 48.24811548440847], [11.500998217683705, 48.24811837376852], [11.500056894940373, 48.24810218457464], [11.499983115809599, 48.24810086809359], [11.499842403545745, 48.24809842077958], [11.499820953782951, 48.24779086440595], [11.499834886403013, 48.2476350872359], [11.499882016181129, 48.24752412734853], [11.499927089622554, 48.24745713833755], [11.499911384737237, 48.247452393556465], [11.499829330999596, 48.24744610577252], [11.499678112803915, 48.247434571427284], [11.498743832900015, 48.247365958438884], [11.498378145910612, 48.247339133127305], [11.497752633175832, 48.24722156774668], [11.49703367979294, 48.24706332515854], [11.495242805358913, 48.24664667302827], [11.495000915970268, 48.24659381221236], [11.494672890846276, 48.24652699287924], [11.494050838011896, 48.24640600671323], [11.493269474649654, 48.24625398631098], [11.49156382840798, 48.24592064643162], [11.491168457165882, 48.245832692921844], [11.491055309157577, 48.24579846369], [11.490979481956776, 48.24577366390314], [11.490908943894466, 48.24570328916065], [11.490844474315717, 48.24564499369053], [11.490785426107447, 48.24556954432601], [11.490753495386137, 48.24550257960337], [11.490698585996704, 48.245430655783736], [11.490687310592648, 48.24538581691777], [11.490699536179362, 48.245333977702515], [11.49066040966363, 48.245176953821684], [11.490640247930276, 48.24467917066933], [11.490628921512862, 48.24439508255783], [11.490620082016514, 48.244177934231516], [11.490618914113695, 48.24402872184907], [11.49060667343286, 48.24402758799931], [11.490602797168696, 48.243867211411406], [11.490589976369112, 48.243600072337706], [11.490590643358122, 48.24353233176065], [11.490599650951484, 48.243465276895634], [11.490609171861427, 48.24341441856473], [11.49062441635678, 48.24335657179079], [11.490641776108804, 48.243302782145605], [11.490672317285114, 48.24323691433768], [11.49072695578044, 48.24313516662754], [11.49079182414541, 48.24303354266687], [11.491510919322737, 48.24200927339558], [11.491536776159903, 48.24194076618413], [11.491569603798242, 48.241889197269636], [11.49157921184156, 48.24184409281955], [11.491579459820514, 48.241805065954914], [11.491575220778428, 48.24175666713602], [11.491564381701963, 48.24170869035102], [11.491545937401721, 48.24166733795459], [11.491519478460312, 48.241619388512746], [11.491483944986642, 48.24157707046259], [11.49141814796478, 48.24152041108143], [11.49111540064518, 48.2413060966147], [11.491008843903538, 48.24122971662485], [11.490947638681158, 48.24116909739753], [11.490907217620869, 48.241117293504104], [11.490876939455088, 48.24106085813428], [11.49086323068526, 48.24100350753422], [11.490864082556575, 48.24094415333356], [11.490878886338145, 48.24088989716303], [11.490905745250114, 48.24082823005538], [11.490958638621647, 48.240747791623164], [11.491064250180154, 48.2406323661724], [11.491757989596515, 48.23990682587132], [11.491908443215697, 48.23974821423889], [11.491920548895635, 48.239735586994975], [11.491840615298715, 48.23942872767057], [11.491810050102986, 48.23942922221023], [11.491654645404399, 48.238830181793446], [11.491505259913543, 48.23820535889426], [11.490811470056656, 48.23798203349568], [11.490322436834735, 48.23797705581647], [11.489640516728441, 48.23797041571922], [11.489572949551276, 48.237969124482035], [11.489536751061811, 48.237967704272656], [11.489761781356679, 48.23731752801782], [11.48986769740838, 48.236869158083465], [11.489936751363018, 48.236569076350136], [11.490132034264139, 48.235738385428384], [11.490210308444384, 48.23544517950773], [11.490177381002743, 48.23530976584647], [11.49003639784657, 48.23481547024265], [11.489975903014038, 48.23473911328601], [11.489673315149952, 48.23454569877058], [11.489403063007288, 48.23435115464973], [11.489126242865607, 48.23403480631337], [11.488637979674081, 48.23348479750115], [11.488520291453556, 48.233307813786894], [11.488489930727217, 48.233259652093416], [11.488236198858289, 48.232879996274804], [11.487911461788348, 48.23240139826954], [11.487766235079611, 48.23219182264198], [11.487748055362587, 48.232083174956514], [11.487891916462097, 48.231286543303135], [11.487974960938029, 48.23089335480095], [11.488313606647013, 48.229964262252786], [11.488424059994864, 48.22971716149232], [11.488561987337002, 48.22933773189593], [11.488420173273028, 48.22880455824176], [11.488373194837424, 48.228457211444635], [11.488339733677618, 48.22812358322955], [11.488153434363916, 48.226841995394736], [11.488068183798509, 48.22625297082363], [11.488081585052047, 48.226218732927826], [11.488124036628374, 48.22611119723497], [11.488280344051233, 48.225711059966414], [11.488381465107816, 48.22546328566569], [11.488505907959262, 48.225180671557396], [11.488527164135446, 48.225128240934815], [11.488605535145071, 48.2249278204448], [11.488779161146004, 48.224506963329226], [11.488980739875156, 48.22400410919492], [11.488887654223104, 48.223464629121175], [11.488942367831076, 48.22345555382713], [11.49109526788612, 48.22309421204076], [11.489584663819777, 48.22275583273363], [11.488825831056948, 48.22258520589838], [11.488529868273996, 48.22251867466617], [11.48826725196964, 48.222459575243704], [11.488077613772736, 48.222416993149125], [11.487885704267425, 48.22237377069037], [11.48770485346231, 48.222333122094525], [11.487499167108576, 48.22228689777742], [11.487438059695505, 48.22227313676509], [11.485565098145557, 48.22185253198011], [11.485564695169481, 48.22185244082181], [11.484261388592389, 48.22155475626167], [11.481004338494326, 48.220810600301206], [11.477421787297256, 48.21999653519423], [11.477440258351514, 48.21988831566979], [11.477451683227502, 48.219821114172206], [11.477467121294007, 48.219730365336915], [11.477279632507381, 48.21963535115717], [11.477258342433455, 48.21962455034389], [11.477146745012018, 48.219574873540445], [11.477054064582799, 48.21955374817085], [11.479479886647987, 48.21740569014214], [11.481882266353788, 48.215261578613], [11.483292485391935, 48.21397130869016], [11.484519433775468, 48.212857420370966], [11.484470328263718, 48.21282922586752], [11.484449149713136, 48.212807629320544], [11.484442568926488, 48.21279293785519], [11.484437562205953, 48.212782480006744], [11.48443229179715, 48.21277130263766], [11.484434311547435, 48.212717799482604], [11.484437995052593, 48.21268606920123], [11.484475359130618, 48.212367685095224], [11.484549741173927, 48.211753409767915], [11.484574313685966, 48.21154957956448], [11.484577046087413, 48.21151811637885], [11.48461707721152, 48.21105748504819], [11.484622655280068, 48.211024683536074], [11.484642782558016, 48.210799030791634], [11.484658299453026, 48.210616438607076], [11.484663015529486, 48.21056051880054], [11.484564805587219, 48.21055818322678], [11.48450834367246, 48.210552620707446], [11.484510306292684, 48.210531313779576], [11.48425350772413, 48.210459811965656], [11.48396218017795, 48.210381299059506], [11.483280333646878, 48.21013087180646], [11.482711467335578, 48.20992185996174], [11.482347087689506, 48.209886699112296], [11.482284051177952, 48.20988067289293], [11.482293433174638, 48.20977027961377], [11.482295717778092, 48.209743391635385], [11.482304603257061, 48.20963884954831], [11.482304611407192, 48.20963879538547], [11.48231475683536, 48.20952008334174], [11.482336978165723, 48.20925833338854], [11.482365759098862, 48.208918861808016], [11.482373051365398, 48.20883273751981], [11.482373987708298, 48.20882167429546], [11.482391717447, 48.208612945480375], [11.482407150778313, 48.208429469097716], [11.482556250142768, 48.20665995841957], [11.482563935160186, 48.206565849054186], [11.482709065066855, 48.20482838182003], [11.482868015530874, 48.20288403739997], [11.48272191530931, 48.20275112343055], [11.481950855020948, 48.20195853792654], [11.48165683026093, 48.201590907931454], [11.481635707856281, 48.20156455610323], [11.481631823815404, 48.20092663085118], [11.481628008259364, 48.200314231737735], [11.481851455919186, 48.20023663365015], [11.482077962008246, 48.20017846729857], [11.483200460376219, 48.19990736546313], [11.48345779153417, 48.1998326958027], [11.483683572102246, 48.19979750255291], [11.483869383186292, 48.199768546451025], [11.484830730865408, 48.199552487807814], [11.485987655840672, 48.19935176869331], [11.486539466324516, 48.1993175472562], [11.48659904067815, 48.19929902891285], [11.486731124499391, 48.19925798707376], [11.48715228082351, 48.19913331375624], [11.487700588964659, 48.19901246951842], [11.488318694368768, 48.198918557604195], [11.489017136698092, 48.198857009084996], [11.489693785912001, 48.19883787097077], [11.49027097013173, 48.19885906341336], [11.49039993941854, 48.19886522348906], [11.492112755620665, 48.19899067715138], [11.492113816963904, 48.1989907765003], [11.492584485368873, 48.19903521099908], [11.493141406433283, 48.19901196011465], [11.493141735567034, 48.19901194757384], [11.493784657191242, 48.198881890302154], [11.493858788081248, 48.198873151369874], [11.494288690304986, 48.19882775944822], [11.494418915052044, 48.19881401157474], [11.496021302599809, 48.19843498244524], [11.496588621254, 48.19831150243608], [11.496701706422348, 48.198287192950794], [11.496787057308698, 48.19826905931657], [11.496996322437928, 48.19822330594487], [11.497877306576438, 48.198019533977956], [11.498617377585948, 48.19785237809469], [11.49907910496621, 48.19776957032603], [11.499698462987885, 48.19765845584778], [11.500384417520108, 48.19753592000438], [11.501197479746585, 48.197314591783424], [11.501483158671256, 48.19725481261464], [11.501783224854547, 48.19719242680075], [11.50401604574703, 48.196726672624905], [11.505575656124668, 48.19637565564125], [11.50645372353456, 48.19617502585197], [11.507854281453264, 48.19568388801089], [11.508166402244317, 48.19551942261463], [11.508911375199272, 48.195048585263095], [11.509683560992672, 48.19462825534346], [11.511173150204602, 48.19391181710624], [11.511769644952663, 48.19371432930095], [11.511950806821906, 48.1936727431387], [11.512014477117072, 48.193658135900655], [11.51379020899985, 48.19325034711797], [11.514741334451838, 48.19306762161346], [11.515998196071958, 48.19274626767971], [11.516114734125962, 48.19271719345701], [11.516353568361925, 48.19266632735979], [11.517227992604594, 48.19248303051118], [11.517702718273185, 48.19240649402683], [11.518234030520428, 48.19227694166871], [11.518675773454346, 48.19214494334525], [11.519038920308759, 48.19204166377266], [11.519768973931972, 48.19190533415802], [11.521294754795983, 48.191594628153574], [11.522059057726986, 48.191386030875684], [11.522283687585004, 48.19134188955854], [11.522544396437693, 48.191290598650525], [11.523345351586896, 48.19113314067068], [11.52409113193116, 48.190946113042926], [11.526064229972107, 48.190289147202144], [11.52619728176252, 48.190251319885306], [11.526821391094453, 48.19007379797012], [11.527457047305026, 48.18985060554128], [11.52781355021463, 48.18980987669931], [11.527880882094914, 48.18980218397514], [11.528906126527804, 48.189684952374655], [11.531109554115126, 48.18926596448782], [11.532669567365549, 48.18884350946531], [11.533499003926377, 48.1886670273392], [11.533573453783815, 48.18865146222876], [11.533632246566226, 48.188638965117555], [11.533798718647478, 48.18861463010935], [11.53391376494176, 48.18859763134343], [11.53408516458816, 48.18857294519341], [11.534204337207452, 48.188555227068065], [11.534207154311725, 48.188539039859975], [11.534212663368312, 48.18850641986317], [11.534497663838582, 48.18847342084081], [11.53454246247308, 48.188468437474086], [11.534608873537962, 48.18846133696661], [11.534675269797322, 48.188454236747255], [11.534741740866194, 48.188447834872505], [11.534941573469943, 48.1884295222483], [11.535024591787561, 48.18842247166083], [11.53509132308541, 48.18841695462929], [11.535224977125322, 48.188407101243605], [11.53535852854864, 48.18839825052882], [11.5354926787151, 48.188391444255366], [11.535693820817805, 48.18838298647019], [11.536029640509444, 48.18837453916631], [11.536234718505936, 48.18837415101212], [11.536430565278478, 48.188375664195156], [11.536564844798118, 48.18837843023732], [11.536698879765233, 48.18838286522713], [11.536869064493292, 48.18839040238873], [11.537070001185695, 48.18840165654631], [11.537314706218833, 48.188418347487406], [11.5374029345308, 48.188425627981324], [11.537582760787872, 48.18844228912124], [11.53770716129919, 48.18845470269605], [11.537856978519658, 48.18847050653589], [11.538002219904357, 48.18848678378003], [11.538229539733448, 48.188513621322095], [11.538363398688857, 48.18853030525175], [11.538465571320732, 48.18854263686015], [11.538628553107374, 48.1885633936691], [11.538777840790022, 48.188581212734725], [11.538893258390843, 48.18859525599395], [11.539021831753477, 48.18861274790141], [11.539223260564375, 48.1886442740043], [11.539287669451667, 48.18865438746529], [11.539411783011017, 48.18867681926229], [11.539448712952453, 48.1886836106547], [11.539557533002217, 48.188703307574094], [11.539586471347757, 48.188708547987666], [11.539781196048171, 48.1887689038057], [11.539835799324102, 48.18876902295621], [11.539985222334453, 48.188738668291435], [11.540363365428814, 48.1887762414393], [11.541280419591283, 48.18890151996468], [11.541411940833155, 48.1889209568155], [11.541543871545423, 48.188937761579474], [11.54196758480637, 48.18899176728104], [11.542556666124879, 48.18908404449004], [11.542887853386746, 48.18912299583838], [11.54357378651184, 48.189229656744985], [11.544285072811574, 48.18934459878909], [11.54427451860598, 48.18945614154858], [11.54461983469573, 48.189483381911295], [11.5449170411321, 48.18951810784191], [11.545276248191147, 48.18956873890656], [11.546001149947246, 48.18966684051079], [11.546095721755727, 48.189679971734435], [11.54615684548564, 48.189688393273265], [11.546238120683364, 48.189699699168884], [11.546299244680009, 48.18970812512509], [11.546725902023041, 48.189767185833254], [11.54707250212883, 48.189814416024056], [11.547450990662226, 48.1898659022095], [11.548176857570281, 48.18996543895387], [11.549127683900796, 48.1901613687371], [11.54937894937249, 48.190213086307445], [11.549641096000334, 48.19020168382397], [11.54972469415133, 48.190198054124494], [11.549814534605067, 48.19019417604573], [11.549825701945638, 48.19019368165049], [11.549911008258826, 48.19018998151094], [11.550034661142599, 48.19018463924666], [11.551311286127117, 48.190240170263664], [11.55167317929569, 48.190257929852315], [11.551747917220442, 48.19027829304286], [11.551760395220581, 48.19028167172518], [11.551785783405544, 48.190240028928045], [11.552133192571135, 48.190271476918674], [11.552612729934099, 48.19030624442224], [11.553432133131976, 48.190364385870616], [11.554367851123175, 48.190345324104015], [11.5555763919504, 48.19036210187968], [11.55840011209976, 48.19040173485942], [11.56001499707552, 48.190424312184405], [11.561123309651416, 48.19043984394261], [11.561586076351398, 48.19042284022726], [11.561647876699693, 48.19041345863196], [11.561922628328732, 48.19037197753754], [11.562224936647718, 48.19037245557149], [11.562355245506618, 48.19037258245583], [11.562392092753736, 48.19037271979248], [11.56245529626717, 48.19037277583467], [11.562914217893411, 48.19032954091776], [11.563306930094294, 48.19036498057132], [11.563319967081826, 48.19036619683395], [11.563472222119566, 48.19037990636764], [11.563687658238416, 48.190399421210145], [11.564528652723057, 48.1904754041363], [11.564635279445996, 48.190485072956974], [11.564875156505869, 48.1905067150317], [11.564908338223058, 48.19050970834324], [11.564961672809895, 48.19051448138023], [11.565303157888158, 48.19054606409729], [11.565613945498104, 48.190575053415024], [11.565316977164036, 48.1926506838854], [11.565160772970367, 48.19374883210401], [11.565016093678073, 48.19476722095852], [11.564632354447987, 48.19747329325125], [11.564533033938673, 48.1981760640217], [11.564518280265784, 48.198280352970244], [11.564267235468538, 48.20005558846701], [11.564195678211144, 48.201128474566495], [11.56416797920772, 48.201546666737585], [11.564143799047732, 48.20172239218693], [11.563726608174003, 48.20467024602421], [11.563714128379862, 48.204752014553875], [11.563166700767754, 48.20860539742099], [11.563142301017166, 48.20878333812815], [11.5626637526749, 48.21215528972166], [11.562570046114539, 48.21280810177904], [11.562013170773337, 48.21669010714403], [11.5622463623539, 48.2178233470549], [11.562391590069394, 48.21818790158278], [11.563119641239087, 48.219740839105434], [11.562350767786581, 48.220005625218285], [11.562301227996244, 48.22002261298882], [11.562312020396849, 48.220019686455196], [11.562322558314843, 48.22001805408677], [11.562323341204252, 48.22001793135295], [11.56233505307007, 48.22001761708108], [11.56234661948876, 48.2200186503296], [11.562357636073918, 48.220020941140135], [11.562367969496716, 48.22002448888742], [11.562377351255247, 48.22002920148299], [11.562385244479396, 48.22003489744632], [11.56269285347002, 48.22029673863826], [11.563503125612757, 48.220986334856654], [11.563689227881232, 48.22114469802033], [11.564491752988259, 48.22182759209985], [11.56435851126951, 48.22208198092618], [11.564240307186829, 48.222308533880664], [11.564174912881347, 48.22243365872213], [11.56401355421165, 48.22274269042588], [11.564617591757635, 48.222892860511436], [11.564051453363124, 48.22390642707208], [11.564038879923652, 48.22392885673602], [11.56364277635543, 48.22395220247428], [11.563242999497545, 48.224825954209905], [11.564525714691246, 48.22664208643815], [11.564622956417955, 48.226779637126775], [11.564851580429384, 48.22710320063197], [11.564952812712027, 48.227246515054574], [11.563149266225023, 48.227178737139276], [11.560998821308496, 48.22712223815056], [11.560736808941336, 48.227115323313924], [11.560584288125472, 48.22704372900273], [11.560506657868565, 48.227042172058646], [11.560385566443268, 48.22708748057233], [11.560349116799474, 48.22710109939906], [11.557744319301575, 48.227071085716695], [11.554417451906765, 48.22699952571651], [11.552937507405954, 48.22697456387949], [11.552743924136479, 48.226902339202404], [11.551045655848702, 48.22689984524763], [11.550830334741887, 48.22689974785969], [11.549349799990472, 48.22687882080193], [11.54800514438225, 48.22694636942088], [11.547447068343226, 48.22699589202719], [11.546846750367973, 48.2271128763245], [11.546236630180118, 48.22728566682464], [11.545887937456166, 48.227403700294126], [11.545575631468349, 48.227549183338915], [11.545215311996387, 48.22775169552087], [11.545020105224157, 48.22789098217827], [11.544757785438614, 48.22813092523177], [11.544340894911612, 48.22855495677764], [11.544192821379909, 48.22870553070239], [11.5441369940244, 48.22888303137083], [11.5441468228338, 48.22895969649889], [11.544272560747691, 48.229280446918985], [11.544250414663322, 48.229243037583394], [11.544208635507344, 48.22920294521887], [11.544135467679515, 48.22918188268715], [11.544060569417548, 48.229175020986695], [11.543841098639215, 48.22918664369718], [11.543758138248455, 48.229146742144785], [11.543741607369851, 48.229129138566606], [11.54368244287389, 48.22924052403119], [11.543612196141263, 48.22937279218159], [11.543576885679991, 48.22944361554388], [11.543562870152345, 48.22941343309811], [11.543495634520022, 48.2292685548531], [11.543319208791187, 48.228850114229495], [11.543278603910105, 48.228755432773575], [11.5429876319714, 48.228770592572275], [11.542841717278167, 48.228778041766425], [11.542623173929769, 48.22878957234765], [11.5425051259732, 48.22879571883232], [11.541898082140005, 48.22882724317063], [11.54179041694099, 48.228832847007396], [11.541683983572998, 48.22883838930312], [11.541693081409953, 48.22890605678272], [11.541767641729086, 48.229182724304486], [11.541707373138685, 48.22919364285269], [11.537747634780608, 48.22991301487584], [11.537791085488612, 48.22997740183245], [11.537738960964809, 48.229994463878036], [11.537690970064352, 48.23000084058499], [11.53758800652172, 48.23001516528092], [11.537503045868824, 48.23002698862886], [11.537465027045627, 48.23003447669738], [11.53741364647424, 48.23004613607588], [11.537391061968496, 48.230013490466355], [11.535888383270187, 48.23029156158701], [11.535367234797505, 48.23034442661562], [11.533944857174777, 48.23048837856241], [11.533949240763707, 48.23052428122199], [11.533963016714214, 48.23063711945837], [11.53394295447821, 48.23063820792542], [11.534009886168057, 48.231416438669115], [11.531122056634816, 48.23134324189635], [11.530940620520106, 48.23150538021132], [11.530731153883595, 48.23169744413658], [11.530686888262478, 48.23173755589983], [11.530643559339538, 48.23177749225364], [11.53057891439293, 48.23183488049167], [11.530544999261293, 48.231866930760575], [11.530515919387325, 48.23189443141933], [11.530459331352823, 48.231945914152305], [11.530400730112268, 48.23199541038622], [11.530351343238719, 48.23203748024312], [11.530095208573433, 48.23225431314593], [11.530022715296846, 48.23226327674132], [11.529949470857026, 48.23233867590708], [11.52984891319755, 48.232442215047], [11.529617907581738, 48.232843740331035], [11.529383810927897, 48.233320978562894], [11.529351158521717, 48.23338748833846], [11.5291011805647, 48.233940972856544], [11.528941065767112, 48.23420936599312], [11.528759615664466, 48.234513869596924], [11.528555696766217, 48.2349438089469], [11.528377485248862, 48.235220203491046], [11.528256067433263, 48.235494635523345], [11.528059679996977, 48.235854566390664], [11.527728916861651, 48.23670670896918], [11.527105558788136, 48.237879823312916], [11.52702738487894, 48.23809103811983], [11.526932007047844, 48.238348601813335], [11.526797608129566, 48.238561865358], [11.526602868038093, 48.23887069658886], [11.52587042211563, 48.24033698012855]]]}, "geometry_name": "shape", "properties": {"sb_nummer": "24", "sb_name": "Feldmoching-Hasenbergl", "flaeche_qm": 28938452.23773}}, {"type": "Feature", "id": "vablock_stadtbezirk.10", "geometry": {"type": "Polygon", "coordinates": [[[11.557089520093573, 48.07941223229235], [11.557762723603235, 48.07957877827305], [11.556397794405045, 48.08043233816939], [11.556064824225627, 48.07993463304615], [11.556477960938338, 48.07967606904356], [11.556951530282333, 48.079379649372775], [11.556953205214848, 48.0793786034004], [11.557089520093573, 48.07941223229235]]]}, "geometry_name": "shape", "properties": {"sb_nummer": "18", "sb_name": "Untergiesing-Harlaching", "flaeche_qm": 8057218.1335}}, {"type": "Feature", "id": "vablock_stadtbezirk.11", "geometry": {"type": "Polygon", "coordinates": [[[11.56959128674275, 48.1220112454836], [11.56955420863168, 48.12206024656607], [11.56950849723519, 48.12210585239029], [11.569454829603814, 48.12214738464861], [11.56939397842645, 48.12218422317989], [11.569326869308084, 48.1222158226847], [11.569277968837868, 48.122183441451504], [11.569102491457807, 48.12208972258319], [11.569040220839748, 48.12205644988868], [11.568945980677107, 48.1220060996471], [11.568914832613375, 48.12198943475358], [11.568918212394095, 48.12198665886666], [11.56890764928251, 48.12198113283051], [11.568904269501559, 48.12198390871712], [11.56883940045048, 48.121949700657034], [11.568772523301865, 48.12191443342201], [11.56877590531347, 48.12191156750967], [11.568765338250069, 48.121906042448664], [11.568761956193377, 48.12190890746193], [11.56869948965429, 48.121876385797094], [11.568549611320883, 48.121798240419366], [11.568393178270158, 48.121716678230065], [11.568336414224753, 48.12169353160456], [11.568194833947631, 48.12163561840196], [11.56803129168505, 48.121550933128994], [11.56786278296718, 48.12146023734354], [11.567454230809458, 48.12124070822533], [11.566724288146514, 48.12085130295975], [11.566444782080078, 48.120702042480794], [11.565976364470092, 48.1204462658151], [11.565288002680626, 48.12006919088556], [11.56503703688515, 48.119931037282115], [11.564976098686294, 48.11989491987118], [11.564827398177341, 48.1198033345777], [11.56468833703904, 48.11970944811276], [11.564542864664098, 48.119609698491566], [11.564443580211233, 48.119532812414434], [11.564200259463828, 48.119334517510445], [11.564090140933773, 48.11924397564451], [11.563624027273633, 48.11880742183349], [11.56302213810879, 48.118237234078364], [11.562748266878707, 48.11798543208127], [11.562739733917368, 48.117977574695715], [11.562669288469062, 48.117985039331494], [11.5626666238095, 48.11798242099127], [11.562659366473872, 48.117983022923895], [11.56265000726443, 48.117977680005104], [11.562575460761144, 48.117910725682435], [11.562514443375447, 48.117855919950536], [11.562507788933914, 48.11784878906193], [11.562505530651443, 48.117845722550065], [11.56250488789811, 48.117842392344635], [11.562505856596806, 48.11783906757597], [11.562508300185597, 48.11783610941026], [11.562512080135818, 48.11783378547855], [11.56249233747888, 48.1178178802499], [11.562410757250115, 48.11774480486737], [11.562444693848281, 48.11770302235989], [11.562296122697555, 48.11756331246238], [11.562298014710027, 48.11756188096523], [11.562268423290087, 48.11753532497043], [11.561320207123861, 48.11662110183218], [11.561267063962015, 48.11656855918442], [11.561198416967494, 48.11649094477836], [11.561122063929982, 48.11639036478549], [11.561089038726236, 48.116341669064454], [11.561024612483726, 48.11623888848283], [11.560958155598476, 48.11611964096389], [11.560941146725591, 48.11608054072229], [11.560927456754595, 48.116046220880115], [11.560915390560409, 48.116011641679904], [11.56090507895819, 48.115976893784136], [11.560896381552013, 48.115941883145716], [11.560889431796522, 48.115906699468354], [11.560881553082426, 48.11585469859642], [11.560858680006868, 48.11548418346567], [11.560856550249284, 48.11535690602418], [11.560856239025707, 48.115205533747776], [11.560870305098012, 48.1148191098315], [11.560892251322345, 48.11418822685072], [11.560896222017059, 48.11402673982608], [11.560898349676899, 48.11399940512294], [11.5608984211995, 48.11394714868394], [11.560915514564988, 48.1133741093432], [11.56091579328078, 48.113277783388625], [11.560927031579638, 48.11315739541055], [11.560950043940625, 48.11301106016243], [11.560971050066179, 48.11292641658321], [11.560984152475593, 48.112883191469805], [11.560998968773527, 48.112834334094494], [11.561028630188034, 48.11274871197569], [11.561030365756617, 48.11274370459104], [11.561063687003251, 48.11264786552884], [11.561080083360544, 48.112580689015964], [11.561113378246773, 48.11244425074854], [11.56113364397939, 48.11235177920411], [11.561144422672507, 48.11231638373875], [11.561160146221752, 48.11225240659854], [11.561334562547476, 48.111597762428865], [11.561383239543563, 48.11140799640729], [11.561521405973227, 48.11089211463493], [11.561552694948166, 48.110762554902784], [11.561584492414097, 48.11065008537926], [11.561631054940445, 48.11042491343691], [11.56164460982231, 48.110347528098906], [11.561666770636037, 48.11015641068063], [11.561671842152311, 48.11007748604375], [11.561672779971707, 48.109978227290014], [11.561667263097846, 48.10985113688193], [11.561653555694532, 48.109695755046616], [11.561644237704611, 48.10963914602611], [11.56162212058118, 48.10952357617191], [11.561602786984567, 48.109443363883564], [11.561578887310423, 48.10936232574196], [11.561410272947807, 48.10894178566795], [11.561371988571283, 48.10884974973474], [11.56133139766212, 48.10876074356083], [11.561280101021017, 48.10866745554101], [11.561226487601434, 48.10857820617087], [11.561167592303017, 48.108478593714324], [11.561052781580782, 48.10830789065077], [11.560998947472159, 48.108227374137975], [11.56084247713691, 48.10801862416763], [11.56057302251001, 48.107718261579244], [11.560496313202272, 48.10764143292994], [11.560445473607823, 48.107602021467166], [11.560275195684873, 48.10744099702766], [11.560092445335739, 48.10728720760541], [11.559912785090702, 48.10714907839076], [11.559722569984745, 48.107013381452845], [11.559618506530182, 48.106947251328826], [11.559480710580276, 48.10685679999948], [11.55930213873579, 48.10674513924064], [11.557541270512763, 48.1056407653899], [11.55751938849421, 48.105624313980016], [11.55727656253511, 48.105473159918354], [11.55717677748085, 48.10541252187253], [11.557026225498202, 48.105318406022526], [11.556170757162885, 48.10478228489177], [11.555632937363589, 48.10445364712922], [11.55512890345093, 48.104679455055816], [11.55506659745905, 48.1046388647518], [11.554768850204253, 48.10441397677701], [11.554734204222576, 48.10438118410182], [11.554615495502363, 48.104225471898324], [11.5545245852352, 48.10411126621007], [11.554441087460809, 48.10401614586413], [11.554349843707461, 48.10392058767737], [11.554237472288701, 48.103817002516784], [11.554151450924621, 48.10374032906519], [11.554066552761848, 48.1036688017115], [11.553980450544541, 48.103602140187064], [11.55386826446795, 48.1035215340942], [11.553381133997222, 48.1032012020079], [11.552666745296694, 48.10290880753132], [11.552551130050771, 48.10286382291167], [11.552535145817236, 48.102864567788856], [11.55251439371409, 48.10287338904674], [11.552462870747753, 48.102854481262504], [11.552369041669214, 48.102822194301076], [11.552337584081297, 48.10281173232485], [11.551969774491871, 48.102655433654455], [11.551829021190471, 48.1025848020729], [11.551695449312174, 48.10251887776796], [11.551596071017725, 48.10246004345086], [11.5515106948669, 48.10240725863811], [11.551410909635614, 48.10233995350305], [11.551355441591829, 48.102300036196816], [11.551273764997283, 48.102238205229845], [11.551192586792144, 48.10217246340773], [11.55111536705435, 48.10210497256921], [11.551046128868371, 48.10203917326652], [11.550957683233097, 48.101946911889605], [11.550918472880088, 48.101902564365105], [11.550863579801137, 48.101836580390234], [11.550810854431582, 48.1017678164545], [11.550703708441963, 48.10162314397116], [11.550695511324841, 48.1016145412974], [11.550658492666807, 48.10156561182246], [11.550617608638673, 48.101505922912764], [11.550577605963124, 48.101436519087194], [11.550543277676441, 48.10136486300358], [11.550480575145253, 48.10121620604473], [11.550449358600709, 48.10113426991384], [11.550426664092674, 48.10106796297599], [11.550401847405341, 48.100984508013724], [11.550374366572944, 48.100881693658806], [11.550346433821291, 48.100779435509715], [11.550332524662757, 48.10073616535093], [11.55032137314998, 48.100692700781806], [11.550141266836896, 48.10004269789087], [11.550126293987125, 48.09998446787874], [11.550113984696651, 48.0999302773023], [11.550078217337832, 48.09976156566326], [11.550078119435728, 48.09969528327705], [11.550076088351858, 48.09957234750824], [11.550076193608511, 48.09951291167558], [11.550076758659843, 48.099368413970545], [11.55008001552348, 48.09930159999124], [11.550085031697362, 48.099185864486365], [11.5501409846848, 48.09864100778687], [11.550372422799859, 48.09647780252802], [11.55041878942398, 48.095932854217835], [11.550434147553513, 48.095260629555895], [11.550441127934556, 48.094970179528836], [11.550454852017056, 48.09434600974772], [11.55047048882415, 48.09361159000579], [11.55048623782239, 48.09277982468815], [11.550463601279857, 48.09272937267432], [11.550453874649696, 48.092728643900095], [11.550435401343126, 48.09272725726528], [11.550419443456404, 48.09272605591059], [11.550409401371516, 48.09272530354514], [11.55042175927857, 48.09261572415738], [11.55043016584395, 48.092593440185766], [11.550450542796279, 48.092539410883724], [11.550478214699877, 48.09246604033909], [11.55048565576227, 48.092443679727246], [11.550496458160096, 48.092420522823815], [11.550483059766878, 48.09241741014774], [11.550490427791546, 48.09240358935502], [11.550558579565363, 48.092232836962474], [11.550575575727292, 48.09219023549093], [11.550578086255845, 48.09218394412199], [11.55061017770504, 48.092183253870196], [11.550513899191147, 48.0916933880708], [11.550485132854952, 48.09157664358736], [11.550432247535342, 48.09141831332467], [11.550411634702815, 48.09136390492111], [11.550319648149307, 48.091155856235005], [11.550205540144047, 48.09094290981604], [11.55007968019786, 48.09074745090467], [11.54994592215701, 48.09056808018403], [11.549871180983013, 48.09047587803336], [11.549235001550041, 48.089749350583276], [11.548579784496864, 48.08900655261681], [11.547945054767416, 48.08827939197845], [11.545960351595168, 48.0860284413636], [11.545565284596757, 48.08557377173714], [11.545258649536567, 48.08520006545458], [11.544808020239843, 48.08462652207712], [11.544584355646338, 48.08432833203981], [11.544390990528155, 48.08404946109817], [11.544277525428834, 48.083888133127026], [11.544159472197812, 48.08371338359468], [11.544012684656833, 48.083488115063425], [11.543852970741861, 48.08323987645139], [11.543641989753885, 48.082894905526594], [11.54342976251715, 48.082532287935294], [11.543332548415622, 48.08235402836873], [11.541962223713291, 48.0796777465877], [11.54183696860442, 48.079405721857356], [11.541724534682658, 48.07913681265297], [11.541642073488864, 48.078918383715504], [11.541560774331597, 48.07870076851067], [11.541487407667297, 48.07848193121748], [11.541421045835447, 48.07826059666797], [11.541362622306092, 48.07803998709699], [11.541327107765476, 48.07788444798327], [11.541881363307684, 48.07786984132257], [11.542378141861189, 48.07785667816808], [11.542361256874047, 48.0778230647178], [11.542335729295393, 48.077734553203435], [11.54232742172581, 48.07768748588824], [11.542330621409643, 48.077614219857466], [11.54230552992727, 48.07752232172736], [11.542266574457287, 48.07743441610407], [11.542258512530704, 48.07734444624119], [11.542242390146882, 48.07725507142985], [11.542228220762132, 48.077188098910796], [11.542219455284362, 48.07707554701995], [11.542203180541636, 48.076787127927936], [11.542119309508006, 48.07669695120493], [11.542090958295935, 48.07662740515064], [11.542064266819535, 48.076566958925845], [11.542055279535294, 48.07652142819511], [11.54203925098082, 48.076468047805115], [11.5420137265973, 48.07642631858495], [11.541973046232064, 48.076369066762695], [11.541948273652826, 48.07631771731082], [11.541940213287027, 48.076288183407904], [11.541914312753033, 48.076287444823755], [11.541915600871729, 48.076248145399745], [11.541923932235562, 48.07621679097669], [11.54191283542771, 48.07618157725659], [11.541892842772707, 48.07612006311112], [11.5418476286839, 48.076072293823515], [11.541832766847813, 48.076037783396956], [11.541810469703861, 48.07599524485942], [11.541789520179076, 48.07595253342014], [11.541752492553229, 48.0759218986605], [11.541691614797688, 48.0758304775462], [11.541655322416904, 48.07573474207928], [11.541631423472063, 48.075659994592], [11.541587782887053, 48.07549560046362], [11.541581978098584, 48.07538045273573], [11.541637840173937, 48.07525663915004], [11.541661526536942, 48.07512748383638], [11.54167527760365, 48.07499909999733], [11.541696747216605, 48.0749081713948], [11.541698283783036, 48.07490134478656], [11.541718165832544, 48.07471736779527], [11.541728120549505, 48.074684137354446], [11.541730884711315, 48.0746749764838], [11.541755783897115, 48.07459125404498], [11.541807930817036, 48.074596132963144], [11.541809054297584, 48.07459065080142], [11.54184153162888, 48.07457512659066], [11.541872484692812, 48.07457956400623], [11.541873757992256, 48.074572463384435], [11.541903790306925, 48.07457491821528], [11.541903370022379, 48.074576715423355], [11.541955256277836, 48.07458096388512], [11.542001923524467, 48.074584745682614], [11.542036488051794, 48.07459135711067], [11.542082460912688, 48.074598102895216], [11.542298249342153, 48.07462818584413], [11.54229740432748, 48.07463258838311], [11.542331440663926, 48.07463722645484], [11.542337042579208, 48.07461054210181], [11.542433960378203, 48.074619488209365], [11.542467312208247, 48.074580144718496], [11.542524227243314, 48.07454673737946], [11.542639861249272, 48.07452370838895], [11.542665744766305, 48.07451085658541], [11.542693657506717, 48.07448110296843], [11.542748873351966, 48.07441448818571], [11.542748209228192, 48.07439856651227], [11.542756637584443, 48.0743713462555], [11.542805955500578, 48.074334315234836], [11.542847812861796, 48.07432144979629], [11.542868807281708, 48.07431515238529], [11.542902672314344, 48.07426493319942], [11.54293226190813, 48.07421244490303], [11.542983147702598, 48.07416498368026], [11.543046644312534, 48.074118195150376], [11.543116885186176, 48.07408034521759], [11.543188399450028, 48.07404879894119], [11.543219246318364, 48.074019420213084], [11.543256989849588, 48.07399888314682], [11.543273569483125, 48.073974750397035], [11.543326513243246, 48.07394959360362], [11.543340184340332, 48.07392049807237], [11.5433582689713, 48.07389366946474], [11.543349836479008, 48.07386043580975], [11.543324056902721, 48.07384755924943], [11.543367568804806, 48.07379763014869], [11.543359638406052, 48.07375345008783], [11.543367755479437, 48.07374619966869], [11.54340259709089, 48.073752366343975], [11.543424043084475, 48.073740584436436], [11.54343909929092, 48.07369217816994], [11.543442601246747, 48.073660359212454], [11.543515071193067, 48.073569907658666], [11.54355227314037, 48.07356717426046], [11.543606583803683, 48.0735267309246], [11.543521960859263, 48.073441037567505], [11.543133818297468, 48.07304622354503], [11.543967688920263, 48.07194762246191], [11.544165127880252, 48.070908941520415], [11.544238651656567, 48.07052263827056], [11.544292522346602, 48.07023989668977], [11.544007658298018, 48.06963092260071], [11.544185475307277, 48.06912661937105], [11.54406535192861, 48.06830990484106], [11.54504673687304, 48.06819155260401], [11.54536014253694, 48.06813691467408], [11.54542586552409, 48.06812504350915], [11.546236718217962, 48.069536459906814], [11.546486205654192, 48.069986341667374], [11.546617273703678, 48.07022995109696], [11.546897460446901, 48.070773434174576], [11.547289398572623, 48.071522122722584], [11.547366842771432, 48.071609303393586], [11.547373018269187, 48.07160869940209], [11.547501112870517, 48.07157981656981], [11.548091595518867, 48.072747820535305], [11.548935154440358, 48.07441371966672], [11.549030898668754, 48.07460574550226], [11.549116918420523, 48.074588619478995], [11.549761651484364, 48.074460586816315], [11.549778104273754, 48.07448169076417], [11.549886891163766, 48.074620970553866], [11.549914507894535, 48.07465632688839], [11.549706892054978, 48.074732935436046], [11.549370121079136, 48.07485729581612], [11.549317471785397, 48.07487668923699], [11.54926630338909, 48.07489572942847], [11.54923412311348, 48.074907470887936], [11.549157994543455, 48.074863457255034], [11.549869470795812, 48.07632565359061], [11.550237033161888, 48.07707726567743], [11.551779819850594, 48.08031234018294], [11.551830982651834, 48.08041973098467], [11.551904209356064, 48.080578271040125], [11.552019055892742, 48.08082676333633], [11.552105693332477, 48.081014147985066], [11.552224587075912, 48.08126897380312], [11.552344887558887, 48.08152609691267], [11.552398739240106, 48.08164169506158], [11.552572279358866, 48.08201314833486], [11.552718226681971, 48.082325392341055], [11.552829502863123, 48.08256350027944], [11.552892438776858, 48.08269819697412], [11.553047992597257, 48.08303107177512], [11.55318618816377, 48.083328020826166], [11.553255776928964, 48.08347860115225], [11.553306481863343, 48.083588275251664], [11.553472922177404, 48.08394817316841], [11.553629995829485, 48.084285030970065], [11.553792470120108, 48.084638535335], [11.553945247623519, 48.08496827992621], [11.55424057396287, 48.084932144121574], [11.555754235490907, 48.08474704744492], [11.556757030416653, 48.084624423641834], [11.560321117317622, 48.084188412661014], [11.560537687165676, 48.084161864547056], [11.560541314089985, 48.08416142735521], [11.560500356374561, 48.083987542492004], [11.560569446896046, 48.08394131153035], [11.561424459871068, 48.08379051091344], [11.561454501450878, 48.08378521225271], [11.562490225162518, 48.08360256974823], [11.562912128211389, 48.08511352561322], [11.562912412773047, 48.0851764657662], [11.562994506088316, 48.08516635001651], [11.563312719221855, 48.085262084903356], [11.56553206435388, 48.0860741655207], [11.5656212853618, 48.08611318518067], [11.566843463853408, 48.08655726957266], [11.567772840671834, 48.08689493637429], [11.57126404943929, 48.088172225774656], [11.57127168067009, 48.088174682328436], [11.571324270791957, 48.088194303710836], [11.573237954308707, 48.08889746321206], [11.57438343642148, 48.0888144798178], [11.574434394051972, 48.089337402684336], [11.57451013270091, 48.089365205649834], [11.574538639146038, 48.089375652127266], [11.57457169513612, 48.08938791407822], [11.574583072457047, 48.08939209233052], [11.575271741597247, 48.08965324985118], [11.575734405817217, 48.089828763594504], [11.577122899299683, 48.09035537512434], [11.578798033169411, 48.09098873578967], [11.579256352651567, 48.091163631118434], [11.579826567803376, 48.091379618059726], [11.58030203905224, 48.091559668497744], [11.580302440323512, 48.09155982324553], [11.580303644938988, 48.09156027667327], [11.58030725887553, 48.091561638753966], [11.580386627060284, 48.09159213849397], [11.582668578393875, 48.092469509577654], [11.585020950640153, 48.0933693110522], [11.585420947048801, 48.093527849592384], [11.585486127121376, 48.09355307567393], [11.58556439184167, 48.09358343652822], [11.585572047714377, 48.093586381072726], [11.585588910928156, 48.09359291547939], [11.586474662266642, 48.09393369831959], [11.587048609161705, 48.094154403729014], [11.58795739140369, 48.09450364356897], [11.588057643089158, 48.09454222452509], [11.588080661848757, 48.09455112309318], [11.588136300930122, 48.09457714306927], [11.588159807931904, 48.09458814065394], [11.588208398086852, 48.09461086961698], [11.588299042495269, 48.09462634311817], [11.588198770999222, 48.09478417071573], [11.586519309894564, 48.09750717614838], [11.585177366720108, 48.099700719114864], [11.584924211072057, 48.09959272407894], [11.582159690015617, 48.09841363605669], [11.58197810346264, 48.09833594757774], [11.581712095417624, 48.098618511485405], [11.581657929880851, 48.098698663298045], [11.581638556206583, 48.09876181315444], [11.581641482967322, 48.09886723373825], [11.581710639358182, 48.099356226306504], [11.582159690274441, 48.10323781660157], [11.581626791067025, 48.10420234388041], [11.581556584196543, 48.10432741786794], [11.58224297482328, 48.104524897362595], [11.582126772422965, 48.104709632378395], [11.581946807920495, 48.10497539263024], [11.581326925732434, 48.10573933589207], [11.580659283666634, 48.106419171083715], [11.580264326381053, 48.10691792259283], [11.57984189259585, 48.10758123522566], [11.578972159814253, 48.10932650213578], [11.578411092507492, 48.11011706837557], [11.57813418904057, 48.11043986116213], [11.578008750034103, 48.11058633265766], [11.577613904094404, 48.11092370920652], [11.577066065476988, 48.11125134080584], [11.576439530641053, 48.11150868649345], [11.576129766005623, 48.11159059474715], [11.575718339098309, 48.11169970124012], [11.574474192784685, 48.11193611213047], [11.573798588792036, 48.11198482261345], [11.573692475074997, 48.112211418780696], [11.573739225674947, 48.11236480267462], [11.573923368976816, 48.11262128100499], [11.57433739476111, 48.11305197231219], [11.574353211204247, 48.113072356345235], [11.574387322562027, 48.1131220371423], [11.57441954957418, 48.11317243141808], [11.574482789861428, 48.11327366465635], [11.574542934735735, 48.11337371742833], [11.574600233655078, 48.113474570002516], [11.574652546939179, 48.11357648000304], [11.574705192855188, 48.1136729981268], [11.574737819415276, 48.113723307771906], [11.574774492951924, 48.113772188678745], [11.574818433012302, 48.11381875614568], [11.574859952119658, 48.11386602752718], [11.574901876468187, 48.11391312514504], [11.575006658037939, 48.1140263928316], [11.575063510592178, 48.114103315137775], [11.575172781656292, 48.11425056728426], [11.575206873281338, 48.11430025097818], [11.575219027660486, 48.11432386090053], [11.57524789064584, 48.11440634610672], [11.575269489765136, 48.11445929902996], [11.575293778847108, 48.11451163105665], [11.575349358073803, 48.11461452746479], [11.575407627118604, 48.114717091789174], [11.575466838897725, 48.114819291219895], [11.575498395234215, 48.114869853195394], [11.575567640647906, 48.11497694022402], [11.575594435227828, 48.1150001525048], [11.575666283132898, 48.115096828928095], [11.575704293275795, 48.11514445493523], [11.575747289098246, 48.11518994096929], [11.575794857627281, 48.11523373448858], [11.575844863795469, 48.11527591756517], [11.575952065180434, 48.115356441334924], [11.575981831804487, 48.11537768019267], [11.576181352178663, 48.115520045762295], [11.57622303632157, 48.11554636023998], [11.576262150785055, 48.115574463557095], [11.576377985279244, 48.115675853060964], [11.576410712888595, 48.11571184596702], [11.576454897705192, 48.11575974981707], [11.576559041855235, 48.11588709513797], [11.576613546538786, 48.115906794472345], [11.576631892494333, 48.11591351108947], [11.576750604945094, 48.11588203528685], [11.576885976372902, 48.11626045772088], [11.577094216857144, 48.11763413697004], [11.577192828766414, 48.1181628385067], [11.57717831818217, 48.118277507782075], [11.57714401995617, 48.118508057988166], [11.57709621938401, 48.11859233132108], [11.577083687575467, 48.1186123702864], [11.576989544634085, 48.11876291338793], [11.576924725555976, 48.11881262393648], [11.576560512085045, 48.119015017586946], [11.575460426349828, 48.1194679288188], [11.575351475628668, 48.11949757370242], [11.575235641393487, 48.11952809806364], [11.572538861282817, 48.12062572852812], [11.572453987346153, 48.120657535237484], [11.572362906472128, 48.12069174389231], [11.571525232193604, 48.1210364477219], [11.571306653292353, 48.121126312935075], [11.569589524527876, 48.12165177271997], [11.569601448963112, 48.121671085523545], [11.569612521074779, 48.121691765291295], [11.5696231003963, 48.12171528054685], [11.5696313372998, 48.121737879127316], [11.569633298019205, 48.12174444966926], [11.569644356153542, 48.12179767361367], [11.569645846864415, 48.121851401347506], [11.56963745699345, 48.12190603668793], [11.569619181164741, 48.121959587601864], [11.56959128674275, 48.1220112454836]]]}, "geometry_name": "shape", "properties": {"sb_nummer": "18", "sb_name": "Untergiesing-Harlaching", "flaeche_qm": 8057218.1335}}, {"type": "Feature", "id": "vablock_stadtbezirk.12", "geometry": {"type": "Polygon", "coordinates": [[[11.526098946869757, 48.13644741733363], [11.525336685029599, 48.136045971664764], [11.524613188305597, 48.13562110034054], [11.523638357581426, 48.134978378860815], [11.52324080667812, 48.134714164491264], [11.52274686396719, 48.134375729323786], [11.522415754905788, 48.13414360065067], [11.521343572797283, 48.13339659541591], [11.520341036573075, 48.132687152493816], [11.519823236648955, 48.132296381704144], [11.51888054207273, 48.13147264345267], [11.517875654284703, 48.130580782505774], [11.51765871205128, 48.13038705908746], [11.517378588307677, 48.13013707123779], [11.516928588751973, 48.12980667386277], [11.516290274181872, 48.12940076069802], [11.515503653262359, 48.12895703099859], [11.514857512965762, 48.12863778102491], [11.51420648755101, 48.128330785159584], [11.513045301494651, 48.127830217246085], [11.512524978303158, 48.12762187568247], [11.51187160882009, 48.12737500333807], [11.511245223238905, 48.127121889328656], [11.510052160177914, 48.126649895279236], [11.509771068827044, 48.12652831495181], [11.509440461643466, 48.12633315912523], [11.509207067166574, 48.12615702918756], [11.508999081682665, 48.12595107709932], [11.508866204951401, 48.12581954437762], [11.50877113943461, 48.12557108453977], [11.50863404805849, 48.12522134772091], [11.50844369800761, 48.12524733309298], [11.506899691636328, 48.125458373186966], [11.50509351199628, 48.12566646831463], [11.50398185368524, 48.125762608174405], [11.50321680294774, 48.125803177246404], [11.502808724102072, 48.12581425394954], [11.502690533027184, 48.12581747266509], [11.502656512341064, 48.1243489448448], [11.502580238623143, 48.121763601180106], [11.502461039420632, 48.11763923903646], [11.502441098155295, 48.11647300218349], [11.502430262171698, 48.11629958005156], [11.502408817565266, 48.11593890820015], [11.502350178588644, 48.11307170654972], [11.502324105507283, 48.112102308177406], [11.502343377213908, 48.11180845756048], [11.502267532097031, 48.10905394946794], [11.502166142904377, 48.105856331691264], [11.502123857801116, 48.10547484308255], [11.502088908774367, 48.105271949548694], [11.502040200211813, 48.10506852164845], [11.501621644498355, 48.103957825463894], [11.501588968862276, 48.10386203424611], [11.501557482449313, 48.103751499178074], [11.501536187012778, 48.103668879601095], [11.501514096584351, 48.103552092344785], [11.501484259135982, 48.103150332548985], [11.501496861337055, 48.102921692016444], [11.501567974783033, 48.102663823108436], [11.501672679151978, 48.10245037954784], [11.501740909477785, 48.10232498078882], [11.50199380740695, 48.1020110885975], [11.50231374283964, 48.10172980234986], [11.502709001387126, 48.10148563875934], [11.503112735444375, 48.10126838368098], [11.503657210443647, 48.100992405897046], [11.50412075114435, 48.1007517192696], [11.504412314721412, 48.10056867341479], [11.504887021230815, 48.10024062379492], [11.506014061522745, 48.09933165949711], [11.506357217736182, 48.09906862744058], [11.506518646889335, 48.09916271236826], [11.506942421028114, 48.09912228391334], [11.50697546693294, 48.09910731789905], [11.507425571296883, 48.099114403358506], [11.507465705691203, 48.09911421004645], [11.507579855862668, 48.09911371166839], [11.507746440753088, 48.09911417826101], [11.508007850763278, 48.099110240693435], [11.508092403988906, 48.09911158036773], [11.50817159240253, 48.09910174740983], [11.508248427092722, 48.099085340608305], [11.508321564185229, 48.09906262416539], [11.508508666781193, 48.098994918416444], [11.508656658134171, 48.099043405191566], [11.508666247469167, 48.0991070281209], [11.508659238873657, 48.09916490309792], [11.50865529070145, 48.09919806402443], [11.508631333859949, 48.09928733865659], [11.508596050643451, 48.099382578886114], [11.508593431255473, 48.09938967070276], [11.508590812173132, 48.09939685159242], [11.508560568534133, 48.09947053510389], [11.508549395872956, 48.0995015944409], [11.50852911776704, 48.09950267352216], [11.508572755559632, 48.099625957816805], [11.508585536225674, 48.099678177216276], [11.508597529549709, 48.09972859892456], [11.508622262489048, 48.099822337446646], [11.50864005498357, 48.09988429472552], [11.508668346248927, 48.099984705775555], [11.508684338673289, 48.10003838195841], [11.508767912251471, 48.10033879854228], [11.508776746993135, 48.1003701379811], [11.508844801382244, 48.1006143602654], [11.50886725360739, 48.10069522748788], [11.508863762913151, 48.10069521196405], [11.508863356714416, 48.10078056462652], [11.508858249794448, 48.10089719518509], [11.508851498475467, 48.101045744110706], [11.508968502081656, 48.101067122644295], [11.509422796495041, 48.101135088833004], [11.509596121807963, 48.10115786348021], [11.510114484470593, 48.101225673138735], [11.510168521752766, 48.101232741402995], [11.51012519677959, 48.10168005071027], [11.510191701165166, 48.10168696165475], [11.510212651864508, 48.1016891383386], [11.510292069252323, 48.10169738841635], [11.510369450372131, 48.10170544990167], [11.510570311995343, 48.101720547892704], [11.510779642424273, 48.10173363830307], [11.511001904090381, 48.101747006178606], [11.51115681701198, 48.10175361580874], [11.511314851998526, 48.10175237193123], [11.511488107706452, 48.10174447122686], [11.511632905298619, 48.10173476587628], [11.511945062138729, 48.10171293739553], [11.511978524372179, 48.10171055797686], [11.512001639050602, 48.10170903743265], [11.512152720006194, 48.101684936732454], [11.512863054959501, 48.10218376574102], [11.513547992058344, 48.102619437116836], [11.514272638868112, 48.10302424221603], [11.514455970758803, 48.103113038824716], [11.515321775181686, 48.10352871069005], [11.51752613151073, 48.10454608579975], [11.517683663641657, 48.1045096352095], [11.517914653797794, 48.10425852664721], [11.517941482676033, 48.10421745034903], [11.517955584711059, 48.10417344620003], [11.517966463389953, 48.10411887623533], [11.517989563886958, 48.10400302497133], [11.518026696810567, 48.10381679085762], [11.518044916493984, 48.10374860348708], [11.518068841081343, 48.103687636063256], [11.518113043590972, 48.103642489634346], [11.518182827585584, 48.103576411809215], [11.518262115555705, 48.10351370763364], [11.518360098845616, 48.10344684400661], [11.518388746330785, 48.103427268827005], [11.518492241071625, 48.1033700488123], [11.51869953144847, 48.103255897032575], [11.518799342001415, 48.10319549037532], [11.518868171413182, 48.10314503461752], [11.518917047794956, 48.103102060045245], [11.519073414571125, 48.103162809222596], [11.51909093563871, 48.10316971955704], [11.519274064266053, 48.10322590526041], [11.519465918292893, 48.103266837577465], [11.519664060956533, 48.10329136869738], [11.519863883303609, 48.10330865345766], [11.519969316275217, 48.10331362395454], [11.520064831291476, 48.10331813263612], [11.520265860313442, 48.10332528461213], [11.521020602100243, 48.10335142132987], [11.521777305104205, 48.10341261646131], [11.521910481956748, 48.10341162669507], [11.522187357163626, 48.103416290075586], [11.522424442424773, 48.10340278522978], [11.522878973608677, 48.10341286858049], [11.524130784055583, 48.10345141244867], [11.524373249854502, 48.10344321109039], [11.524601146059652, 48.10343491828606], [11.525702517572295, 48.10347486232911], [11.5256937394584, 48.103527882413445], [11.525819838596897, 48.10353766945519], [11.52594976374053, 48.103545400755785], [11.526179275086536, 48.103559030621724], [11.526432477945653, 48.10357420749201], [11.5265365031571, 48.103580387958225], [11.526544149709517, 48.1035813183918], [11.526669166389789, 48.10359702287999], [11.526912265620881, 48.1036277247107], [11.527033626707816, 48.103642981953676], [11.527171901439853, 48.10366046190346], [11.527447788895667, 48.103695147938076], [11.527676417301553, 48.10372397380872], [11.527811308126465, 48.10374089940813], [11.527813515864882, 48.10373461252704], [11.527998635890398, 48.10374922661132], [11.528029488470548, 48.10375169227283], [11.528149151784458, 48.10376387601336], [11.52829861987527, 48.103779510167556], [11.528457409680477, 48.103799409990586], [11.528596734042672, 48.10381671575176], [11.528709773066081, 48.103830755268895], [11.528956896619441, 48.10386637963346], [11.52909975192411, 48.10388494682986], [11.529204345640002, 48.103901019120464], [11.529256766930253, 48.10390923604823], [11.529451207612164, 48.103937184462104], [11.529473873272002, 48.10394024395494], [11.53038793685001, 48.103602764480804], [11.530673106188384, 48.103633261160994], [11.530769390013628, 48.10376505711635], [11.530872937384267, 48.10389481414947], [11.530981765101528, 48.10402036424641], [11.530984572787228, 48.10402328969566], [11.531022478173984, 48.10406280211371], [11.531041136100002, 48.104064046550896], [11.531259562431858, 48.104082428441515], [11.531312948623613, 48.104087305614975], [11.531473140993418, 48.104101776077854], [11.53172297388876, 48.104126801757474], [11.531775423470252, 48.1041317812445], [11.531940186060197, 48.10414351120329], [11.532112635319708, 48.104156709082595], [11.532454606012642, 48.10418273312344], [11.532755989806853, 48.104205803697866], [11.532831669287898, 48.10421186484422], [11.532856086437667, 48.104213654120905], [11.533022358469854, 48.10422585402398], [11.533142302840734, 48.104235072333736], [11.533281032063087, 48.104244014734675], [11.533314170112819, 48.10424631159101], [11.533502909362284, 48.10425246886374], [11.533538217100858, 48.10425351026529], [11.533530931611969, 48.10434797777927], [11.53365471787857, 48.104351801101764], [11.533640489957584, 48.1044693827925], [11.533519965765366, 48.104477263131905], [11.533500885989858, 48.10447853613639], [11.533579405976733, 48.10483528927633], [11.533683530548515, 48.10482842212982], [11.533641658580486, 48.10505144628167], [11.534098480622173, 48.10509215916836], [11.535297711905278, 48.1051990517267], [11.535557928220259, 48.104486763206644], [11.535589464107643, 48.104400185850466], [11.535689213349016, 48.104127016007986], [11.53567995792619, 48.10397698126473], [11.535676913531958, 48.10392787007979], [11.535655134444026, 48.10357604533201], [11.535624631868735, 48.103518541509246], [11.535868988386872, 48.10357105359192], [11.536022397949749, 48.10360403412603], [11.536049079386286, 48.10360977052102], [11.536056893050112, 48.10381158080909], [11.536111443379264, 48.10485153212562], [11.536115177758111, 48.105124683768274], [11.536093300934827, 48.10589953286041], [11.536021410013143, 48.108487249011574], [11.536016054985124, 48.108887610176254], [11.536030124381114, 48.109108470340544], [11.536013262299907, 48.10985662555824], [11.536046827753289, 48.10985693894878], [11.53605617315206, 48.11033594784005], [11.536064167547012, 48.1104167277705], [11.536060392505524, 48.11061196521329], [11.536063163457223, 48.11080589376875], [11.536064346109345, 48.11088686729806], [11.535984498188688, 48.11088610470955], [11.535996735765286, 48.11121702692741], [11.535996772618745, 48.11125835554521], [11.535994310169189, 48.11147283400936], [11.535987797193249, 48.11172247055434], [11.535987333504282, 48.11186824953892], [11.53598818195463, 48.11220507121217], [11.53599066133881, 48.1122470234375], [11.535984334578773, 48.11252377389085], [11.535892349044346, 48.11297899073349], [11.535889795285792, 48.11403095153189], [11.535850728876959, 48.11440069432645], [11.535886388235788, 48.11546846729919], [11.535883641697087, 48.11598608849027], [11.535902082341147, 48.116296951152506], [11.535895037838223, 48.11663927457598], [11.535915857072917, 48.11674838837121], [11.535942661322904, 48.1168790847729], [11.535971865670124, 48.11701360179063], [11.53614308777648, 48.117803970444164], [11.536157992153472, 48.11786365677089], [11.53620172344289, 48.118062201788014], [11.53624864181162, 48.11826507010542], [11.536387806901425, 48.11894485412951], [11.536412918481219, 48.11907905558159], [11.53649405904771, 48.11941047755957], [11.536587834400583, 48.11980260583183], [11.53666209849834, 48.1201609547344], [11.536676268003147, 48.120227927553074], [11.536689411254402, 48.120289589051154], [11.536703052053943, 48.12035583931002], [11.536718887578711, 48.120431722886565], [11.536817312273437, 48.12087289054038], [11.53690507515136, 48.12127215979544], [11.536970860835481, 48.12156282599124], [11.536971055529502, 48.12157155060009], [11.53702052002226, 48.121568239996755], [11.53713731106054, 48.122128040877904], [11.537684636630628, 48.124690152722735], [11.537698454055395, 48.12482665128169], [11.537721710113939, 48.12500418336992], [11.53772221470415, 48.125022708886], [11.537727800507861, 48.125088642976024], [11.537737889381388, 48.125176623310246], [11.537744613058745, 48.12517602035482], [11.537753934467489, 48.125260235808014], [11.537766610411367, 48.1254348604633], [11.537772950207723, 48.12546316738347], [11.537774848381604, 48.125471629399506], [11.537788630211272, 48.12553318124987], [11.537806249749313, 48.125611840673024], [11.537808817029923, 48.1256400923778], [11.53782602254229, 48.12563881061833], [11.537827886100727, 48.125685857479596], [11.537828979187566, 48.12572894337385], [11.53782942235083, 48.12573937839455], [11.537829592107721, 48.12578039176845], [11.53782935822128, 48.125821314183696], [11.537828066466162, 48.125875183718826], [11.537826665865303, 48.125926354476015], [11.537824180840797, 48.12597851017413], [11.537819872735676, 48.126039022952476], [11.537817226187364, 48.12607939581305], [11.537812596988635, 48.12613091414289], [11.537808017161211, 48.126176945335516], [11.53779735985868, 48.12625632131844], [11.537787633453764, 48.12632202865163], [11.53777812671311, 48.126378560426716], [11.537770910214375, 48.12641936268266], [11.537759059214705, 48.126482540843796], [11.537750699777598, 48.12651605302381], [11.537731451786078, 48.126580548152816], [11.537716586368886, 48.12662194680669], [11.5376402964712, 48.126928127229874], [11.53763241344804, 48.126938615737004], [11.537630805055572, 48.12693815998494], [11.537617634819668, 48.12698477776757], [11.537602140382504, 48.127036513639105], [11.537584766730575, 48.127088244237115], [11.537567292262475, 48.12713664872061], [11.537549019534348, 48.12718235615819], [11.537529633770403, 48.12723228662204], [11.537509297142156, 48.127283022709776], [11.537488149091066, 48.12733357606566], [11.53746592934196, 48.127383765282204], [11.537417029970241, 48.12748817342835], [11.537400054449016, 48.12752399223752], [11.537381712502775, 48.12756268367999], [11.537370773808306, 48.12758458607532], [11.53734669428685, 48.12763467778298], [11.537301208799947, 48.12772128991283], [11.537269113292222, 48.12778043335108], [11.537237159311207, 48.1278387683376], [11.537187066816921, 48.12792509437712], [11.537149962914532, 48.12798682284738], [11.537100351329382, 48.1280664680501], [11.537047920794013, 48.12814736052526], [11.536988731272814, 48.12823496896463], [11.536949543103091, 48.12829136803385], [11.536908706791362, 48.12834928905186], [11.536852638704275, 48.1284272906565], [11.536779177649487, 48.1285267126609], [11.536720856476146, 48.12860122147116], [11.536657937652468, 48.12868029566778], [11.536641375325349, 48.12869983335685], [11.536604719866345, 48.12874302857844], [11.536595624555902, 48.12875369134874], [11.536517306023601, 48.12884508451631], [11.536505234720638, 48.12885825234189], [11.536426950020806, 48.12894480110772], [11.536372137019644, 48.12900493003788], [11.536300948626948, 48.12907947802265], [11.536224359948434, 48.129157061439095], [11.536141283144897, 48.12923911697251], [11.536061844321337, 48.129316313312735], [11.536020644265864, 48.12935471920509], [11.535971854549418, 48.1294001985726], [11.535868211831245, 48.12949293233391], [11.535835576933591, 48.12952112715142], [11.535792933931232, 48.129557832713864], [11.53570915320269, 48.12962846258825], [11.535572883637075, 48.12974016508376], [11.53547670689648, 48.1298148817586], [11.535450324494137, 48.12983582287263], [11.535424358195774, 48.12985541590229], [11.535369991821915, 48.12989630228877], [11.535273576244219, 48.12996659077812], [11.535179167610984, 48.13003587930616], [11.534814708945351, 48.13030016813185], [11.534682545419962, 48.13039848447799], [11.5344543442435, 48.13056420077492], [11.534246236060973, 48.13066991235099], [11.53413537875294, 48.130759631016666], [11.533909262457712, 48.13094270131195], [11.533207469513497, 48.13143218715256], [11.532502652607501, 48.13191943361271], [11.5323664308877, 48.13201327205859], [11.532251645998159, 48.13209232202631], [11.532201468596588, 48.13212687086089], [11.532178373413487, 48.132111840589054], [11.532155276945401, 48.13209681124071], [11.532092260631364, 48.13214060320816], [11.531969498101336, 48.13222567561196], [11.531840123695256, 48.132315373696215], [11.531822237038433, 48.132317639537725], [11.531720297941726, 48.13233044737826], [11.531772119904733, 48.13239181733744], [11.531789260638728, 48.132412123957735], [11.531746704465082, 48.13244154583924], [11.53106014912521, 48.13291613904354], [11.530600437313725, 48.13323380404584], [11.530548123462184, 48.13327008092525], [11.530507160375528, 48.133298497262494], [11.530331242119004, 48.13342027986223], [11.530103330493466, 48.133539961936506], [11.530038652049681, 48.13357396542742], [11.530015556077215, 48.13364798183046], [11.529111359472408, 48.134273331145366], [11.52871058435402, 48.134550442624516], [11.528595512447188, 48.13463036077673], [11.52793935845282, 48.13509242077178], [11.527866547637752, 48.135149210182], [11.527552566548707, 48.13536689710356], [11.527180880304762, 48.13564576455887], [11.526748641173699, 48.13599216956134], [11.526294855268011, 48.13637706031694], [11.526220239721575, 48.13633792372161], [11.526098946869757, 48.13644741733363]]]}, "geometry_name": "shape", "properties": {"sb_nummer": "07", "sb_name": "Sendling-Westpark", "flaeche_qm": 7814853.08893}}, {"type": "Feature", "id": "vablock_stadtbezirk.13", "geometry": {"type": "Polygon", "coordinates": [[[11.54199103424765, 48.14256381980816], [11.540655919945912, 48.14265685079788], [11.539171292225099, 48.142773993545156], [11.538925643307033, 48.142793327155665], [11.538339351070178, 48.14281047163493], [11.537882205502411, 48.14282779114127], [11.537535209850683, 48.142838112643446], [11.537037405697, 48.1428501409169], [11.536473373724446, 48.14285284190723], [11.535808247926395, 48.14284217677649], [11.535810612609769, 48.14277708760497], [11.535821458865056, 48.142545402747174], [11.535538993370093, 48.142537706822445], [11.535429260718127, 48.14261575655321], [11.534978460138925, 48.14260583980082], [11.53497519255824, 48.14268425050334], [11.53500252616956, 48.14281105870904], [11.534675892820154, 48.142802933533495], [11.534394423687255, 48.142802116003146], [11.534358610703313, 48.1425676267902], [11.534323955516337, 48.142343671073306], [11.534297188776105, 48.14217423335087], [11.534251515681996, 48.141874754607414], [11.534211904358537, 48.14161991844838], [11.534174115614386, 48.14138278055881], [11.534067822945007, 48.141423119304406], [11.53405703352983, 48.14142739020264], [11.534056242470474, 48.14142576823336], [11.533857635853034, 48.14150058262341], [11.53379818814075, 48.14152372745818], [11.533704405939332, 48.141556807506845], [11.533707859579444, 48.14156122848583], [11.533634590994852, 48.14158422820383], [11.533631138305207, 48.14157971722253], [11.533516200670329, 48.141613481503654], [11.533470127277898, 48.141625962869895], [11.533393097221218, 48.14164451854312], [11.533309618263678, 48.1416629689514], [11.533258331740331, 48.14167256620028], [11.533235851878699, 48.14167679251595], [11.533138425968232, 48.14169169028], [11.53305218123155, 48.141703664506316], [11.532966082134907, 48.141714201187604], [11.53283535431787, 48.141726535320636], [11.532791919760404, 48.14172986852685], [11.532727104473784, 48.141734823093174], [11.532693229429277, 48.141736126097186], [11.532661101067049, 48.14173743556772], [11.532624009635295, 48.141737825097564], [11.532587324105956, 48.141737857446394], [11.53255224794683, 48.14173816562757], [11.532517177868904, 48.14173802376819], [11.532483054411424, 48.141737885321646], [11.532447322373493, 48.14173765096025], [11.532408915832283, 48.141735876622356], [11.532370775784742, 48.141734463511426], [11.532334243212045, 48.14173350623524], [11.532296771287772, 48.14173236540363], [11.532258224988293, 48.14173122035163], [11.532222901029934, 48.141729907971204], [11.532187437230768, 48.141728595063555], [11.5321515700659, 48.141727281139346], [11.532117448638163, 48.14172606368887], [11.532080773704802, 48.14172483593356], [11.53204543963823, 48.14172397361729], [11.532011320155597, 48.14172257703383], [11.531973574644748, 48.14172098503329], [11.5319390605269, 48.141719136433935], [11.531901331267768, 48.141716645159356], [11.531864812201293, 48.14171415868969], [11.531828024590986, 48.14171176090851], [11.531790568078389, 48.141708910867266], [11.531753781423525, 48.141706423062075], [11.531714847524556, 48.14170365684779], [11.531676725753682, 48.141700264461214], [11.53163873056232, 48.14169660293375], [11.531599929896617, 48.14169293755135], [11.531564351851234, 48.14168946566925], [11.531528771911121, 48.14168617377628], [11.531493462770833, 48.14168270224429], [11.53145788378876, 48.141679320329075], [11.53142190274289, 48.141675936466186], [11.531386994689571, 48.141672555939074], [11.531350611964152, 48.141668986551096], [11.531314631355531, 48.14166541998724], [11.531279722669659, 48.14166221760027], [11.531243880340327, 48.14165829164943], [11.531208709417315, 48.14165445886695], [11.53117165794835, 48.14165043986655], [11.531134608340988, 48.14164623995504], [11.531097837283031, 48.141641416636396], [11.531059852634655, 48.14163703845096], [11.531023354541247, 48.14163158733751], [11.530986317579572, 48.14162622276896], [11.530948338819773, 48.14162103460433], [11.530910772757844, 48.141614588422755], [11.530876016096906, 48.14160950109881], [11.530886654611106, 48.141431823248325], [11.530579953375685, 48.14144469470774], [11.530254502174088, 48.14138301942355], [11.529789375533388, 48.14129486678539], [11.529728705988056, 48.14127465205617], [11.529313681128503, 48.14113629242376], [11.529253550188866, 48.14111627883496], [11.529231681263122, 48.14111340775297], [11.529030522175228, 48.14108651702254], [11.52864115679405, 48.14098060336278], [11.528211968743902, 48.140811894750605], [11.527978494227517, 48.140690983387195], [11.527884707379982, 48.14062038297704], [11.527862663614718, 48.14062182818461], [11.527650799394891, 48.140451176972284], [11.527224076455244, 48.14048365064792], [11.527061445235185, 48.140323976831105], [11.527001483877179, 48.14032922358713], [11.526917449164417, 48.14019091357046], [11.526699121727324, 48.139890150751526], [11.526575983743362, 48.13968619794092], [11.52645724970011, 48.1394780333829], [11.526362974144213, 48.139270419497905], [11.526369300537162, 48.13926918710475], [11.526381274586276, 48.139267437283976], [11.526273669497572, 48.13893520380603], [11.52622923670097, 48.13872269913857], [11.526195333232534, 48.138520524633364], [11.526179120332054, 48.13810662602817], [11.526197141129927, 48.137910811089576], [11.526228836932972, 48.13769231575661], [11.526304572218494, 48.137391418829296], [11.52633925955433, 48.13728390458171], [11.526404232566115, 48.1371249804185], [11.526522177914558, 48.13686311375963], [11.526510508316163, 48.1368604569182], [11.526495486075385, 48.136856977627076], [11.526410021505567, 48.136811653472606], [11.526355343212098, 48.13678264649772], [11.526346386190859, 48.136777932438996], [11.526274796661234, 48.136733114620085], [11.5260364793799, 48.13658399388901], [11.525964089510714, 48.136547370788705], [11.526025146149207, 48.13651399726023], [11.526098946869757, 48.13644741733363], [11.526220239721575, 48.13633792372161], [11.526294855268011, 48.13637706031694], [11.526748641173699, 48.13599216956134], [11.527180880304762, 48.13564576455887], [11.527552566548707, 48.13536689710356], [11.527866547637752, 48.135149210182], [11.52793935845282, 48.13509242077178], [11.528595512447188, 48.13463036077673], [11.52871058435402, 48.134550442624516], [11.529111359472408, 48.134273331145366], [11.530015556077215, 48.13364798183046], [11.530038652049681, 48.13357396542742], [11.530103330493466, 48.133539961936506], [11.530331242119004, 48.13342027986223], [11.530507160375528, 48.133298497262494], [11.530548123462184, 48.13327008092525], [11.530600437313725, 48.13323380404584], [11.53106014912521, 48.13291613904354], [11.531746704465082, 48.13244154583924], [11.531789260638728, 48.132412123957735], [11.531772119904733, 48.13239181733744], [11.531720297941726, 48.13233044737826], [11.531822237038433, 48.132317639537725], [11.531840123695256, 48.132315373696215], [11.531969498101336, 48.13222567561196], [11.532092260631364, 48.13214060320816], [11.532155276945401, 48.13209681124071], [11.532178373413487, 48.132111840589054], [11.532201468596588, 48.13212687086089], [11.532251645998159, 48.13209232202631], [11.5323664308877, 48.13201327205859], [11.532502652607501, 48.13191943361271], [11.533207469513497, 48.13143218715256], [11.533909262457712, 48.13094270131195], [11.53413537875294, 48.130759631016666], [11.534246236060973, 48.13066991235099], [11.5344543442435, 48.13056420077492], [11.534682545419962, 48.13039848447799], [11.534814708945351, 48.13030016813185], [11.535179167610984, 48.13003587930616], [11.535273576244219, 48.12996659077812], [11.535369991821915, 48.12989630228877], [11.535424358195774, 48.12985541590229], [11.53567211520651, 48.12988086707224], [11.535702204997008, 48.12986686604968], [11.536249780427475, 48.129612712648154], [11.536526131788317, 48.129474312471906], [11.536661355222712, 48.12938706763194], [11.5370554446195, 48.12932478250464], [11.537127243822825, 48.12933109042934], [11.537149254486458, 48.12933297608522], [11.537179584769842, 48.129335703724486], [11.537200655356349, 48.1293374958627], [11.537284961024984, 48.1293449463969], [11.537288734375501, 48.129343703207006], [11.53818772533898, 48.12903872989914], [11.538277843510322, 48.12900940534651], [11.538343173987586, 48.12898816700359], [11.538447298795266, 48.128954489097204], [11.538662153493002, 48.12888635895285], [11.538653622376435, 48.12877382041954], [11.538673426859624, 48.1287681485858], [11.538795725996975, 48.12873263168395], [11.538913640821395, 48.12869837140006], [11.538918953430272, 48.12870495743112], [11.538952302123926, 48.12874556219387], [11.539237498605331, 48.128649006372335], [11.53945236774149, 48.12857663818537], [11.539644425944681, 48.12851218737671], [11.539663567746178, 48.12850542867574], [11.54022976744858, 48.128305448283044], [11.540382847382707, 48.128251391598205], [11.54092322258299, 48.12804095374898], [11.54123437681835, 48.12791254091902], [11.541917543575641, 48.12759607897141], [11.542130947465225, 48.12749180714411], [11.542683630309726, 48.1272243204735], [11.543176839575484, 48.126979830345455], [11.54379384072136, 48.12667412508873], [11.544040554160967, 48.126555372066875], [11.544057151188388, 48.126547430873806], [11.544151649798291, 48.126502004487726], [11.544169817646951, 48.12649326905658], [11.544181844630547, 48.12643944056709], [11.5441978279175, 48.126370945964965], [11.544225666855406, 48.126392718890294], [11.54425079201809, 48.12641266415399], [11.544270962591648, 48.126429251356264], [11.544292190636833, 48.12644716572195], [11.5443102668307, 48.12646276454786], [11.544332050407682, 48.126481612284294], [11.544353331491457, 48.12650035417457], [11.54437780199563, 48.12652230695822], [11.544397675833942, 48.126540584227754], [11.544420949257201, 48.12656265350048], [11.5444441039523, 48.126585284171334], [11.544465958827132, 48.126607095126424], [11.544482943763272, 48.12662427024636], [11.544503570338524, 48.12664526709755], [11.544527518302703, 48.12667089359019], [11.544554116785825, 48.12670084605741], [11.544586147727081, 48.12673909124599], [11.544592760211042, 48.126737758820205], [11.544606855121238, 48.1267537544327], [11.544599958245927, 48.126756946736975], [11.544610309220786, 48.12677110243303], [11.5446719031948, 48.126853427728186], [11.544726231234788, 48.12693745712004], [11.544768340972386, 48.12702325175485], [11.544803842627612, 48.12711226018503], [11.544828885918015, 48.127182602837486], [11.544981563455586, 48.12761172153183], [11.544994541477482, 48.127648289554536], [11.544997684617508, 48.127657386116894], [11.545047581869566, 48.127835213643586], [11.545066040326057, 48.127920457881125], [11.545114556217133, 48.128147077651505], [11.545260171464255, 48.12883580368458], [11.545290421703378, 48.12894177967411], [11.545333975791209, 48.129045557766176], [11.5454661009395, 48.12930023635263], [11.54550540061006, 48.129380073353666], [11.545569522254212, 48.129481861378636], [11.546358820025063, 48.13034135477031], [11.546618950721017, 48.13048599081252], [11.54643905439215, 48.13080084476775], [11.546397878204225, 48.130933472242596], [11.546391014424067, 48.13096565349065], [11.546366043614777, 48.131038281511614], [11.546294447351775, 48.131212025494456], [11.5462280027488, 48.13138506495735], [11.546187356949154, 48.13156516992367], [11.546193443547894, 48.13165261646688], [11.5462301209934, 48.13178687330273], [11.546240396945082, 48.13180833953964], [11.546288064826134, 48.13191475692538], [11.54635163630178, 48.13201377453038], [11.546433129450328, 48.132106651389485], [11.546530964633442, 48.132192457007974], [11.546662798961735, 48.132294235889844], [11.546782083162837, 48.13240279930897], [11.546885992796506, 48.1325181946368], [11.54697602178295, 48.1326390219998], [11.547046794903428, 48.13276547441099], [11.547102765407404, 48.13289519196784], [11.547138823419063, 48.133027347724244], [11.547155349400025, 48.13311905897144], [11.54716179366039, 48.13324221214797], [11.547163484396567, 48.13342217396127], [11.547169834134168, 48.133602054945136], [11.547188081641316, 48.13378088295408], [11.547217959928169, 48.13395969776736], [11.547272351418119, 48.13422702874557], [11.547284892014808, 48.13428355822201], [11.547315540724366, 48.13440500394702], [11.547344118380801, 48.134499594454226], [11.547368829097296, 48.134581398262625], [11.547433148854271, 48.13475603533701], [11.54750607501952, 48.134929265868294], [11.54757195255172, 48.135056711011764], [11.547653857877517, 48.1351798172259], [11.547750093246913, 48.13529839268792], [11.5478377116178, 48.13538903615477], [11.5479365268264, 48.13547431224952], [11.548043134097458, 48.135555119786], [11.548159468591107, 48.13562995454618], [11.548282706070088, 48.13569922378009], [11.548416510349554, 48.13575927849356], [11.549480187171856, 48.13657039538438], [11.549726766814608, 48.13713703338278], [11.549748304446688, 48.137680359139836], [11.549790264166651, 48.13885357383576], [11.548608776108207, 48.13901447824028], [11.547329162753202, 48.13921101895174], [11.546982895100303, 48.13926754479106], [11.546967081230683, 48.13939304140427], [11.547009665037702, 48.139407233460574], [11.547134995485186, 48.13954396810426], [11.547139297446906, 48.1395435352832], [11.547170298648924, 48.13957720011679], [11.547166120000266, 48.13957898349354], [11.547193807560726, 48.13960759928032], [11.547324633208405, 48.13973517973015], [11.547478504474006, 48.13985736033847], [11.547552824901445, 48.139915652624936], [11.547764807529072, 48.14008023163708], [11.54782940366563, 48.1401304892351], [11.548065608314353, 48.14031323621163], [11.548067627602617, 48.14031288458699], [11.548092110003966, 48.14033878999898], [11.548110013745791, 48.14036449042761], [11.548124155234706, 48.1403904470761], [11.548134261307386, 48.14041719778355], [11.548142192716682, 48.140446727605955], [11.54819381517223, 48.14076337226514], [11.548223287806419, 48.140781072401964], [11.548229086620987, 48.14078455822474], [11.548242143855946, 48.140844755348866], [11.548231027681673, 48.14084644702986], [11.548417713932976, 48.141978185228794], [11.548421829243974, 48.14200367504163], [11.548433901846138, 48.142077312595646], [11.546382587873929, 48.142238486172], [11.546328656886102, 48.14224147233155], [11.546282252356532, 48.14224473971699], [11.546237324720995, 48.14224815790233], [11.546193330812516, 48.14225256853879], [11.544698160425757, 48.14236361188779], [11.543771934158617, 48.142432538491796], [11.542227162265892, 48.14254638555561], [11.54199103424765, 48.14256381980816]]]}, "geometry_name": "shape", "properties": {"sb_nummer": "08", "sb_name": "Schwanthalerh\u00f6he", "flaeche_qm": 2070313.17767}}, {"type": "Feature", "id": "vablock_stadtbezirk.14", "geometry": {"type": "Polygon", "coordinates": [[[11.563996098434885, 48.156928109691364], [11.563760452570019, 48.156947685004276], [11.56236800386656, 48.15716401460364], [11.562108560700326, 48.15721159251081], [11.560744085956022, 48.1574842244246], [11.560633365147368, 48.15751930469294], [11.56050995689355, 48.157564721941235], [11.56004248296037, 48.15763432327493], [11.555988079176522, 48.15543133046455], [11.554019854734072, 48.154353676117594], [11.553838902928856, 48.1542703169153], [11.553662438337474, 48.15418908285868], [11.549472960265716, 48.151896542619845], [11.548928320372967, 48.15111469903714], [11.54889071383712, 48.151071507606005], [11.548844324616757, 48.15102178510087], [11.548169724508833, 48.150028318363546], [11.54796970395354, 48.14957368866741], [11.54675723810946, 48.149814350623224], [11.545633448419029, 48.1488311521893], [11.545577607995435, 48.14877186428368], [11.545475494704089, 48.148668623877775], [11.543333163213019, 48.146829070877466], [11.542931684202607, 48.14648146651921], [11.542569625499873, 48.14626322860187], [11.542252322278058, 48.14599091127498], [11.541576503321489, 48.14530716474848], [11.541432216441613, 48.14514366084573], [11.54132212479773, 48.14501802109614], [11.5403051408692, 48.144005395884626], [11.540196382134349, 48.143895698690756], [11.5397094748461, 48.143420918697515], [11.539599356551026, 48.143414310504106], [11.539274506295648, 48.14340348209534], [11.539227667559334, 48.1433215692915], [11.538999499965634, 48.142922482128654], [11.538925643307033, 48.142793327155665], [11.539171292225099, 48.142773993545156], [11.540655919945912, 48.14265685079788], [11.54199103424765, 48.14256381980816], [11.542227162265892, 48.14254638555561], [11.543771934158617, 48.142432538491796], [11.544698160425757, 48.14236361188779], [11.546193330812516, 48.14225256853879], [11.546237324720995, 48.14224815790233], [11.546282252356532, 48.14224473971699], [11.546328656886102, 48.14224147233155], [11.546382587873929, 48.142238486172], [11.548433901846138, 48.142077312595646], [11.548440381601898, 48.14211753354861], [11.548450588138126, 48.14211676992201], [11.548466015470387, 48.14221188488449], [11.548500661705544, 48.14242649154955], [11.54855571139975, 48.14276622690566], [11.54856398536249, 48.142817614061], [11.548534475032016, 48.142842416569536], [11.548617804719813, 48.143343513237454], [11.548575632305033, 48.14338525366792], [11.548538746919736, 48.1434217983453], [11.548425207454084, 48.143508757608146], [11.548483995110729, 48.143629200679065], [11.550510928763337, 48.143170466581545], [11.555771480899459, 48.14208245638119], [11.556162332600795, 48.14205003415296], [11.556842778589516, 48.14199674809533], [11.56073757748673, 48.141158269693584], [11.561125752540173, 48.14104904505996], [11.561438204209255, 48.1409679095335], [11.56566322979615, 48.13964449086957], [11.566431648461181, 48.14024237513924], [11.566822695286643, 48.140385238934954], [11.5668885308177, 48.14040929395631], [11.568023252286165, 48.140823843176], [11.56934854651491, 48.141717610563894], [11.57277269326431, 48.14280968750337], [11.57378132508898, 48.143406235297896], [11.575579044148654, 48.14303164331375], [11.5773148950445, 48.14266807596639], [11.577450177587664, 48.14264032838602], [11.5775956958865, 48.14261058464865], [11.577813530171863, 48.14307915930794], [11.57837154730334, 48.14426984873529], [11.581907081656642, 48.14351677608329], [11.583448707155483, 48.14318371418586], [11.58355827708903, 48.143470023811815], [11.583634323867544, 48.14366904418433], [11.583664455313533, 48.14374766720533], [11.583671428801209, 48.1437659489567], [11.583737740030692, 48.143939377609044], [11.583740766426741, 48.143947302416294], [11.58376049970282, 48.14399917174173], [11.583769398024078, 48.14402932978028], [11.583773602322486, 48.14405677344902], [11.583774137219658, 48.14408495920937], [11.58377023452635, 48.144106943523205], [11.583746409345052, 48.14415596134053], [11.583703765951121, 48.144198880732226], [11.583702711728312, 48.14421263802486], [11.583858134790388, 48.14418831337318], [11.583858772083273, 48.14419254337262], [11.583925943743488, 48.144178937253486], [11.583941744438924, 48.14421310605645], [11.583986327343041, 48.144312748838594], [11.584041839731432, 48.14443573566293], [11.584168638199579, 48.14441108907394], [11.584165387566815, 48.144447042453024], [11.584165614235472, 48.144468712527775], [11.58416916268327, 48.144511252409394], [11.58417141527937, 48.1445315802993], [11.584174419477513, 48.14455865414259], [11.584186700517545, 48.14465023436663], [11.584197715761277, 48.14473302147158], [11.584198347530602, 48.14473797052981], [11.58421595575542, 48.14485343114131], [11.584238087978052, 48.144974480271756], [11.584265740918774, 48.14511019962383], [11.584273008766626, 48.14514188076652], [11.584290523855234, 48.14521891949245], [11.584300807467564, 48.1452597817786], [11.584317600008333, 48.14532647651162], [11.58432865069317, 48.145339195731005], [11.584342545433845, 48.145349408015136], [11.584361175261886, 48.145355681531456], [11.58437971292369, 48.14535682828455], [11.584416054568651, 48.14544905574601], [11.584414623922491, 48.14547603140956], [11.5844175705052, 48.14549384494592], [11.584428286661801, 48.14553111000321], [11.584490319546127, 48.14573580067547], [11.584495444714554, 48.145750117173755], [11.58463047440344, 48.14605915305884], [11.584674986599532, 48.146157246804385], [11.584789869963332, 48.146413414858344], [11.584917008661888, 48.146697252838315], [11.584990224671023, 48.14686688747128], [11.585017485489956, 48.146936062087036], [11.5850716990464, 48.14714519972567], [11.585104848252312, 48.14726709037112], [11.585135447122415, 48.14743797196754], [11.585162039355861, 48.14762241636126], [11.585178429838498, 48.14780783448168], [11.585187279198113, 48.14807652020241], [11.585186533164388, 48.148298131340184], [11.585179321225525, 48.14841106857623], [11.58517197616685, 48.14852400610657], [11.585169229936746, 48.14858100784709], [11.585154993889265, 48.148696059318056], [11.585138670701857, 48.14885310980278], [11.585109452398578, 48.149010044689284], [11.58508151648562, 48.14912470262836], [11.585038285189867, 48.149269584276325], [11.585020336835745, 48.149312406340414], [11.584873790941494, 48.14974641360342], [11.584868775073543, 48.14976815754852], [11.584840513856888, 48.14987127566521], [11.584859461636634, 48.14988766824097], [11.5848754188588, 48.14990068639669], [11.584916628447958, 48.14993324758866], [11.584957167371188, 48.14996415473934], [11.585020464751068, 48.15001225496471], [11.58508201520095, 48.15005970522796], [11.585368600268856, 48.150021777616054], [11.585703174823344, 48.1499770148221], [11.585781315979952, 48.14997191123138], [11.585834124521723, 48.149974268508394], [11.585894516213328, 48.14998402502036], [11.585913701824943, 48.14998778254711], [11.585935279173377, 48.14999487665319], [11.585988703574547, 48.1500193522512], [11.586044433583972, 48.15005884928167], [11.586067689677717, 48.15007547668699], [11.586140577469223, 48.15014065443873], [11.586220405279713, 48.1502293440941], [11.586947986024404, 48.15137071539499], [11.586961598299347, 48.151366177988365], [11.586963082267012, 48.151449018373526], [11.586983512420476, 48.151515443600374], [11.587020247714158, 48.15157865644509], [11.587170729691472, 48.15172411122294], [11.587683384768571, 48.152155127381796], [11.587738225320493, 48.152203090905324], [11.587949318657651, 48.15241410321238], [11.588068929673154, 48.15260320494838], [11.588192376776092, 48.1528509092376], [11.58818408276626, 48.15286248032418], [11.587997049989022, 48.153122073286866], [11.587907155461831, 48.15320574240271], [11.587807577516385, 48.153239997827455], [11.587716761378294, 48.15327107025934], [11.58769870731306, 48.153277214973166], [11.585990462915152, 48.15248965070784], [11.585727212646894, 48.15233877788655], [11.585431141500704, 48.152080763231545], [11.585262911259303, 48.15170114987689], [11.585130914749167, 48.151721762006275], [11.585129711367886, 48.15172195105229], [11.584828822940716, 48.15176908265927], [11.584826729541009, 48.151761970101234], [11.584594058687664, 48.151799696360634], [11.584458780089713, 48.151828913417106], [11.583521411960076, 48.1519706869861], [11.582469645992443, 48.15218385105322], [11.58232892954554, 48.152211451240134], [11.582220715301323, 48.152133984938565], [11.582131648382015, 48.15210768232506], [11.582054247372799, 48.15210435099792], [11.581986096103742, 48.152120568486154], [11.581922392502953, 48.152168304734914], [11.581857808572044, 48.15230696785919], [11.581743171138584, 48.15233180273741], [11.581758963803868, 48.152406531117], [11.581790423873068, 48.15247347414481], [11.582078120286916, 48.15308742814032], [11.582148079257433, 48.15323663853669], [11.582234237168732, 48.153218888724666], [11.582416012677688, 48.15359616290629], [11.582523611863637, 48.15383184467237], [11.582526261472646, 48.15383688963426], [11.582641821664401, 48.15406264752873], [11.582652524916732, 48.15408526075098], [11.582682704312292, 48.15414888148916], [11.580885976536962, 48.154488940859686], [11.579287635999833, 48.15468087796282], [11.578859378020217, 48.154727785450774], [11.576824720594917, 48.154952105605155], [11.576316572814083, 48.15501185418613], [11.576076595058488, 48.155028122903026], [11.57549980932541, 48.155125615738356], [11.575355676701015, 48.15515923873857], [11.575154260635712, 48.155207102803224], [11.570852174623186, 48.15644326218464], [11.570726138891436, 48.156480141864485], [11.570603731569571, 48.156516087202334], [11.570118452610748, 48.15659532223516], [11.568760444777498, 48.156694114590884], [11.568590855100707, 48.15671355702441], [11.568112949394738, 48.156770480176526], [11.566029869641227, 48.156799897779976], [11.565744376629173, 48.15678384495866], [11.563996098434885, 48.156928109691364]]]}, "geometry_name": "shape", "properties": {"sb_nummer": "03", "sb_name": "Maxvorstadt", "flaeche_qm": 4298192.33209}}, {"type": "Feature", "id": "vablock_stadtbezirk.15", "geometry": {"type": "Polygon", "coordinates": [[[11.536661355222712, 48.12938706763194], [11.536526131788317, 48.129474312471906], [11.536249780427475, 48.129612712648154], [11.535702204997008, 48.12986686604968], [11.53567211520651, 48.12988086707224], [11.535424358195774, 48.12985541590229], [11.535450324494137, 48.12983582287263], [11.53547670689648, 48.1298148817586], [11.535572883637075, 48.12974016508376], [11.53570915320269, 48.12962846258825], [11.535792933931232, 48.129557832713864], [11.535835576933591, 48.12952112715142], [11.535868211831245, 48.12949293233391], [11.535971854549418, 48.1294001985726], [11.536020644265864, 48.12935471920509], [11.536061844321337, 48.129316313312735], [11.536141283144897, 48.12923911697251], [11.536224359948434, 48.129157061439095], [11.536300948626948, 48.12907947802265], [11.536372137019644, 48.12900493003788], [11.536426950020806, 48.12894480110772], [11.536505234720638, 48.12885825234189], [11.536517306023601, 48.12884508451631], [11.536595624555902, 48.12875369134874], [11.536604719866345, 48.12874302857844], [11.536641375325349, 48.12869983335685], [11.536657937652468, 48.12868029566778], [11.536720856476146, 48.12860122147116], [11.536779177649487, 48.1285267126609], [11.536852638704275, 48.1284272906565], [11.536908706791362, 48.12834928905186], [11.536949543103091, 48.12829136803385], [11.536988731272814, 48.12823496896463], [11.537047920794013, 48.12814736052526], [11.537100351329382, 48.1280664680501], [11.537149962914532, 48.12798682284738], [11.537187066816921, 48.12792509437712], [11.537237159311207, 48.1278387683376], [11.537269113292222, 48.12778043335108], [11.537301208799947, 48.12772128991283], [11.53734669428685, 48.12763467778298], [11.537370773808306, 48.12758458607532], [11.537381712502775, 48.12756268367999], [11.537400054449016, 48.12752399223752], [11.537417029970241, 48.12748817342835], [11.53746592934196, 48.127383765282204], [11.537488149091066, 48.12733357606566], [11.537509297142156, 48.127283022709776], [11.537529633770403, 48.12723228662204], [11.537549019534348, 48.12718235615819], [11.537567292262475, 48.12713664872061], [11.537584766730575, 48.127088244237115], [11.537602140382504, 48.127036513639105], [11.537617634819668, 48.12698477776757], [11.537630805055572, 48.12693815998494], [11.53763241344804, 48.126938615737004], [11.5376402964712, 48.126928127229874], [11.537716586368886, 48.12662194680669], [11.537731451786078, 48.126580548152816], [11.537750699777598, 48.12651605302381], [11.537759059214705, 48.126482540843796], [11.537770910214375, 48.12641936268266], [11.53777812671311, 48.126378560426716], [11.537787633453764, 48.12632202865163], [11.53779735985868, 48.12625632131844], [11.537808017161211, 48.126176945335516], [11.537812596988635, 48.12613091414289], [11.537817226187364, 48.12607939581305], [11.537819872735676, 48.126039022952476], [11.537824180840797, 48.12597851017413], [11.537826665865303, 48.125926354476015], [11.537828066466162, 48.125875183718826], [11.53782935822128, 48.125821314183696], [11.537829592107721, 48.12578039176845], [11.53782942235083, 48.12573937839455], [11.537828979187566, 48.12572894337385], [11.537827886100727, 48.125685857479596], [11.53782602254229, 48.12563881061833], [11.537808817029923, 48.1256400923778], [11.537806249749313, 48.125611840673024], [11.537788630211272, 48.12553318124987], [11.537774848381604, 48.125471629399506], [11.537772950207723, 48.12546316738347], [11.537766610411367, 48.1254348604633], [11.537753934467489, 48.125260235808014], [11.537744613058745, 48.12517602035482], [11.537737889381388, 48.125176623310246], [11.537727800507861, 48.125088642976024], [11.53772221470415, 48.125022708886], [11.537721710113939, 48.12500418336992], [11.537698454055395, 48.12482665128169], [11.537684636630628, 48.124690152722735], [11.53713731106054, 48.122128040877904], [11.53702052002226, 48.121568239996755], [11.536971055529502, 48.12157155060009], [11.536970860835481, 48.12156282599124], [11.53690507515136, 48.12127215979544], [11.536817312273437, 48.12087289054038], [11.536718887578711, 48.120431722886565], [11.536703052053943, 48.12035583931002], [11.536689411254402, 48.120289589051154], [11.536676268003147, 48.120227927553074], [11.53666209849834, 48.1201609547344], [11.536587834400583, 48.11980260583183], [11.53649405904771, 48.11941047755957], [11.536412918481219, 48.11907905558159], [11.536387806901425, 48.11894485412951], [11.53624864181162, 48.11826507010542], [11.53620172344289, 48.118062201788014], [11.536157992153472, 48.11786365677089], [11.53614308777648, 48.117803970444164], [11.535971865670124, 48.11701360179063], [11.535942661322904, 48.1168790847729], [11.535915857072917, 48.11674838837121], [11.535895037838223, 48.11663927457598], [11.535902082341147, 48.116296951152506], [11.535883641697087, 48.11598608849027], [11.535886388235788, 48.11546846729919], [11.535850728876959, 48.11440069432645], [11.535889795285792, 48.11403095153189], [11.535892349044346, 48.11297899073349], [11.535984334578773, 48.11252377389085], [11.53599066133881, 48.1122470234375], [11.53598818195463, 48.11220507121217], [11.535987333504282, 48.11186824953892], [11.535987797193249, 48.11172247055434], [11.535994310169189, 48.11147283400936], [11.535996772618745, 48.11125835554521], [11.535996735765286, 48.11121702692741], [11.535984498188688, 48.11088610470955], [11.536064346109345, 48.11088686729806], [11.536063163457223, 48.11080589376875], [11.536060392505524, 48.11061196521329], [11.536064167547012, 48.1104167277705], [11.53605617315206, 48.11033594784005], [11.536046827753289, 48.10985693894878], [11.536013262299907, 48.10985662555824], [11.536030124381114, 48.109108470340544], [11.536016054985124, 48.108887610176254], [11.536021410013143, 48.108487249011574], [11.536093300934827, 48.10589953286041], [11.536115177758111, 48.105124683768274], [11.536111443379264, 48.10485153212562], [11.536056893050112, 48.10381158080909], [11.536049079386286, 48.10360977052102], [11.536132283319215, 48.10362766032632], [11.536146990858274, 48.10363082675437], [11.536214680580585, 48.103645399623574], [11.536265111238915, 48.10365625142778], [11.53631680349013, 48.10366737857997], [11.536412498652782, 48.103687972448604], [11.536414375586709, 48.10368824952423], [11.536404608780273, 48.103637486325745], [11.536400618485924, 48.10361750267957], [11.536389746624236, 48.10356252044184], [11.537913609113675, 48.10366246394112], [11.539206485690617, 48.10378247697891], [11.540400951126554, 48.10393424129852], [11.540594066808449, 48.103957857739694], [11.540599771122162, 48.10391612492323], [11.5406391250722, 48.103723656896335], [11.540671986897475, 48.10359669645044], [11.54070260858161, 48.10350151690434], [11.540725466640263, 48.10343022776105], [11.540848371344406, 48.10307615579975], [11.540855102567301, 48.10305672331947], [11.540862811566136, 48.10303287369583], [11.540856448302916, 48.103023945418585], [11.540893740982003, 48.102906000912455], [11.540932186619436, 48.1027793496366], [11.541074443643456, 48.10232863117098], [11.54111867135438, 48.10217222964858], [11.54114121322519, 48.102083547114596], [11.54114897423178, 48.102049017518766], [11.541161208893273, 48.10199458259012], [11.541166556578444, 48.10196712211342], [11.54117162226709, 48.10194110755221], [11.541176799756267, 48.101887343458024], [11.54120193348112, 48.10188510200253], [11.541288423689334, 48.101880441107255], [11.54129685551097, 48.10221792517229], [11.541252436672684, 48.102889662130025], [11.54126783358057, 48.10300240438247], [11.541362599437061, 48.103137678581646], [11.54167163879381, 48.10338147099802], [11.542338118627413, 48.10388811487457], [11.542610882697172, 48.10411896878197], [11.542814663562924, 48.104322250871675], [11.543176231921962, 48.10474229915262], [11.54342742105219, 48.10501740492428], [11.54370832329658, 48.10519529388793], [11.544122895263238, 48.10541688464617], [11.544898731257563, 48.10541214147096], [11.545501019161343, 48.10532217329869], [11.546238248098586, 48.10529029304643], [11.546476184363772, 48.10526171371637], [11.546937747106774, 48.10517566708748], [11.547628761812664, 48.105002600535514], [11.548053644773436, 48.10572330194917], [11.548863588250073, 48.105512879608945], [11.548965314257536, 48.105474460823814], [11.549257280955267, 48.10536764124511], [11.55052576345777, 48.10495071275744], [11.550513268645052, 48.10493777761084], [11.550485419150878, 48.104913839705354], [11.550477163439805, 48.104906343271054], [11.55029025419108, 48.104745943405916], [11.550642076964124, 48.10463553888009], [11.550744030812787, 48.10460357398912], [11.55091714752481, 48.10454977753336], [11.55101483036357, 48.104668341795296], [11.551116057974735, 48.104787564167474], [11.551178579264162, 48.1048691061264], [11.55124955030229, 48.10496992387486], [11.551307813958276, 48.105064038742384], [11.551330646358275, 48.10510900460898], [11.551379156905728, 48.10519489870071], [11.551425232668251, 48.1052878059001], [11.55146996573304, 48.10538224377331], [11.551517921102752, 48.10550772505189], [11.551553079319506, 48.10560356424605], [11.55158558841564, 48.10570919629895], [11.551540180115891, 48.105712161302115], [11.551546867064511, 48.10577675949603], [11.551627687363172, 48.10622455059176], [11.551574359262776, 48.10622676387384], [11.551600962880231, 48.106634294110165], [11.551646458353265, 48.10663456462254], [11.55164757430213, 48.106645269017555], [11.551655762984675, 48.106645571174], [11.551659083192149, 48.106712930052204], [11.551659307513544, 48.106718055715234], [11.551681701473019, 48.106753388114385], [11.55187146159821, 48.10674756211275], [11.551871211798728, 48.10674531276994], [11.551933250335942, 48.106744024252976], [11.551934720167155, 48.10676075932499], [11.55200804401094, 48.10675871251836], [11.552007382746394, 48.106741621156104], [11.552066742034333, 48.10673970195734], [11.552066313480152, 48.10674284817562], [11.552259162365512, 48.10673821891112], [11.552275586344882, 48.10671804216919], [11.55227339191767, 48.10669159189026], [11.552280244041919, 48.1066914369142], [11.552279774816475, 48.1066834301432], [11.552272249443542, 48.106683852924185], [11.552271158698275, 48.10666972784305], [11.552279354556847, 48.106669578097026], [11.552277811798898, 48.106661298250145], [11.552271364598724, 48.10666127416556], [11.55226933136074, 48.10664759563398], [11.552277528619001, 48.1066471759176], [11.552275808851203, 48.10661227318654], [11.552272449961082, 48.10661235053142], [11.552268966376444, 48.10661134819052], [11.552266698660986, 48.10660945142389], [11.552266047541325, 48.106607020243295], [11.552266735581826, 48.106605044293325], [11.552268361860891, 48.10660343080658], [11.552270788917363, 48.10660236099778], [11.55227361261314, 48.1066019212308], [11.552276565135235, 48.10660229201806], [11.552274022769453, 48.106570174446], [11.552351823885296, 48.10656668542025], [11.55248058778413, 48.10647760777346], [11.552470589282647, 48.106390260760506], [11.552456175536541, 48.106332836575206], [11.55233615038092, 48.10594496026952], [11.552571635461417, 48.105838226730775], [11.552990251388156, 48.10564845925199], [11.553046714062964, 48.105623411636444], [11.553055367423742, 48.1056233884332], [11.55305777057883, 48.10561787953528], [11.553391182598231, 48.105468248757816], [11.553616686355426, 48.1053663005389], [11.55368491474327, 48.10539373355964], [11.553936629288543, 48.10545733791644], [11.55400403382313, 48.10545985386346], [11.553959917710067, 48.105436113875086], [11.55369515194712, 48.10532928553721], [11.55374149489188, 48.10530827144063], [11.554035106415851, 48.10517514696769], [11.5542321903185, 48.10508577976186], [11.554343960876771, 48.1051434804794], [11.554372480086892, 48.10512208872316], [11.5542740245143, 48.10506227790453], [11.554947676423296, 48.1047606140195], [11.555052263576565, 48.10471377512762], [11.55512890345093, 48.104679455055816], [11.555632937363589, 48.10445364712922], [11.556170757162885, 48.10478228489177], [11.557026225498202, 48.105318406022526], [11.55717677748085, 48.10541252187253], [11.55727656253511, 48.105473159918354], [11.55751938849421, 48.105624313980016], [11.557541270512763, 48.1056407653899], [11.55930213873579, 48.10674513924064], [11.559480710580276, 48.10685679999948], [11.559618506530182, 48.106947251328826], [11.559722569984745, 48.107013381452845], [11.559912785090702, 48.10714907839076], [11.560092445335739, 48.10728720760541], [11.560275195684873, 48.10744099702766], [11.560445473607823, 48.107602021467166], [11.560496313202272, 48.10764143292994], [11.56057302251001, 48.107718261579244], [11.56084247713691, 48.10801862416763], [11.560998947472159, 48.108227374137975], [11.561052781580782, 48.10830789065077], [11.561167592303017, 48.108478593714324], [11.561226487601434, 48.10857820617087], [11.561280101021017, 48.10866745554101], [11.56133139766212, 48.10876074356083], [11.561371988571283, 48.10884974973474], [11.561410272947807, 48.10894178566795], [11.561578887310423, 48.10936232574196], [11.561602786984567, 48.109443363883564], [11.56162212058118, 48.10952357617191], [11.561644237704611, 48.10963914602611], [11.561653555694532, 48.109695755046616], [11.561667263097846, 48.10985113688193], [11.561672779971707, 48.109978227290014], [11.561671842152311, 48.11007748604375], [11.561666770636037, 48.11015641068063], [11.56164460982231, 48.110347528098906], [11.561631054940445, 48.11042491343691], [11.561584492414097, 48.11065008537926], [11.561552694948166, 48.110762554902784], [11.561521405973227, 48.11089211463493], [11.561383239543563, 48.11140799640729], [11.561334562547476, 48.111597762428865], [11.561160146221752, 48.11225240659854], [11.561144422672507, 48.11231638373875], [11.56113364397939, 48.11235177920411], [11.561113378246773, 48.11244425074854], [11.561080083360544, 48.112580689015964], [11.561063687003251, 48.11264786552884], [11.561030365756617, 48.11274370459104], [11.561028630188034, 48.11274871197569], [11.560998968773527, 48.112834334094494], [11.560984152475593, 48.112883191469805], [11.560971050066179, 48.11292641658321], [11.560950043940625, 48.11301106016243], [11.560927031579638, 48.11315739541055], [11.56091579328078, 48.113277783388625], [11.560915514564988, 48.1133741093432], [11.5608984211995, 48.11394714868394], [11.560898349676899, 48.11399940512294], [11.560896222017059, 48.11402673982608], [11.560892251322345, 48.11418822685072], [11.560870305098012, 48.1148191098315], [11.560856239025707, 48.115205533747776], [11.560856550249284, 48.11535690602418], [11.560858680006868, 48.11548418346567], [11.560881553082426, 48.11585469859642], [11.560889431796522, 48.115906699468354], [11.560896381552013, 48.115941883145716], [11.56090507895819, 48.115976893784136], [11.560915390560409, 48.116011641679904], [11.560927456754595, 48.116046220880115], [11.560941146725591, 48.11608054072229], [11.560958155598476, 48.11611964096389], [11.561024612483726, 48.11623888848283], [11.561089038726236, 48.116341669064454], [11.561122063929982, 48.11639036478549], [11.561198416967494, 48.11649094477836], [11.561267063962015, 48.11656855918442], [11.561320207123861, 48.11662110183218], [11.562268423290087, 48.11753532497043], [11.562298014710027, 48.11756188096523], [11.562296122697555, 48.11756331246238], [11.562444693848281, 48.11770302235989], [11.562410757250115, 48.11774480486737], [11.56249233747888, 48.1178178802499], [11.562512080135818, 48.11783378547855], [11.562508300185597, 48.11783610941026], [11.562505856596806, 48.11783906757597], [11.56250488789811, 48.117842392344635], [11.562505530651443, 48.117845722550065], [11.562507788933914, 48.11784878906193], [11.562514443375447, 48.117855919950536], [11.56199287917436, 48.11810695930468], [11.56198167329849, 48.11809828688522], [11.561976185326992, 48.11809628848276], [11.561970015889631, 48.11809536704215], [11.561963835584589, 48.11809579373956], [11.56195804898474, 48.118097300409005], [11.561953056672916, 48.11809988981214], [11.561949535975169, 48.11810329309744], [11.56194762045459, 48.118107331825264], [11.56194745124687, 48.11811146656834], [11.5619490275524, 48.11811551918468], [11.561957682045716, 48.118124362794624], [11.561720696541133, 48.11823925859435], [11.561699859635512, 48.118249167621755], [11.561433561220051, 48.11837592719643], [11.561429166995993, 48.11837141463662], [11.561423288923539, 48.1183677062955], [11.561416191282394, 48.11836525247604], [11.561408275955046, 48.11836405501282], [11.561400215870451, 48.1183642968535], [11.561394417053911, 48.118366882623384], [11.561389685816296, 48.118370372274896], [11.561386694609702, 48.118374587948104], [11.561385312664848, 48.11837916994128], [11.561385944516037, 48.11838384919138], [11.561396473580995, 48.11839342306278], [11.561352821548695, 48.11841429648342], [11.560987840007188, 48.11858825458781], [11.560872136924537, 48.118643323255725], [11.560868811169785, 48.11863935372297], [11.560864135869503, 48.1186361872067], [11.560858379031878, 48.11863391670861], [11.560851805344894, 48.11863281166467], [11.560845088240669, 48.118632875955015], [11.56083863094606, 48.11863411138647], [11.560772861454591, 48.118644752152164], [11.560712446894504, 48.11867247040739], [11.559905254798634, 48.11904585371705], [11.559926936133964, 48.1190845710159], [11.559923942146362, 48.11908589566453], [11.559655688861545, 48.11921318682037], [11.559653724025848, 48.11921131764166], [11.559630665557048, 48.1192222916699], [11.559565540076019, 48.119253613611946], [11.559480620133813, 48.11929428822497], [11.559410742753705, 48.119327772909365], [11.55935622546975, 48.11935499370634], [11.55829692558348, 48.11985433283271], [11.557053109018312, 48.12046007978913], [11.556467914502377, 48.12074152876472], [11.554971478516233, 48.12146108593971], [11.554246233557754, 48.12180198677502], [11.554056802959929, 48.12189104835891], [11.552560044532845, 48.1226110487365], [11.550741954536068, 48.12351996795956], [11.55026015454891, 48.123771561130305], [11.549854953821512, 48.12396963879807], [11.549139236504118, 48.12431404575596], [11.54903198895955, 48.12420063763112], [11.54889957396535, 48.12426424680379], [11.548837277453845, 48.124290532026045], [11.548820282103968, 48.12429837928245], [11.548663186749048, 48.124373938979566], [11.548506626017636, 48.1244481450011], [11.548496473083055, 48.12444144995703], [11.547217201962905, 48.125052503236155], [11.545817190885975, 48.1257266171042], [11.545747034914674, 48.125759711723035], [11.545662427466366, 48.12580175653416], [11.545573126887374, 48.125846359937285], [11.545494321313516, 48.125885744911656], [11.54549014679807, 48.12587160807259], [11.545393793347236, 48.12587906484633], [11.544881383052815, 48.1261013665336], [11.544715899700218, 48.12610177758923], [11.544443533319416, 48.12612285629333], [11.544459072690726, 48.12620503672286], [11.544365739174303, 48.12623010309576], [11.54430195389694, 48.126241260865214], [11.544211300743191, 48.126313196531264], [11.5441978279175, 48.126370945964965], [11.544181844630547, 48.12643944056709], [11.544169817646951, 48.12649326905658], [11.544151649798291, 48.126502004487726], [11.544057151188388, 48.126547430873806], [11.544040554160967, 48.126555372066875], [11.54379384072136, 48.12667412508873], [11.543176839575484, 48.126979830345455], [11.542683630309726, 48.1272243204735], [11.542130947465225, 48.12749180714411], [11.541917543575641, 48.12759607897141], [11.54123437681835, 48.12791254091902], [11.54092322258299, 48.12804095374898], [11.540382847382707, 48.128251391598205], [11.54022976744858, 48.128305448283044], [11.539663567746178, 48.12850542867574], [11.539644425944681, 48.12851218737671], [11.53945236774149, 48.12857663818537], [11.539237498605331, 48.128649006372335], [11.538952302123926, 48.12874556219387], [11.538918953430272, 48.12870495743112], [11.538913640821395, 48.12869837140006], [11.538795725996975, 48.12873263168395], [11.538673426859624, 48.1287681485858], [11.538653622376435, 48.12877382041954], [11.538662153493002, 48.12888635895285], [11.538447298795266, 48.128954489097204], [11.538343173987586, 48.12898816700359], [11.538277843510322, 48.12900940534651], [11.53818772533898, 48.12903872989914], [11.537288734375501, 48.129343703207006], [11.537284961024984, 48.1293449463969], [11.537200655356349, 48.1293374958627], [11.537179584769842, 48.129335703724486], [11.537149254486458, 48.12933297608522], [11.537127243822825, 48.12933109042934], [11.5370554446195, 48.12932478250464], [11.536661355222712, 48.12938706763194]]]}, "geometry_name": "shape", "properties": {"sb_nummer": "06", "sb_name": "Sendling", "flaeche_qm": 3938931.87105}}, {"type": "Feature", "id": "vablock_stadtbezirk.16", "geometry": {"type": "Polygon", "coordinates": [[[11.598039598639442, 48.122585655309415], [11.59805082540014, 48.122592975860506], [11.597883979814764, 48.12276590232183], [11.597839540289874, 48.122815136755484], [11.597818816120034, 48.1227853893559], [11.597801178379067, 48.1227733701714], [11.597782826392594, 48.12276674523983], [11.59732427988439, 48.12259494715241], [11.596626161869873, 48.122377052153055], [11.595878833172135, 48.12216553802234], [11.59502020531705, 48.12193013914969], [11.594973650116781, 48.121957141245254], [11.594312630903831, 48.12184533873324], [11.593722998666147, 48.1217440477832], [11.59373310504994, 48.121722767847096], [11.592698115340424, 48.1215401493739], [11.591748307899332, 48.12137035699143], [11.591680462319111, 48.12135814625339], [11.590615046098739, 48.12117119634628], [11.587793318478854, 48.12066268123846], [11.587631159832563, 48.12063421741826], [11.585236262726122, 48.12020873115992], [11.585129763715283, 48.120189297430876], [11.585077720847748, 48.12017976482297], [11.584804498884466, 48.12012948602781], [11.584725010900469, 48.12015796565938], [11.58448060776943, 48.1200829454153], [11.58440796536265, 48.12006291380521], [11.584273039415159, 48.12003745234187], [11.583293117929221, 48.119871940737035], [11.583305320417018, 48.119841951324275], [11.583166630080052, 48.119816996140194], [11.582512878740571, 48.119699115482284], [11.58247317919145, 48.119691954053536], [11.582463664626435, 48.11972177046282], [11.582385042403754, 48.119710237461014], [11.582350970043356, 48.119704534909474], [11.582241038422326, 48.11968459261725], [11.582146961343529, 48.11966754564191], [11.582123620511595, 48.11966368658327], [11.581600133056087, 48.11957085125744], [11.581589218441712, 48.11955570464131], [11.58157950568505, 48.11955461285495], [11.581471214931957, 48.11953993995571], [11.581275366267962, 48.119509526817474], [11.58105797760294, 48.11947122749336], [11.58069633246928, 48.11940370905686], [11.580470528419779, 48.1193594035037], [11.580347965616411, 48.11933413475607], [11.580041021644625, 48.11926226028125], [11.579758453176842, 48.119191471507236], [11.579391701730126, 48.11909565973412], [11.579306934809965, 48.11907066307808], [11.579262585103278, 48.11905633460371], [11.578757315730753, 48.11890799516046], [11.578014325157705, 48.11869738794044], [11.577992156210998, 48.11868707358019], [11.577975988738828, 48.11867635816468], [11.577960948931507, 48.11866229178071], [11.577952057745291, 48.118650334178774], [11.577508355836207, 48.11858353990071], [11.577491588403776, 48.118581051240284], [11.577486796073405, 48.11863994620916], [11.577482760976986, 48.11868867985805], [11.577469360999183, 48.11868530400383], [11.57744403246191, 48.118679007860116], [11.577360541241909, 48.118658202096285], [11.577306665003519, 48.118644787595535], [11.577285220522668, 48.11863949391247], [11.577252919173986, 48.11863137374238], [11.57709621938401, 48.11859233132108], [11.57714401995617, 48.118508057988166], [11.57717831818217, 48.118277507782075], [11.577192828766414, 48.1181628385067], [11.577094216857144, 48.11763413697004], [11.576885976372902, 48.11626045772088], [11.576750604945094, 48.11588203528685], [11.576631892494333, 48.11591351108947], [11.576613546538786, 48.115906794472345], [11.576559041855235, 48.11588709513797], [11.576454897705192, 48.11575974981707], [11.576410712888595, 48.11571184596702], [11.576377985279244, 48.115675853060964], [11.576262150785055, 48.115574463557095], [11.57622303632157, 48.11554636023998], [11.576181352178663, 48.115520045762295], [11.575981831804487, 48.11537768019267], [11.575952065180434, 48.115356441334924], [11.575844863795469, 48.11527591756517], [11.575794857627281, 48.11523373448858], [11.575747289098246, 48.11518994096929], [11.575704293275795, 48.11514445493523], [11.575666283132898, 48.115096828928095], [11.575594435227828, 48.1150001525048], [11.575567640647906, 48.11497694022402], [11.575498395234215, 48.114869853195394], [11.575466838897725, 48.114819291219895], [11.575407627118604, 48.114717091789174], [11.575349358073803, 48.11461452746479], [11.575293778847108, 48.11451163105665], [11.575269489765136, 48.11445929902996], [11.57524789064584, 48.11440634610672], [11.575219027660486, 48.11432386090053], [11.575206873281338, 48.11430025097818], [11.575172781656292, 48.11425056728426], [11.575063510592178, 48.114103315137775], [11.575006658037939, 48.1140263928316], [11.574901876468187, 48.11391312514504], [11.574859952119658, 48.11386602752718], [11.574818433012302, 48.11381875614568], [11.574774492951924, 48.113772188678745], [11.574737819415276, 48.113723307771906], [11.574705192855188, 48.1136729981268], [11.574652546939179, 48.11357648000304], [11.574600233655078, 48.113474570002516], [11.574542934735735, 48.11337371742833], [11.574482789861428, 48.11327366465635], [11.57441954957418, 48.11317243141808], [11.574387322562027, 48.1131220371423], [11.574353211204247, 48.113072356345235], [11.57433739476111, 48.11305197231219], [11.573923368976816, 48.11262128100499], [11.573739225674947, 48.11236480267462], [11.573692475074997, 48.112211418780696], [11.573798588792036, 48.11198482261345], [11.574474192784685, 48.11193611213047], [11.575718339098309, 48.11169970124012], [11.576129766005623, 48.11159059474715], [11.576439530641053, 48.11150868649345], [11.577066065476988, 48.11125134080584], [11.577613904094404, 48.11092370920652], [11.578008750034103, 48.11058633265766], [11.57813418904057, 48.11043986116213], [11.578411092507492, 48.11011706837557], [11.578972159814253, 48.10932650213578], [11.57984189259585, 48.10758123522566], [11.580264326381053, 48.10691792259283], [11.580659283666634, 48.106419171083715], [11.581326925732434, 48.10573933589207], [11.581946807920495, 48.10497539263024], [11.582126772422965, 48.104709632378395], [11.58224297482328, 48.104524897362595], [11.581556584196543, 48.10432741786794], [11.581626791067025, 48.10420234388041], [11.582159690274441, 48.10323781660157], [11.581710639358182, 48.099356226306504], [11.581641482967322, 48.09886723373825], [11.581638556206583, 48.09876181315444], [11.581657929880851, 48.098698663298045], [11.581712095417624, 48.098618511485405], [11.58197810346264, 48.09833594757774], [11.582159690015617, 48.09841363605669], [11.584924211072057, 48.09959272407894], [11.585177366720108, 48.099700719114864], [11.586519309894564, 48.09750717614838], [11.588198770999222, 48.09478417071573], [11.588299042495269, 48.09462634311817], [11.588208398086852, 48.09461086961698], [11.588159807931904, 48.09458814065394], [11.588136300930122, 48.09457714306927], [11.588080661848757, 48.09455112309318], [11.588057643089158, 48.09454222452509], [11.58795739140369, 48.09450364356897], [11.587048609161705, 48.094154403729014], [11.586474662266642, 48.09393369831959], [11.585588910928156, 48.09359291547939], [11.585572047714377, 48.093586381072726], [11.58556439184167, 48.09358343652822], [11.585486127121376, 48.09355307567393], [11.585420947048801, 48.093527849592384], [11.585460120788435, 48.09351440371527], [11.585539267791104, 48.09348733285519], [11.585671612294503, 48.093456138021814], [11.585809953970088, 48.09344853307848], [11.585947951216653, 48.093463510857816], [11.58608124815956, 48.09349341045933], [11.586201348563256, 48.09353178809675], [11.586314947833218, 48.09357912198467], [11.586420279271364, 48.093635348454974], [11.586921530808944, 48.093876834112976], [11.587348062771158, 48.09355516737958], [11.58750215266038, 48.09350007214651], [11.587714323878187, 48.093477139689725], [11.58802317167683, 48.09350113217189], [11.588225712082917, 48.093543053101754], [11.588377930997547, 48.09352723833144], [11.588559993900498, 48.09343011667582], [11.588835817031486, 48.092934103377814], [11.588912085740287, 48.092798416933626], [11.588829528174124, 48.09278076856096], [11.588860125188136, 48.09273214363034], [11.588941235029129, 48.092746186717704], [11.589070006077439, 48.092513505567005], [11.589303586675388, 48.09209030702954], [11.58951279306226, 48.09171426377078], [11.58976026289056, 48.09126699444246], [11.58999295719873, 48.0908425186495], [11.590228146217159, 48.090421015708905], [11.590472765641922, 48.0899776898509], [11.590694431281811, 48.08958374775581], [11.590920496342568, 48.089175969545245], [11.591015685830243, 48.089004349368714], [11.591041830477856, 48.088957405222665], [11.591161802551307, 48.08874107331215], [11.591391235780135, 48.088329988701034], [11.591617240545789, 48.0879099757347], [11.591834343943654, 48.08748525025976], [11.592029909225449, 48.08705208173692], [11.592184409446807, 48.086676156703724], [11.592232409169146, 48.086358915571324], [11.5922496331581, 48.08608060807413], [11.592326659729729, 48.085662656174755], [11.59253553644176, 48.08524257431137], [11.59262064520763, 48.085069951105936], [11.592912530238829, 48.08504173228191], [11.593117676248292, 48.08502195720977], [11.593615781908861, 48.084973880197], [11.593824938088792, 48.08504054830852], [11.594515451053576, 48.08526067809056], [11.59443824491511, 48.08536768505675], [11.594327501794734, 48.08551739668212], [11.594524281192015, 48.08557257460738], [11.594438510978312, 48.08571203572048], [11.594680756144724, 48.08580347043988], [11.594724230719597, 48.08581989933178], [11.594848077296861, 48.08566230949231], [11.59492524886839, 48.08556401583341], [11.595033164034563, 48.08542672093657], [11.59508070807517, 48.08543993361292], [11.595386468740989, 48.08552382631275], [11.595590848042695, 48.0855794659089], [11.595979688971468, 48.08569846739158], [11.596437784233864, 48.085785494660556], [11.59691038578357, 48.08583169818472], [11.5974151298893, 48.08583823463406], [11.597708541048634, 48.085871155763044], [11.597886450889105, 48.085933991013526], [11.598045844481314, 48.08606131094424], [11.598138892281295, 48.086337756270694], [11.598186392067303, 48.08644486590043], [11.598283713260715, 48.08653119473555], [11.598362240745926, 48.08658273940771], [11.598400127399714, 48.08659564374508], [11.598545911431659, 48.086645713234454], [11.599662236304697, 48.08688700499062], [11.601775528001186, 48.08734326594398], [11.603121981086717, 48.085573034494075], [11.603134436604108, 48.08557667439301], [11.603529239991378, 48.085061872030984], [11.604245951954066, 48.08542283108435], [11.60470986848574, 48.085688846224166], [11.605920161100354, 48.08639172293558], [11.606518436643446, 48.08682086573073], [11.60707378804521, 48.08683034383152], [11.607123444317589, 48.086831142064824], [11.607181148886502, 48.08683241620722], [11.607216846647594, 48.08683316688911], [11.607436528427817, 48.08683814434311], [11.607504970298935, 48.086839636120864], [11.607524035320536, 48.08684006613033], [11.60760378545693, 48.08684188594759], [11.60762272886491, 48.08684227461179], [11.607704481414435, 48.086843962507785], [11.60774959260501, 48.08684493656538], [11.607853210647978, 48.08684727416708], [11.607864618132831, 48.0868474929031], [11.60809772313523, 48.08685268523975], [11.608341568689767, 48.08685773392191], [11.60860484372507, 48.086866883837516], [11.608720735388086, 48.086871055486604], [11.609342136755595, 48.086893276826224], [11.609818899478146, 48.086920377413485], [11.60999688790513, 48.08693054999049], [11.610353923625155, 48.08695798410345], [11.610810083259096, 48.08699284632768], [11.611837351146859, 48.087090753087416], [11.611883891666395, 48.08709549288695], [11.611876335426446, 48.08713592831846], [11.611871293677126, 48.08716280138737], [11.611828388919543, 48.087395701922375], [11.61172007886062, 48.087759389224566], [11.611612488041786, 48.08809480797452], [11.611653154519209, 48.08809404778275], [11.611688728921266, 48.08809335209662], [11.611714914143123, 48.088092889735385], [11.611926141373662, 48.088088837797855], [11.612042692071405, 48.08808671317572], [11.61212379558557, 48.088084746889415], [11.61216232828035, 48.0880845218479], [11.612710824698631, 48.0880743293448], [11.612882529923093, 48.08806879215499], [11.613061203483811, 48.08806327250597], [11.613173289622708, 48.0880597636472], [11.613285370908049, 48.0880563447698], [11.613400947125562, 48.08805277606078], [11.613562303135511, 48.08804808794524], [11.613583514011601, 48.088047257873974], [11.614192166710106, 48.08802422022903], [11.614487557249753, 48.08802555759639], [11.614529434736896, 48.08802569201274], [11.61461923009497, 48.08802597893541], [11.614668356377063, 48.08802604633525], [11.614710503005844, 48.08802627083656], [11.614953705027608, 48.088031375029146], [11.615195980749476, 48.08803269992499], [11.615152577264169, 48.08830625908495], [11.615146105367941, 48.08834742497801], [11.615132463346841, 48.08843272492285], [11.615550706002244, 48.08844222681412], [11.615612844168172, 48.08844359909677], [11.615668270615805, 48.0884450369419], [11.61577365708149, 48.08844277051081], [11.616204511702865, 48.08843413690325], [11.61631406148396, 48.08843202977026], [11.616304670029907, 48.08846751789381], [11.616113962471232, 48.089185525857076], [11.61608634033069, 48.08928899382755], [11.616071691279247, 48.0893443686143], [11.616056638181266, 48.0894004625493], [11.616041999043876, 48.089455927985476], [11.61602695120756, 48.089512470798105], [11.61601176905635, 48.08956946387103], [11.615997139979337, 48.08962483819038], [11.61596229231715, 48.08975559983782], [11.615860979912277, 48.090136720114664], [11.61578822173382, 48.09041056479701], [11.615782136047065, 48.09043329301718], [11.615658365337259, 48.090899588150016], [11.615624943470163, 48.09102512981484], [11.61561016302746, 48.09108092412722], [11.61557991201879, 48.09119492734227], [11.615528529043335, 48.09138836430767], [11.615451534086414, 48.0913613169853], [11.61536209958172, 48.0913299027291], [11.615325287725488, 48.09148749065673], [11.61548140805627, 48.09155735906129], [11.615312094383086, 48.09216714353279], [11.615304289401848, 48.092206552759414], [11.61528962686238, 48.09228022074828], [11.615057023381254, 48.09323895053732], [11.615030463673959, 48.09334816172841], [11.614863077186017, 48.09416026741559], [11.614841207520996, 48.09423621216884], [11.614833793159775, 48.09426186254724], [11.614797812641552, 48.09438636979182], [11.614673576134523, 48.094392528703885], [11.614666054754602, 48.09439277373755], [11.614274663743547, 48.09440493719255], [11.613507557577806, 48.094404292798956], [11.612965557597018, 48.094425446371105], [11.612647597787637, 48.09443778702523], [11.611976481767995, 48.094452060073216], [11.61197862596534, 48.09448795397145], [11.611726990156301, 48.09449264145643], [11.611085656373902, 48.094504603309964], [11.610712220201096, 48.09451150901336], [11.609794615301233, 48.09455243707543], [11.6096095492199, 48.09456070712648], [11.609589402668886, 48.09456162833892], [11.609454247633076, 48.09456162760263], [11.608911349741216, 48.09456545038743], [11.608839581211148, 48.09457128109764], [11.60875394751636, 48.094578233859636], [11.608323835937504, 48.09461330538517], [11.608254919444647, 48.09461882980303], [11.607981009615118, 48.09467435987188], [11.607641324398863, 48.09474322338396], [11.607350498236123, 48.09480214320274], [11.60704059631962, 48.09486495328157], [11.6070241924377, 48.09486822574509], [11.606803642367996, 48.09495170335107], [11.60668877491213, 48.09499517173071], [11.606573773117285, 48.09503867003748], [11.606337710558275, 48.095127991236524], [11.606116869619346, 48.09521133824036], [11.60594162964262, 48.095277746913126], [11.605888614266041, 48.095312284051666], [11.60569037760401, 48.09544153454742], [11.605492798465074, 48.09557041975237], [11.605301968803232, 48.09569469926137], [11.60513928817708, 48.09580081351744], [11.605065634007552, 48.095848860208676], [11.605063608035895, 48.09585047272426], [11.604988202998495, 48.09593143249275], [11.604858077953374, 48.09607039840324], [11.604729440861055, 48.09620775035698], [11.604659195107988, 48.09628243192782], [11.604599519168499, 48.0963463550284], [11.604585175324926, 48.096361776348665], [11.604469312924014, 48.09648558866401], [11.604347728081056, 48.09661567808706], [11.604246623214687, 48.09672398031475], [11.604212431474545, 48.096790059791466], [11.604136826442605, 48.09693622503938], [11.604061219346363, 48.09708257024], [11.603969754879092, 48.09725935176416], [11.60385080057963, 48.097238886243794], [11.60382158265643, 48.09728240813545], [11.603105882155614, 48.09835645416225], [11.602557920343765, 48.09917806525028], [11.602412734043057, 48.09939540136102], [11.601963148949421, 48.100066876807944], [11.60193057914167, 48.10021273937755], [11.601517109925922, 48.10083549729009], [11.600967623351472, 48.10165581030236], [11.600417589205103, 48.10247623008948], [11.600157400049927, 48.102880356625406], [11.599904009248366, 48.10311465027899], [11.599839870217444, 48.10324775861085], [11.599774380629022, 48.1033836598682], [11.599837796941154, 48.10339827311692], [11.599831245742305, 48.1034121011124], [11.59968862524221, 48.103713802964954], [11.599603195170042, 48.10391225892106], [11.599501973011488, 48.10414749264036], [11.599490502494502, 48.104172272775585], [11.599410901424056, 48.10434412896098], [11.599303840879596, 48.10457535104537], [11.599363654866076, 48.10458734308857], [11.599171285109335, 48.10503331607777], [11.59905222824497, 48.10530973559065], [11.59894909258514, 48.10554870844287], [11.598758283742066, 48.1059911378982], [11.59867641391099, 48.10618121093745], [11.598365060053508, 48.10690359878269], [11.598258817659373, 48.10714992601444], [11.598229535670127, 48.10721754810307], [11.598227490771968, 48.10722140862422], [11.59818212799963, 48.1073094546775], [11.598142532334807, 48.10738633147955], [11.59816928963583, 48.10743337601741], [11.598170102095029, 48.107450017456856], [11.598053065096991, 48.107426488149784], [11.597991501845382, 48.10741412917595], [11.597882029444538, 48.10765928107297], [11.597863535854682, 48.107706165145174], [11.597761870729274, 48.108090571691], [11.597605858542547, 48.10858640241003], [11.597474174788823, 48.10889028056385], [11.597385056532625, 48.10908825748993], [11.597226483599464, 48.10944517215885], [11.597195512918583, 48.10943903586789], [11.596979615587376, 48.109925752482575], [11.59701112408032, 48.109931891067774], [11.59696535010397, 48.110034890677476], [11.596496518077686, 48.11109648457907], [11.596492414783034, 48.11110600096038], [11.596408589227279, 48.111296317044534], [11.596306423612633, 48.11148734190509], [11.596015742633858, 48.11203080767233], [11.595829243105959, 48.112517682450985], [11.595797071189017, 48.11263157571101], [11.595765453628003, 48.11274332750234], [11.595706430836266, 48.11297822269879], [11.595640504429456, 48.1132199279056], [11.595542402690011, 48.11347116207435], [11.595489778982166, 48.11369391727143], [11.595460727863728, 48.11383672964761], [11.595437094193677, 48.11396706172821], [11.59542989550396, 48.114025948071955], [11.595423554052363, 48.11407854163514], [11.595415796165069, 48.11414326322119], [11.59539337450585, 48.11436782826225], [11.595379772976035, 48.11451120925891], [11.595377163070507, 48.114605348641376], [11.595366158428803, 48.11486460119116], [11.595372816981708, 48.11500558076395], [11.595373659095644, 48.11502346415597], [11.595324414544063, 48.11508696552643], [11.59526792251394, 48.115149811830804], [11.595263088702506, 48.11514961513013], [11.595258020291908, 48.11516254821409], [11.595263553131248, 48.1152105067018], [11.59526550352182, 48.11546415044895], [11.595297034205721, 48.11591688404131], [11.595351834727678, 48.11627716999009], [11.595413077254562, 48.11655998691534], [11.595427326468437, 48.11662560583818], [11.595509861937115, 48.11693772938297], [11.595617662565342, 48.117308212452656], [11.595651242441239, 48.11742398030903], [11.595688272402787, 48.117551007656964], [11.595758409911062, 48.11779118967174], [11.59586793895744, 48.11818316832009], [11.595927448080426, 48.118416509919705], [11.595956825648411, 48.11847040075514], [11.595963249530604, 48.11850613056902], [11.595980866156413, 48.11859666973177], [11.596003353477899, 48.11868615670618], [11.596007243070146, 48.11870442830023], [11.596009838452481, 48.118716219997054], [11.596016408921566, 48.11871759214254], [11.596018346431562, 48.11872758291372], [11.596011543918177, 48.11873880061144], [11.596011927939733, 48.118758679303276], [11.596064130998338, 48.11899154350469], [11.596119551366677, 48.11924276644663], [11.596120305836784, 48.119249335025586], [11.596174864914751, 48.119488953792235], [11.59620212295507, 48.11960921219973], [11.596293539436141, 48.12028412155797], [11.59630082310594, 48.12031517184817], [11.59630519477746, 48.12034054724567], [11.596327578984118, 48.12046887001725], [11.596388323117715, 48.12067990977016], [11.596568330808163, 48.12104076651776], [11.596656360111007, 48.121217276708705], [11.596680936985384, 48.12126673999793], [11.596687248897064, 48.1212833101648], [11.596790299554428, 48.12143687946825], [11.596858846903531, 48.121537024912385], [11.596924578690702, 48.12161747168525], [11.596979083967923, 48.1216875276451], [11.597084629760396, 48.12180793664539], [11.597126938812231, 48.1218582585847], [11.597166576196326, 48.12190948403583], [11.597236152736137, 48.121981144427444], [11.597432973713671, 48.12215434974808], [11.597569713766292, 48.122253591384435], [11.597725208612598, 48.12239580148453], [11.597936967197983, 48.12257038310045], [11.597978797000957, 48.12254552653562], [11.598039598639442, 48.122585655309415]]]}, "geometry_name": "shape", "properties": {"sb_nummer": "17", "sb_name": "Obergiesing-Fasangarten", "flaeche_qm": 5720866.26585}}, {"type": "Feature", "id": "vablock_stadtbezirk.17", "geometry": {"type": "Polygon", "coordinates": [[[11.594791812808053, 48.14170540931862], [11.594778210763888, 48.1416747905873], [11.594765288133596, 48.14167753086513], [11.594720874535923, 48.141582784121795], [11.594708355374143, 48.141585526976236], [11.594223051110596, 48.140487755909305], [11.594236382538817, 48.14048411655871], [11.594206439382845, 48.14041225393566], [11.594221746542104, 48.14039639301278], [11.594168086004919, 48.14032057967076], [11.594098839536636, 48.140222695375186], [11.594051273671038, 48.140158034980864], [11.593922209678983, 48.1400019709559], [11.593397159745008, 48.139406376137714], [11.59324987953263, 48.13925641207397], [11.593139161356408, 48.139153599548244], [11.5930051527411, 48.13903925453421], [11.592880795981879, 48.13894508537596], [11.592787914934116, 48.13888088954061], [11.591804329548452, 48.138272681750564], [11.591784539447625, 48.13826047357134], [11.591765019662711, 48.13824826738727], [11.591745365427826, 48.138236060634526], [11.591725709513444, 48.13822403387571], [11.591706054753494, 48.13821173624862], [11.591686532381669, 48.13819979824913], [11.591666344932506, 48.138187226499525], [11.591646424631685, 48.138174834076686], [11.591626640640444, 48.13816253215366], [11.591607257501785, 48.138150501919256], [11.591587474917272, 48.138138200857554], [11.591567425158974, 48.13812571956279], [11.591547777640962, 48.13811351082526], [11.59152853311687, 48.13810148284887], [11.591509154188184, 48.138089455202405], [11.591488975017949, 48.13807688593438], [11.59146959754104, 48.138064860048125], [11.591456235171204, 48.13805645149812], [11.591449955033147, 48.13805256300079], [11.591430313922663, 48.13804026681841], [11.591410539253095, 48.1380278809669], [11.591390896471419, 48.138015764774885], [11.591371916516787, 48.138003917061255], [11.591352000974135, 48.13799161625954], [11.591344515644826, 48.13798691273713], [11.591332620196972, 48.13797949684586], [11.591312699920877, 48.13796710166549], [11.591292644607746, 48.13795461414973], [11.591289302720343, 48.137952532731795], [11.591272990144084, 48.13794239832372], [11.591253335734999, 48.13793018339297], [11.59123354856739, 48.13791778789535], [11.59121389422229, 48.137905573856216], [11.591194105473429, 48.13789336014657], [11.591174584805161, 48.1378812375636], [11.591154796965627, 48.13786893474673], [11.591135277206574, 48.137856723056885], [11.591116022539198, 48.13784478342057], [11.59109556259079, 48.13783202696154], [11.591078980225266, 48.1378217123543], [11.591060927418624, 48.1378104942273], [11.59105384020367, 48.13780606064224], [11.591041404927886, 48.137798280783535], [11.59102241734788, 48.137786518665166], [11.591002763102857, 48.13777430458793], [11.590983242479416, 48.13776218107179], [11.590963856323134, 48.13775005811844], [11.590943936721336, 48.13773775283881], [11.590924286044874, 48.137725448688016], [11.590905170277477, 48.137713595863055], [11.590885119325753, 48.13770111087742], [11.590865332967217, 48.1376888079776], [11.590846214270886, 48.13767686972825], [11.590826426904924, 48.13766457314296], [11.590806905970968, 48.13765254858177], [11.59078712036112, 48.13764007289057], [11.590767465788813, 48.13762795685841], [11.590747946980887, 48.13761584046], [11.59072829402889, 48.137603542625655], [11.5907087738514, 48.13759142535172], [11.590688985614271, 48.137579216942626], [11.590679760954515, 48.13757333968229], [11.590669600668527, 48.13756700843177], [11.590649946817022, 48.13755479878447], [11.590629757729385, 48.13754231777001], [11.590610639096699, 48.13753037858042], [11.590590985182631, 48.13751816712491], [11.59057133262064, 48.13750595563553], [11.590552746979759, 48.137494376031135], [11.590532823546589, 48.137482070767064], [11.590513569824266, 48.137470037430155], [11.590493246119388, 48.13745755132981], [11.590473994254351, 48.1374456079241], [11.590454608832983, 48.13743357484824], [11.59043482308544, 48.137421360040854], [11.59041583855866, 48.13740959955343], [11.59039591412909, 48.137397566926666], [11.590376928818376, 48.137385897330006], [11.590357539694546, 48.13737413695982], [11.590338819972837, 48.1373628293841], [11.590320233067708, 48.13735170326841], [11.590301512560613, 48.13734048658385], [11.590283593675943, 48.137329812391584], [11.590264338430526, 48.137318147064384], [11.590244816469944, 48.137306390570735], [11.590192994115831, 48.13726763344883], [11.590187390400391, 48.13726275784804], [11.590293962412963, 48.13724227486232], [11.590344421616395, 48.137232559129316], [11.590522443827714, 48.13719827947911], [11.590528434364309, 48.13720189292216], [11.590536572266577, 48.13720319404384], [11.590546068315767, 48.137201058801594], [11.590550921387917, 48.13719729796821], [11.590552853609891, 48.13719244767313], [11.59073343292688, 48.13715767181921], [11.59073850118005, 48.13716245779436], [11.590934812519587, 48.13734707608223], [11.591123729053676, 48.13749826963827], [11.592138556805514, 48.13816064866941], [11.592226705662219, 48.13817679469586], [11.592329014387758, 48.1381860606522], [11.592345307827749, 48.13818153315176], [11.592360804175906, 48.138175833207974], [11.592375367285912, 48.138169140254206], [11.592388728738857, 48.13816154313039], [11.592401021696075, 48.13815304333044], [11.59241184328021, 48.138143729129936], [11.59242119394589, 48.13813368959894], [11.592429069321694, 48.13812310479586], [11.592435202378251, 48.13811206442912], [11.592439866094079, 48.13809984969854], [11.592442517731492, 48.13808726827475], [11.592443153919838, 48.138074680152776], [11.592441775458079, 48.13806199443513], [11.592438244561622, 48.138049571451], [11.592432696190496, 48.13803750173298], [11.592211709028723, 48.13751952193111], [11.592250462314892, 48.13751210578758], [11.592205486952853, 48.137389811747106], [11.592179514177722, 48.13739475203356], [11.592177274972356, 48.13738952885857], [11.592170711018861, 48.137387077483005], [11.592143528328142, 48.13739228351334], [11.59210671091037, 48.1373283110266], [11.592056874733796, 48.13727894719928], [11.59188586900722, 48.13716341575913], [11.591767123673883, 48.1370784361695], [11.591735605513547, 48.13703748676645], [11.59170495566599, 48.136970910437775], [11.59162022621166, 48.1367751224641], [11.591584879635697, 48.136708649378114], [11.59154420763469, 48.136618962001116], [11.591509658298843, 48.13657029138448], [11.591470122254218, 48.13652312435568], [11.591339819762874, 48.13638568597073], [11.59110551352856, 48.13614752646876], [11.590833419873892, 48.13588007205935], [11.590766054929658, 48.13581821527176], [11.590709396423854, 48.13576350248774], [11.590645902390557, 48.135705448141216], [11.590549717949944, 48.13562058288859], [11.590263545865641, 48.13539787574598], [11.589944847173525, 48.13518659723509], [11.589823448289614, 48.13511275828135], [11.589640454399461, 48.1350135075132], [11.58951471127492, 48.13494558786969], [11.589315150455521, 48.13485225554313], [11.58930537940465, 48.134847634910024], [11.589168961734053, 48.13480481152817], [11.588996672124358, 48.13479580833426], [11.588992393722554, 48.134793274666464], [11.588949064722712, 48.134768380367106], [11.588944919031636, 48.13476602636501], [11.588805889587453, 48.13474529295579], [11.58871301100943, 48.13474919492746], [11.588638897900042, 48.13475828592684], [11.588632919894504, 48.134750263097594], [11.588539415635807, 48.13478176050985], [11.588449084683367, 48.13466147334624], [11.588451956056877, 48.134657867934884], [11.588450920008249, 48.13465423990693], [11.588446688729162, 48.134651706956525], [11.588441512831945, 48.134651372802956], [11.588350728946576, 48.134530516299776], [11.588354096835264, 48.13452678722701], [11.588353040490508, 48.134522915810514], [11.588348674474497, 48.13452040298903], [11.588343018969978, 48.134520234404256], [11.58825236503681, 48.13439946667387], [11.588255650579809, 48.134396024695235], [11.58825484878657, 48.13439208275621], [11.588250148595947, 48.134389312921094], [11.588244655100294, 48.134389184770825], [11.588153338986766, 48.134267535685964], [11.588157339178307, 48.13426368349529], [11.588155879226274, 48.13425905634415], [11.588149859478966, 48.13425661587183], [11.588143531978831, 48.13425743779992], [11.588112888042218, 48.1342191041121], [11.588116387426023, 48.134215744599125], [11.588115584541617, 48.13421119262125], [11.588109979528646, 48.134208231716755], [11.588103837840222, 48.13420855186792], [11.58807282892015, 48.134172207746914], [11.588076598519235, 48.13416788656184], [11.58807532542608, 48.13416406141737], [11.588070148338383, 48.134161377004006], [11.588063778780079, 48.13416165639799], [11.588032623158776, 48.13412530747355], [11.588036254843212, 48.13412158506304], [11.588034933835134, 48.13411696737672], [11.588029249926416, 48.13411436186631], [11.588023567574355, 48.134114754444546], [11.587992540011394, 48.13407849170366], [11.587996246346869, 48.13407448957504], [11.587995028108535, 48.134070338366904], [11.587989693882948, 48.134067629596885], [11.587983482875035, 48.13406793420746], [11.587951657681302, 48.134030670857555], [11.58795494311155, 48.13402645146517], [11.58795317483278, 48.13402232164802], [11.587947905970216, 48.13402000371487], [11.587941794540237, 48.13402047074242], [11.587830550631535, 48.13390574174939], [11.587833496803698, 48.13390196640578], [11.587831686282431, 48.13389763778355], [11.587826184046264, 48.13389543667781], [11.587820962427857, 48.13389590254655], [11.587711581801434, 48.13378309211526], [11.587713780870155, 48.13377924182747], [11.587711813829182, 48.1337755159946], [11.587708051299547, 48.133773721987296], [11.5877025160795, 48.13377361814612], [11.587592934985693, 48.13366082021675], [11.587595772638476, 48.13365697174099], [11.587593878017099, 48.133652761083496], [11.587589178764302, 48.1336507029399], [11.587583472103647, 48.13365098536915], [11.58747420737399, 48.133538266580004], [11.587539854305508, 48.133510079901995], [11.5874989539631, 48.1334678452412], [11.587510276729814, 48.13346294000953], [11.587529096498345, 48.13346138678878], [11.587927162620387, 48.133465851428326], [11.587963985299096, 48.13346625536526], [11.588003081163214, 48.13346810623241], [11.588014364783634, 48.13346974785747], [11.588048723485679, 48.13347474766344], [11.58810407137767, 48.13349211911078], [11.58807218145993, 48.13341988213352], [11.588052746137723, 48.13337537879673], [11.587993971952447, 48.13331365703999], [11.587810703482122, 48.13311400028755], [11.587638700138077, 48.13291109942226], [11.587460610962598, 48.13272037378695], [11.587303207732568, 48.13252300389025], [11.587057963995125, 48.13230953452719], [11.586804681589173, 48.132063836791815], [11.58677262533316, 48.13203926365978], [11.58674411556145, 48.132024865636154], [11.586693193265122, 48.1320234336552], [11.586568343922563, 48.13189633530198], [11.586595117482352, 48.131891218974175], [11.586585755428699, 48.13186941806871], [11.586530121462463, 48.13174156532776], [11.587424512594946, 48.131567625237906], [11.587369040018034, 48.13143999600389], [11.587358998235063, 48.131417833456254], [11.587368143829824, 48.13141633892346], [11.587342814984465, 48.13137307317479], [11.587315332737175, 48.13133033912052], [11.587285573172995, 48.1312880513703], [11.587272004383, 48.131271636089316], [11.587270258525542, 48.131271719506955], [11.587237374073355, 48.131235183456965], [11.587202340507277, 48.13119819462056], [11.587158470634051, 48.13115649731874], [11.58708263844488, 48.13109462574657], [11.586845553923116, 48.13091885001023], [11.586858923015551, 48.13090990095046], [11.586785074786484, 48.130856493882966], [11.586772928651932, 48.13086364728892], [11.586689608768973, 48.13080211235754], [11.586555096279652, 48.130700649984384], [11.586422070147682, 48.130600001592505], [11.586290315219914, 48.13049797202708], [11.58615988885942, 48.130394231574776], [11.58603103567715, 48.13029094684351], [11.58590357575383, 48.13018640957484], [11.585776426016464, 48.13008110665275], [11.585651292251015, 48.129975709617476], [11.585527493326365, 48.129869235033404], [11.585404466193951, 48.12976205999702], [11.585163316569075, 48.129546583265615], [11.585149586316536, 48.129533754362384], [11.585143053587576, 48.12952764240884], [11.585104044090624, 48.129491185124465], [11.585078803004325, 48.129467593672864], [11.585068802285383, 48.12945874610331], [11.584287585021318, 48.12875715072372], [11.584254211503861, 48.128728065252], [11.584226773202923, 48.12870414333687], [11.584162861569615, 48.12865192819918], [11.584094747462247, 48.128601860014754], [11.584024049799904, 48.128554219981964], [11.583949973477779, 48.128508457311966], [11.583872409029139, 48.128464560064124], [11.583794043464502, 48.12842306884879], [11.583712840951303, 48.12838345629027], [11.583629876535298, 48.128345906052935], [11.583545106075805, 48.12831152047803], [11.583456958770963, 48.128278566791835], [11.583366775473577, 48.12824821335782], [11.58327457792893, 48.12822116152414], [11.583181154709152, 48.128196439764906], [11.583085832098275, 48.128173425272585], [11.582990192036764, 48.12815428786953], [11.582892385423987, 48.128137748235346], [11.582792814640568, 48.12812389719357], [11.582694445899262, 48.12811150100208], [11.582594166015198, 48.1281024274616], [11.58249412659083, 48.128096860336356], [11.582395008805054, 48.128094071671676], [11.58229439614201, 48.128093527333206], [11.582192276590765, 48.128096301045304], [11.581267240892915, 48.12812622711324], [11.58120166411843, 48.12812832533626], [11.581031143304713, 48.12813383014591], [11.58098374197524, 48.128131504906875], [11.580946312153506, 48.128125347388185], [11.580892407526035, 48.128112925856286], [11.580887924183681, 48.128119206408954], [11.580878276162201, 48.12811611375321], [11.580856708329344, 48.12810839314508], [11.580836090036582, 48.12809950575438], [11.580830604854892, 48.128096607489056], [11.580804971305657, 48.12808320333003], [11.580731731998506, 48.1280448962027], [11.580634776690399, 48.12799419181041], [11.58062902630497, 48.12799120411575], [11.580581280805957, 48.12796675502929], [11.580592140789781, 48.12795276302144], [11.580498234706294, 48.12790357274706], [11.580488072785176, 48.127913607050395], [11.580355285238634, 48.12785229624459], [11.58028928262178, 48.12782326152972], [11.580169426359197, 48.127776428372805], [11.579978231038345, 48.12771099535014], [11.579647708106474, 48.12760888527141], [11.579414391721599, 48.12753649352878], [11.579162571037104, 48.1274559111842], [11.579022001779485, 48.127409812799726], [11.578956754681823, 48.12738700585015], [11.5788928707726, 48.12736267549161], [11.578885942172565, 48.127360096578975], [11.57884119104277, 48.12734342397102], [11.578759402942028, 48.127311113029954], [11.578698767382877, 48.1272868832916], [11.578631305803537, 48.12725984014268], [11.578570676908907, 48.12723281631688], [11.578435863164067, 48.12717441374542], [11.578324371210593, 48.127122212562234], [11.578178968924222, 48.1270496209386], [11.5780136508446, 48.126961691917884], [11.577847790083732, 48.1268600691289], [11.577846593343292, 48.1268587157001], [11.57782801682253, 48.12684785277998], [11.577821333539562, 48.126844050871775], [11.577828766407503, 48.12683850505866], [11.577817544503073, 48.12683153785245], [11.57771374594546, 48.12676847111637], [11.577612807010011, 48.12670608874142], [11.577602381287651, 48.126699667818926], [11.57761259597407, 48.12667935330297], [11.577602847246236, 48.12665893973663], [11.577610484156018, 48.126650785345085], [11.577605808438138, 48.12664168715302], [11.577419208193326, 48.12653760664777], [11.577239675949635, 48.126439200626415], [11.576461253512774, 48.12602546702872], [11.575345394177152, 48.12543502906472], [11.575313701627971, 48.12541809557089], [11.575281198064298, 48.125401337717626], [11.575249497836337, 48.12538430360106], [11.575217664995954, 48.12536708979034], [11.57465710179077, 48.12507007294758], [11.574629814772388, 48.12505603323346], [11.57383898562084, 48.12463853077081], [11.573807950540072, 48.124621959144825], [11.573012157886785, 48.124204878073726], [11.572791467429436, 48.12408894672895], [11.572546477881177, 48.12394904155351], [11.572506220101525, 48.123927141498974], [11.572355326269173, 48.123839642523805], [11.572209525421501, 48.12376869353536], [11.5710506035119, 48.12314131677876], [11.56986166154661, 48.122518639282006], [11.569730981649936, 48.12245022637777], [11.56959601250881, 48.122379526625565], [11.569486782059524, 48.12232218695209], [11.569326869308084, 48.1222158226847], [11.56939397842645, 48.12218422317989], [11.569454829603814, 48.12214738464861], [11.56950849723519, 48.12210585239029], [11.56955420863168, 48.12206024656607], [11.56959128674275, 48.1220112454836], [11.569619181164741, 48.121959587601864], [11.56963745699345, 48.12190603668793], [11.569645846864415, 48.121851401347506], [11.569644356153542, 48.12179767361367], [11.569633298019205, 48.12174444966926], [11.5696313372998, 48.121737879127316], [11.5696231003963, 48.12171528054685], [11.569612521074779, 48.121691765291295], [11.569601448963112, 48.121671085523545], [11.569589524527876, 48.12165177271997], [11.571306653292353, 48.121126312935075], [11.571525232193604, 48.1210364477219], [11.572362906472128, 48.12069174389231], [11.572453987346153, 48.120657535237484], [11.572538861282817, 48.12062572852812], [11.575235641393487, 48.11952809806364], [11.575351475628668, 48.11949757370242], [11.575460426349828, 48.1194679288188], [11.576560512085045, 48.119015017586946], [11.576924725555976, 48.11881262393648], [11.576989544634085, 48.11876291338793], [11.577083687575467, 48.1186123702864], [11.57709621938401, 48.11859233132108], [11.577252919173986, 48.11863137374238], [11.577285220522668, 48.11863949391247], [11.577306665003519, 48.118644787595535], [11.577360541241909, 48.118658202096285], [11.57744403246191, 48.118679007860116], [11.577469360999183, 48.11868530400383], [11.577482760976986, 48.11868867985805], [11.577486796073405, 48.11863994620916], [11.577491588403776, 48.118581051240284], [11.577508355836207, 48.11858353990071], [11.577952057745291, 48.118650334178774], [11.577960948931507, 48.11866229178071], [11.577975988738828, 48.11867635816468], [11.577992156210998, 48.11868707358019], [11.578014325157705, 48.11869738794044], [11.578757315730753, 48.11890799516046], [11.579262585103278, 48.11905633460371], [11.579306934809965, 48.11907066307808], [11.579391701730126, 48.11909565973412], [11.579758453176842, 48.119191471507236], [11.580041021644625, 48.11926226028125], [11.580347965616411, 48.11933413475607], [11.580470528419779, 48.1193594035037], [11.58069633246928, 48.11940370905686], [11.58105797760294, 48.11947122749336], [11.581275366267962, 48.119509526817474], [11.581471214931957, 48.11953993995571], [11.58157950568505, 48.11955461285495], [11.581589218441712, 48.11955570464131], [11.581600133056087, 48.11957085125744], [11.582123620511595, 48.11966368658327], [11.582146961343529, 48.11966754564191], [11.582241038422326, 48.11968459261725], [11.582350970043356, 48.119704534909474], [11.582385042403754, 48.119710237461014], [11.582463664626435, 48.11972177046282], [11.58247317919145, 48.119691954053536], [11.582512878740571, 48.119699115482284], [11.583166630080052, 48.119816996140194], [11.583305320417018, 48.119841951324275], [11.583293117929221, 48.119871940737035], [11.584273039415159, 48.12003745234187], [11.58440796536265, 48.12006291380521], [11.58448060776943, 48.1200829454153], [11.584725010900469, 48.12015796565938], [11.584804498884466, 48.12012948602781], [11.585077720847748, 48.12017976482297], [11.585129763715283, 48.120189297430876], [11.585236262726122, 48.12020873115992], [11.587631159832563, 48.12063421741826], [11.587793318478854, 48.12066268123846], [11.590615046098739, 48.12117119634628], [11.591680462319111, 48.12135814625339], [11.591748307899332, 48.12137035699143], [11.592698115340424, 48.1215401493739], [11.59373310504994, 48.121722767847096], [11.593722998666147, 48.1217440477832], [11.594312630903831, 48.12184533873324], [11.594973650116781, 48.121957141245254], [11.59502020531705, 48.12193013914969], [11.595878833172135, 48.12216553802234], [11.596626161869873, 48.122377052153055], [11.59732427988439, 48.12259494715241], [11.597782826392594, 48.12276674523983], [11.597801178379067, 48.1227733701714], [11.597818816120034, 48.1227853893559], [11.597839540289874, 48.122815136755484], [11.597883979814764, 48.12276590232183], [11.59805082540014, 48.122592975860506], [11.598138146443176, 48.12265196194543], [11.598241271933121, 48.12272165256032], [11.598258097262626, 48.12273421553944], [11.59832103570272, 48.1227759064654], [11.598284842750836, 48.12279914916331], [11.598514107005677, 48.12293914761224], [11.599073261336848, 48.12328738331614], [11.599084881714486, 48.123295786315744], [11.599342375987174, 48.12346563487281], [11.600384436747914, 48.12411433295219], [11.600742878947736, 48.12426111189418], [11.600759689574419, 48.12427610160037], [11.600862767311858, 48.12425271661043], [11.600864760490962, 48.12425551214064], [11.600885635332197, 48.12430253352933], [11.600913602698379, 48.124368345872014], [11.600919209077247, 48.12438097086727], [11.60102904683197, 48.12433055563597], [11.601079719504137, 48.124372808973455], [11.601162108273645, 48.124441533225735], [11.601242514027186, 48.124498908172676], [11.601491892840418, 48.12466297366798], [11.601553483069145, 48.124687113089834], [11.601625687593701, 48.12471137916286], [11.601704781944335, 48.124731801740374], [11.601785891635767, 48.124752769777544], [11.601956459031568, 48.12479032799199], [11.601956357263424, 48.12480309935031], [11.60204449421013, 48.12481804761063], [11.602303167430088, 48.124858307939846], [11.602310903937877, 48.12486526085766], [11.602303619221148, 48.124904708455404], [11.602409906980439, 48.124914372762575], [11.602559086004337, 48.124920209996766], [11.60262908860992, 48.12491961978909], [11.60271013370132, 48.12491555711948], [11.602827228598318, 48.12490568803478], [11.60294261028206, 48.12489178606531], [11.603042978806114, 48.12487297211386], [11.603139990911574, 48.124850108567536], [11.60323717604256, 48.124822216536735], [11.603318101368188, 48.12479652047309], [11.603434369957242, 48.124873169919326], [11.603916586102367, 48.12519419579529], [11.604880918730489, 48.12583285241952], [11.605872616918187, 48.126489514045], [11.605981996410518, 48.12656163467392], [11.606602820010707, 48.126971171342234], [11.606761074755253, 48.12707550066539], [11.607412173111848, 48.127504195420904], [11.608132801766919, 48.12797936859091], [11.608377893319453, 48.12814082976591], [11.608704080141013, 48.128355501833205], [11.60882372909436, 48.12843421689262], [11.608984986071327, 48.12855389753529], [11.609095729830008, 48.12864933761786], [11.60921752784248, 48.12877458696587], [11.609316683077054, 48.12887724735033], [11.610287044351647, 48.12988191410682], [11.61090508268829, 48.13052819665288], [11.610978040992311, 48.13063084915499], [11.611008242044617, 48.130668982634205], [11.611043004129808, 48.13070776015046], [11.611356227297634, 48.13102762343463], [11.611652352401654, 48.131336108881584], [11.611665944184068, 48.131350544831314], [11.61171405053274, 48.13140135045956], [11.611751918529484, 48.13145607266292], [11.611762196757306, 48.13149990480991], [11.611812333635855, 48.131477774182194], [11.61203600897681, 48.13170514709936], [11.611926633534935, 48.131745166001245], [11.61198542206871, 48.13178682687607], [11.61200198930342, 48.13179857400405], [11.612641858350624, 48.13225182520345], [11.612699045676997, 48.132292397388895], [11.613005755670283, 48.13246633363651], [11.613079857802273, 48.13250840229239], [11.613157303827291, 48.13255236718116], [11.613626875056504, 48.132774086390995], [11.614131519005694, 48.133011852373585], [11.6142343874349, 48.133051868168295], [11.614706005857148, 48.13323551537093], [11.615273778996434, 48.13341602373755], [11.615359163572691, 48.133443202389486], [11.615597285132605, 48.13350949480441], [11.615982308465169, 48.13361688652671], [11.616044246001282, 48.13363391628827], [11.616119089556284, 48.133649552495356], [11.616256438826442, 48.13367826693723], [11.616371826463674, 48.13369745503284], [11.616496656275968, 48.13371818612074], [11.616663780577507, 48.13374588434878], [11.617028676205754, 48.13379562747925], [11.617423976355038, 48.133838989838544], [11.617813490067268, 48.133866304330304], [11.617863457085251, 48.133867187306834], [11.618371334025131, 48.13387583868398], [11.618611043049157, 48.13388037862525], [11.619014207327702, 48.13386425312779], [11.619018847172004, 48.13392803759396], [11.618712596689837, 48.134934182165914], [11.61867208038439, 48.135036945226375], [11.618670024845251, 48.13504251506056], [11.61865168276724, 48.135088955290705], [11.61850440065961, 48.135462697553706], [11.618033170542207, 48.13665948039389], [11.618004804969704, 48.13673158720051], [11.618203512516992, 48.136752487874816], [11.618193097128586, 48.13679687664122], [11.61880586368594, 48.13686161852762], [11.619653744841646, 48.136950926705914], [11.61985403819578, 48.136972025905386], [11.619804957979364, 48.13718832428936], [11.619740502918065, 48.137183530946075], [11.619607168977119, 48.137172284141116], [11.61947451793568, 48.137159504545394], [11.61942543136894, 48.13733958508235], [11.619380224650214, 48.13750533598921], [11.619371154907032, 48.13765906835587], [11.619362770970417, 48.137809953410475], [11.619354409638193, 48.13795851016536], [11.61934755810017, 48.13808845163458], [11.617004748231944, 48.138103428396384], [11.614647837269818, 48.13819209198547], [11.613010576254707, 48.138253609938594], [11.610862080847458, 48.13848573631747], [11.609009357173694, 48.13875955930146], [11.607493010898795, 48.13900915469602], [11.606527871086431, 48.139167592813024], [11.606514825653877, 48.139107773358155], [11.606479470039805, 48.138954885701665], [11.606478560917889, 48.138882054191384], [11.606477099448487, 48.13877504289213], [11.606453992337375, 48.13877433543591], [11.60644128761779, 48.138766197132824], [11.60644055188283, 48.13875666157342], [11.606423694343547, 48.1387520754305], [11.606416533401509, 48.138740880680245], [11.606423201491209, 48.13872955297406], [11.606439846745364, 48.1387246402682], [11.606457654673154, 48.13872980950595], [11.606465387197055, 48.138741725518], [11.60647667635013, 48.13874158360813], [11.60647630382684, 48.138719367051976], [11.606305412542387, 48.138644737586645], [11.605303373458222, 48.13816708706477], [11.605019358354133, 48.138198409287604], [11.604883774730862, 48.13821297380925], [11.604756643609157, 48.13767093753453], [11.604626066141323, 48.137687547743475], [11.604611003244639, 48.13768956474688], [11.604051760884118, 48.13776382019284], [11.604044716863246, 48.1377539930373], [11.6033156978957, 48.13795744925023], [11.603175800284614, 48.13799653544438], [11.602689143630975, 48.13813495030347], [11.602692105549428, 48.13816850053013], [11.602693141435731, 48.13818135316264], [11.60269333143116, 48.13818370092866], [11.602733640420384, 48.13818149360827], [11.6027316420823, 48.13819668248762], [11.60273320076774, 48.13830837595238], [11.602733901127314, 48.13832240862406], [11.602737001117207, 48.13838882713054], [11.602739337178802, 48.13843889292745], [11.602737837247426, 48.138459842714454], [11.602736314341609, 48.13846577359856], [11.602764567539527, 48.13846029335418], [11.602778690354244, 48.138494248415704], [11.602716485292335, 48.138511931755055], [11.60257898224579, 48.13868863829237], [11.60264494341237, 48.1388629029365], [11.602685406874128, 48.13898653063687], [11.602713177969296, 48.13908250271771], [11.6027330010955, 48.139191995294524], [11.602765398603221, 48.13932544797099], [11.60279253439298, 48.13942788237555], [11.602808134285413, 48.13942631774079], [11.602837505413854, 48.13953506844683], [11.60292831841243, 48.13977948213339], [11.602991484507362, 48.13992198586525], [11.603064191549322, 48.140092625054535], [11.601567389134079, 48.14040682078936], [11.601264354985886, 48.14047046763679], [11.600223654891487, 48.14068456502856], [11.600098238241586, 48.14071026172905], [11.599954151770989, 48.14073978213587], [11.598861786117975, 48.14096157722875], [11.598822691430376, 48.140876187448455], [11.598797737466068, 48.140855060647034], [11.598771947243868, 48.14083725951546], [11.598742246401615, 48.14082124477448], [11.59873555232308, 48.1408182550387], [11.59871921978363, 48.14081064786505], [11.598712660173458, 48.14080765868467], [11.598677689094425, 48.14079504472684], [11.598642970418675, 48.14078449998003], [11.598603263868242, 48.14077573359382], [11.598500641128757, 48.14077541619703], [11.598401968826616, 48.140775111916966], [11.598377741343631, 48.14077997362573], [11.598329244178402, 48.14079437242833], [11.59829689433142, 48.14080523145089], [11.598269648621287, 48.14081682711019], [11.598242520849016, 48.14083049232773], [11.598216460601142, 48.14084533102043], [11.598192399516172, 48.1408625143459], [11.598172229969887, 48.14088070109194], [11.59815436645918, 48.14089628744601], [11.598109034706024, 48.140935970832885], [11.597501494984913, 48.141059373535555], [11.597426359170136, 48.141074666805245], [11.597314067397665, 48.14109747312975], [11.597272476074982, 48.14110434148495], [11.597249609785386, 48.141106238835995], [11.597230509626787, 48.14110788006071], [11.597211161073545, 48.141107450167574], [11.597190068484286, 48.14110701291758], [11.597150318602388, 48.14110354051415], [11.597111798869088, 48.14109764502245], [11.59707290005748, 48.14108842074225], [11.597036177918136, 48.14107578919114], [11.597002158676885, 48.141061279825294], [11.596971513606237, 48.141044714606586], [11.596943304726715, 48.14102618132989], [11.59691727939045, 48.14100432341674], [11.596896503371804, 48.140981496506484], [11.596877615892204, 48.14095759752652], [11.596646440929613, 48.140538542694664], [11.596601695589381, 48.14048325035327], [11.596576322966033, 48.140460944804914], [11.596544676826719, 48.14043295038735], [11.596525151430123, 48.14041965997989], [11.596478743900828, 48.14038819579863], [11.596403479575663, 48.14035060214106], [11.596319982937837, 48.140321703000694], [11.596230781834796, 48.14030150780624], [11.596138292952116, 48.14028939504856], [11.59604424425476, 48.14028809253996], [11.595950931422161, 48.140296152806435], [11.595860370614307, 48.14031303629523], [11.59577522425241, 48.14033998125006], [11.595697526030241, 48.1403752231114], [11.595629700782755, 48.14041851454056], [11.595572028194887, 48.14046841765774], [11.595560485441613, 48.14048312833612], [11.595528452317238, 48.14052420629681], [11.595499764492295, 48.14058400451116], [11.595485030953284, 48.14064601042395], [11.595487089984388, 48.140708976671114], [11.595504477287234, 48.1407709243952], [11.595749260986674, 48.1413058664949], [11.595748150557762, 48.14132771886086], [11.59574082147694, 48.141337136203], [11.595703771507837, 48.1413844920903], [11.595695899186396, 48.14139462714671], [11.59566692754426, 48.14140504646121], [11.595659113175484, 48.141390267531484], [11.595628289471373, 48.141396992733625], [11.595626172207346, 48.14139275844696], [11.595572467988589, 48.14140416764819], [11.595574449989217, 48.14140849227273], [11.595560722100588, 48.14141123104223], [11.595542553035857, 48.141414942972176], [11.595585628915805, 48.14150971513623], [11.595574457342561, 48.14151201372645], [11.595588466729566, 48.14154246389688], [11.594791812808053, 48.14170540931862]]]}, "geometry_name": "shape", "properties": {"sb_nummer": "05", "sb_name": "Au-Haidhausen", "flaeche_qm": 4219982.79992}}, {"type": "Feature", "id": "vablock_stadtbezirk.18", "geometry": {"type": "Polygon", "coordinates": [[[11.600919209077247, 48.12438097086727], [11.600913602698379, 48.124368345872014], [11.600885635332197, 48.12430253352933], [11.600864760490962, 48.12425551214064], [11.600862767311858, 48.12425271661043], [11.600759689574419, 48.12427610160037], [11.600742878947736, 48.12426111189418], [11.600384436747914, 48.12411433295219], [11.599342375987174, 48.12346563487281], [11.599084881714486, 48.123295786315744], [11.599073261336848, 48.12328738331614], [11.598514107005677, 48.12293914761224], [11.598284842750836, 48.12279914916331], [11.59832103570272, 48.1227759064654], [11.598258097262626, 48.12273421553944], [11.598241271933121, 48.12272165256032], [11.598138146443176, 48.12265196194543], [11.59805082540014, 48.122592975860506], [11.598039598639442, 48.122585655309415], [11.597978797000957, 48.12254552653562], [11.597936967197983, 48.12257038310045], [11.597725208612598, 48.12239580148453], [11.597569713766292, 48.122253591384435], [11.597432973713671, 48.12215434974808], [11.597236152736137, 48.121981144427444], [11.597166576196326, 48.12190948403583], [11.597126938812231, 48.1218582585847], [11.597084629760396, 48.12180793664539], [11.596979083967923, 48.1216875276451], [11.596924578690702, 48.12161747168525], [11.596858846903531, 48.121537024912385], [11.596790299554428, 48.12143687946825], [11.596687248897064, 48.1212833101648], [11.596680936985384, 48.12126673999793], [11.596656360111007, 48.121217276708705], [11.596568330808163, 48.12104076651776], [11.596388323117715, 48.12067990977016], [11.596327578984118, 48.12046887001725], [11.59630519477746, 48.12034054724567], [11.59630082310594, 48.12031517184817], [11.596293539436141, 48.12028412155797], [11.59620212295507, 48.11960921219973], [11.596174864914751, 48.119488953792235], [11.596120305836784, 48.119249335025586], [11.596119551366677, 48.11924276644663], [11.596064130998338, 48.11899154350469], [11.596011927939733, 48.118758679303276], [11.596011543918177, 48.11873880061144], [11.596018346431562, 48.11872758291372], [11.596016408921566, 48.11871759214254], [11.596009838452481, 48.118716219997054], [11.596007243070146, 48.11870442830023], [11.596003353477899, 48.11868615670618], [11.595980866156413, 48.11859666973177], [11.595963249530604, 48.11850613056902], [11.595956825648411, 48.11847040075514], [11.595927448080426, 48.118416509919705], [11.59586793895744, 48.11818316832009], [11.595758409911062, 48.11779118967174], [11.595688272402787, 48.117551007656964], [11.595651242441239, 48.11742398030903], [11.595617662565342, 48.117308212452656], [11.595509861937115, 48.11693772938297], [11.595427326468437, 48.11662560583818], [11.595413077254562, 48.11655998691534], [11.595351834727678, 48.11627716999009], [11.595297034205721, 48.11591688404131], [11.59526550352182, 48.11546415044895], [11.595263553131248, 48.1152105067018], [11.595258020291908, 48.11516254821409], [11.595263088702506, 48.11514961513013], [11.59526792251394, 48.115149811830804], [11.595324414544063, 48.11508696552643], [11.595373659095644, 48.11502346415597], [11.595372816981708, 48.11500558076395], [11.595366158428803, 48.11486460119116], [11.595377163070507, 48.114605348641376], [11.595379772976035, 48.11451120925891], [11.59539337450585, 48.11436782826225], [11.595415796165069, 48.11414326322119], [11.595423554052363, 48.11407854163514], [11.59542989550396, 48.114025948071955], [11.595437094193677, 48.11396706172821], [11.595460727863728, 48.11383672964761], [11.595489778982166, 48.11369391727143], [11.595542402690011, 48.11347116207435], [11.595640504429456, 48.1132199279056], [11.595706430836266, 48.11297822269879], [11.595765453628003, 48.11274332750234], [11.595797071189017, 48.11263157571101], [11.595829243105959, 48.112517682450985], [11.596015742633858, 48.11203080767233], [11.596306423612633, 48.11148734190509], [11.596408589227279, 48.111296317044534], [11.596492414783034, 48.11110600096038], [11.596496518077686, 48.11109648457907], [11.59696535010397, 48.110034890677476], [11.59701112408032, 48.109931891067774], [11.596979615587376, 48.109925752482575], [11.597195512918583, 48.10943903586789], [11.597226483599464, 48.10944517215885], [11.597385056532625, 48.10908825748993], [11.597474174788823, 48.10889028056385], [11.597605858542547, 48.10858640241003], [11.597761870729274, 48.108090571691], [11.597863535854682, 48.107706165145174], [11.597882029444538, 48.10765928107297], [11.597991501845382, 48.10741412917595], [11.598053065096991, 48.107426488149784], [11.598170102095029, 48.107450017456856], [11.59816928963583, 48.10743337601741], [11.598142532334807, 48.10738633147955], [11.59818212799963, 48.1073094546775], [11.598227490771968, 48.10722140862422], [11.598229535670127, 48.10721754810307], [11.598258817659373, 48.10714992601444], [11.598365060053508, 48.10690359878269], [11.59867641391099, 48.10618121093745], [11.598758283742066, 48.1059911378982], [11.59894909258514, 48.10554870844287], [11.59905222824497, 48.10530973559065], [11.599171285109335, 48.10503331607777], [11.599363654866076, 48.10458734308857], [11.599303840879596, 48.10457535104537], [11.599410901424056, 48.10434412896098], [11.599490502494502, 48.104172272775585], [11.599501973011488, 48.10414749264036], [11.599603195170042, 48.10391225892106], [11.59968862524221, 48.103713802964954], [11.599831245742305, 48.1034121011124], [11.599837796941154, 48.10339827311692], [11.599774380629022, 48.1033836598682], [11.599839870217444, 48.10324775861085], [11.599904009248366, 48.10311465027899], [11.600157400049927, 48.102880356625406], [11.600417589205103, 48.10247623008948], [11.600967623351472, 48.10165581030236], [11.601517109925922, 48.10083549729009], [11.60193057914167, 48.10021273937755], [11.601963148949421, 48.100066876807944], [11.602412734043057, 48.09939540136102], [11.602557920343765, 48.09917806525028], [11.603105882155614, 48.09835645416225], [11.60382158265643, 48.09728240813545], [11.60385080057963, 48.097238886243794], [11.603969754879092, 48.09725935176416], [11.604061219346363, 48.09708257024], [11.604136826442605, 48.09693622503938], [11.604212431474545, 48.096790059791466], [11.604246623214687, 48.09672398031475], [11.604347728081056, 48.09661567808706], [11.604469312924014, 48.09648558866401], [11.604585175324926, 48.096361776348665], [11.604599519168499, 48.0963463550284], [11.604659195107988, 48.09628243192782], [11.604729440861055, 48.09620775035698], [11.604858077953374, 48.09607039840324], [11.604988202998495, 48.09593143249275], [11.605063608035895, 48.09585047272426], [11.605065634007552, 48.095848860208676], [11.60513928817708, 48.09580081351744], [11.605301968803232, 48.09569469926137], [11.605492798465074, 48.09557041975237], [11.60569037760401, 48.09544153454742], [11.605888614266041, 48.095312284051666], [11.60594162964262, 48.095277746913126], [11.606116869619346, 48.09521133824036], [11.606337710558275, 48.095127991236524], [11.606573773117285, 48.09503867003748], [11.60668877491213, 48.09499517173071], [11.606803642367996, 48.09495170335107], [11.6070241924377, 48.09486822574509], [11.60704059631962, 48.09486495328157], [11.607350498236123, 48.09480214320274], [11.607641324398863, 48.09474322338396], [11.607981009615118, 48.09467435987188], [11.608254919444647, 48.09461882980303], [11.608323835937504, 48.09461330538517], [11.60875394751636, 48.094578233859636], [11.608839581211148, 48.09457128109764], [11.608911349741216, 48.09456545038743], [11.609454247633076, 48.09456162760263], [11.609589402668886, 48.09456162833892], [11.6096095492199, 48.09456070712648], [11.609794615301233, 48.09455243707543], [11.610712220201096, 48.09451150901336], [11.611085656373902, 48.094504603309964], [11.611726990156301, 48.09449264145643], [11.61197862596534, 48.09448795397145], [11.611976481767995, 48.094452060073216], [11.612647597787637, 48.09443778702523], [11.612965557597018, 48.094425446371105], [11.613507557577806, 48.094404292798956], [11.614274663743547, 48.09440493719255], [11.614666054754602, 48.09439277373755], [11.614673576134523, 48.094392528703885], [11.614797812641552, 48.09438636979182], [11.614833793159775, 48.09426186254724], [11.614841207520996, 48.09423621216884], [11.614863077186017, 48.09416026741559], [11.615030463673959, 48.09334816172841], [11.615057023381254, 48.09323895053732], [11.61528962686238, 48.09228022074828], [11.615304289401848, 48.092206552759414], [11.615312094383086, 48.09216714353279], [11.61548140805627, 48.09155735906129], [11.615325287725488, 48.09148749065673], [11.61536209958172, 48.0913299027291], [11.615451534086414, 48.0913613169853], [11.615528529043335, 48.09138836430767], [11.61557991201879, 48.09119492734227], [11.61561016302746, 48.09108092412722], [11.615624943470163, 48.09102512981484], [11.615658365337259, 48.090899588150016], [11.615782136047065, 48.09043329301718], [11.61578822173382, 48.09041056479701], [11.615860979912277, 48.090136720114664], [11.61596229231715, 48.08975559983782], [11.615997139979337, 48.08962483819038], [11.61601176905635, 48.08956946387103], [11.61602695120756, 48.089512470798105], [11.616041999043876, 48.089455927985476], [11.616056638181266, 48.0894004625493], [11.616071691279247, 48.0893443686143], [11.61608634033069, 48.08928899382755], [11.616113962471232, 48.089185525857076], [11.616304670029907, 48.08846751789381], [11.61631406148396, 48.08843202977026], [11.616331917525049, 48.08843164724479], [11.616343866924183, 48.08843142178591], [11.616718418792997, 48.08842475375994], [11.616749969091817, 48.088423966440494], [11.61680087313639, 48.08843790790376], [11.616755601933884, 48.08862392773019], [11.617383879385995, 48.08857775539257], [11.623717965170908, 48.08811220823835], [11.623754224366083, 48.08810971784688], [11.623738906690122, 48.08801785394599], [11.623803769144295, 48.088013650935196], [11.623775515167557, 48.08782660423523], [11.623711559303906, 48.08732450184815], [11.623743670928253, 48.08732217190618], [11.623817031841154, 48.08731664185384], [11.623883808227413, 48.08731172110789], [11.625031998182795, 48.08722664343719], [11.626308765494787, 48.087133348929584], [11.626348175353574, 48.087102538048526], [11.626444659782903, 48.08708666327164], [11.626460246927401, 48.08708419672078], [11.626469787711395, 48.08708269988063], [11.62648174749183, 48.08708076079577], [11.626701369593219, 48.087095335152874], [11.62685395585977, 48.087099078339556], [11.627011098148198, 48.087084649892006], [11.627037411019693, 48.087083831984884], [11.627055886704344, 48.08707129522884], [11.627056681793912, 48.08705366603634], [11.627039460445653, 48.08704029747586], [11.627008153475686, 48.0870067319691], [11.626901680226085, 48.08695403025739], [11.626568814012858, 48.08683895488106], [11.626581301018774, 48.08680023675312], [11.62659312238267, 48.08679874532642], [11.626805107305767, 48.086772602480664], [11.626921967200225, 48.08676000980171], [11.627621756625077, 48.0867011523767], [11.627711071053, 48.08669362702846], [11.62774975138706, 48.086690338525415], [11.6277864185833, 48.08668731293016], [11.62783298434223, 48.086689627006876], [11.627907401021004, 48.086683309835735], [11.628672378939443, 48.08661948361204], [11.629325419215744, 48.08656719182326], [11.62962855126645, 48.086546391825], [11.629625873564505, 48.08625689817738], [11.629665207449268, 48.086256478839225], [11.63036541928557, 48.08622233153033], [11.630999562930668, 48.086182327868904], [11.632112093558824, 48.086064002359244], [11.632854180220352, 48.08598684374181], [11.632954666308175, 48.08597640552971], [11.633043157619877, 48.085967212254126], [11.633054057563296, 48.0858242403974], [11.633059888867889, 48.085571250223175], [11.633066912420992, 48.08549113415519], [11.633061687354035, 48.08503552526496], [11.633056557462885, 48.084884442966256], [11.633038083407248, 48.08469316363714], [11.633032572858776, 48.08460167526419], [11.633029927285252, 48.08450399171394], [11.633038170899006, 48.084274065818235], [11.633071725150048, 48.08427425922535], [11.633141695353325, 48.08427138517628], [11.633641612668812, 48.08425093712292], [11.634149911026652, 48.08422547616879], [11.634719556628372, 48.084179465622505], [11.634824332592986, 48.08416838024218], [11.635165690346076, 48.08413205487175], [11.635668425985367, 48.084065144646665], [11.636253541355108, 48.08398121074882], [11.636770351912931, 48.08390317126797], [11.637421314570375, 48.08380127181033], [11.638250242119033, 48.0836674571025], [11.638232817542054, 48.08362333136592], [11.637404699851782, 48.08374059699257], [11.637375916670146, 48.08363599232105], [11.637786443960005, 48.08358342069945], [11.638193193667318, 48.08352705892245], [11.63907519244812, 48.083393038403074], [11.639780860337481, 48.083279949659705], [11.639864471336558, 48.083265460838], [11.64073670381773, 48.083114209246084], [11.64133568226236, 48.08300976223189], [11.64159677913035, 48.082964232147766], [11.64225619706239, 48.08284703345531], [11.642816086181805, 48.08273804417809], [11.643804428011032, 48.08254688530944], [11.644382461193066, 48.08242643716561], [11.645171580835111, 48.082263887959705], [11.64540564976395, 48.082218671230386], [11.645887532113907, 48.08212557473653], [11.646308142236233, 48.082048009857075], [11.646749862202268, 48.08196990017641], [11.646789094317647, 48.08196301217429], [11.646819700873591, 48.08202156266889], [11.647761322892475, 48.08180697974626], [11.647963550352664, 48.08176090381195], [11.648257800424075, 48.08169306877423], [11.649389472351302, 48.081432099686054], [11.649461637699105, 48.08141558960128], [11.64948194192898, 48.081410976603166], [11.649783922401058, 48.081341070566125], [11.649889692124356, 48.08131701639918], [11.649957299792641, 48.08130147679274], [11.650144567366675, 48.0812816126196], [11.65022426090099, 48.081269166408084], [11.650814893739053, 48.08115398090943], [11.651276519138753, 48.08106005156939], [11.65152041454299, 48.081010441006235], [11.652310585631398, 48.0808576665808], [11.652614119198015, 48.08080406850685], [11.65309400644872, 48.080711141554595], [11.653648524199339, 48.080600214889756], [11.653908101889675, 48.080551830376116], [11.654178949158082, 48.080499295811805], [11.654321708021037, 48.080469031394685], [11.65448197094351, 48.08043507785933], [11.654707038502487, 48.08039423425696], [11.655161357663667, 48.08030338609852], [11.655486488036946, 48.08024392084826], [11.656013514563979, 48.080150860586826], [11.65667348711823, 48.08003424787722], [11.65710687206605, 48.07996054077658], [11.657469837870536, 48.07989880686616], [11.658259983877624, 48.07975243358904], [11.658372467088942, 48.07973046206956], [11.658426461464572, 48.079719879220114], [11.658475928004616, 48.07971018310685], [11.659043748270902, 48.0795985551421], [11.659134303840865, 48.079581569892746], [11.659237245024043, 48.0795618997494], [11.659963202560348, 48.07943746373752], [11.660073904886865, 48.079418453477274], [11.66020353111893, 48.07939619369964], [11.660236649901563, 48.07946499251297], [11.660299306754256, 48.079445941543526], [11.66066851429326, 48.07932898271994], [11.660738110816581, 48.07931551059584], [11.660796689605501, 48.079304168036174], [11.661035216017442, 48.07925787208016], [11.661434195746393, 48.0791805970869], [11.66145595034576, 48.07917688324512], [11.661564196764923, 48.079155969577386], [11.661732793501136, 48.07912336666829], [11.66190470136042, 48.079090166662894], [11.66195994789539, 48.079079545917175], [11.662153325197517, 48.07905027669091], [11.662216890050267, 48.07904030519188], [11.662402242977054, 48.07901268017618], [11.662445359796159, 48.07900605844894], [11.662565370691327, 48.07897780934883], [11.662649901955387, 48.07895791604398], [11.662714812206884, 48.078942642884634], [11.662914854695893, 48.078895496957415], [11.663147701416014, 48.07885229317657], [11.663367146937002, 48.078811584493685], [11.663474863267238, 48.07899326360106], [11.664375332786754, 48.07870879920322], [11.664331106717109, 48.07861512398564], [11.66442262333663, 48.07860038066472], [11.664754423498334, 48.07854696815084], [11.66479460555271, 48.07854052521915], [11.66487939586602, 48.07852684373785], [11.665013242042521, 48.07850528319736], [11.66564883879174, 48.07840222350771], [11.665577660394002, 48.07822610396858], [11.665569857671061, 48.0782085444431], [11.665973676964787, 48.07816789398076], [11.666452405624268, 48.07811972943315], [11.666847952880198, 48.07807439190241], [11.667153262410684, 48.07803945248995], [11.667423724752263, 48.07800848639786], [11.667458769874754, 48.078004453676044], [11.667783181285023, 48.07796719453526], [11.667822925619577, 48.07796271419607], [11.668249611076144, 48.0779765874353], [11.66857227790123, 48.07798707634347], [11.668895435774628, 48.07799773649243], [11.669218357513651, 48.0780086828611], [11.66954068598586, 48.07801880079089], [11.66983676314914, 48.07802856628884], [11.669862519125042, 48.07802954120342], [11.67019849271592, 48.07804276829759], [11.670453681052912, 48.078052770380125], [11.670534464552741, 48.0780528208174], [11.67087057732611, 48.0780528370877], [11.671205931936079, 48.078053095862465], [11.671574737206736, 48.078053072989924], [11.671661543161557, 48.078053076094335], [11.671736066398587, 48.078053067084774], [11.67173672309514, 48.07805306890146], [11.67186444677663, 48.07806491959685], [11.673451025495647, 48.07821228043055], [11.673516921829506, 48.07835574708077], [11.673532689056561, 48.07839015135619], [11.673621791016474, 48.07858397993328], [11.673711637574593, 48.0787796213162], [11.674197518707446, 48.07873017811972], [11.674263582945661, 48.078723452126866], [11.674270430203991, 48.0787230218144], [11.674376237166753, 48.07871199136967], [11.674972400110805, 48.07865078474653], [11.674977637243227, 48.078650170547306], [11.675157989710668, 48.07863170696094], [11.675284759015726, 48.07861867472619], [11.67533955722701, 48.07861316529146], [11.675514572502024, 48.078595229508714], [11.675688209070568, 48.07857737957351], [11.675855510121792, 48.078560223199275], [11.676014744729063, 48.07854380975083], [11.67631855607259, 48.078512689740585], [11.676597419277154, 48.07848398787834], [11.676812268381033, 48.078461896659896], [11.677028445599154, 48.07843965619967], [11.677187716981807, 48.078423318545184], [11.677262935375394, 48.07841563594671], [11.67737174605634, 48.07840452550001], [11.677429375237079, 48.07839867101421], [11.67751292253248, 48.07839010658934], [11.67759617025883, 48.07838154009079], [11.677697946626763, 48.07837113774966], [11.67776387246372, 48.07836440126593], [11.677883693220501, 48.0783521733569], [11.677900753690889, 48.078350430269055], [11.677933263713609, 48.078347106728565], [11.67800862332756, 48.078339510327574], [11.678013057961987, 48.07833898399086], [11.678024744846018, 48.078337760325695], [11.678208838920147, 48.078318860040284], [11.678352374895399, 48.07830370570374], [11.678563448884272, 48.078282535177166], [11.678617026950757, 48.07827684027991], [11.678656770389354, 48.07845174254745], [11.678807833399594, 48.07843768618505], [11.678949107920003, 48.07842451395529], [11.679022702458802, 48.07841762842705], [11.679221719829279, 48.07839903790012], [11.67938783529777, 48.078383466099815], [11.679364711933887, 48.078283412173164], [11.67934509788708, 48.07819892677096], [11.67941212104605, 48.078191739021975], [11.679643606366875, 48.078166997562796], [11.67979013361456, 48.07815133520846], [11.679896072359622, 48.0781399393593], [11.680351112002024, 48.078091290608626], [11.680486857881963, 48.07807673834701], [11.680616158783591, 48.078062888866455], [11.68063522856662, 48.078060333623945], [11.680987483565358, 48.07801175940377], [11.681699340191313, 48.07791334106129], [11.682125330916026, 48.07785489976272], [11.682232248211657, 48.07784018918218], [11.682562742141984, 48.077794782766944], [11.682747930342405, 48.077769390769745], [11.682968989954624, 48.07775174722564], [11.68297234751758, 48.077751477114546], [11.683558330684859, 48.07770459425218], [11.684066281252434, 48.07766400989899], [11.68424142079402, 48.0776433683263], [11.684354747102036, 48.07763009860726], [11.685300433007765, 48.077518679615444], [11.685656241268296, 48.07748952393632], [11.68539720365915, 48.07762812903616], [11.685229261553928, 48.07776970072252], [11.685062685965939, 48.077909296608524], [11.685034785914763, 48.077928110811925], [11.684824537711663, 48.078071547564306], [11.684703901092263, 48.078190487975384], [11.68461133251738, 48.078311975362915], [11.684592730636094, 48.07834716639162], [11.684537743819805, 48.07845013245639], [11.684478393309659, 48.07856262513564], [11.684336850671778, 48.078799054586554], [11.68432764571788, 48.07881135244245], [11.684235184836568, 48.07893375929623], [11.684108888322509, 48.07910092088348], [11.684072928918228, 48.07914874779485], [11.683785754737487, 48.079727040121995], [11.683749545591969, 48.07982219563939], [11.683649832839416, 48.0800840154806], [11.683635917359354, 48.08012049511939], [11.683623207788719, 48.080157157128745], [11.683586032127943, 48.080264197386555], [11.683586136960471, 48.080570134359725], [11.683560757951685, 48.08065827011424], [11.68349919078092, 48.08087348969121], [11.68347724998793, 48.0809509605928], [11.683444595683214, 48.08106617068982], [11.68346523627537, 48.08132779071867], [11.683497919925363, 48.081425557130565], [11.683517255677092, 48.08148928878315], [11.683239766572504, 48.08159943969016], [11.683100958622187, 48.081654272971726], [11.68296664805953, 48.08176601662806], [11.682903722472714, 48.08178679142095], [11.682873739561412, 48.08179659984224], [11.682736059613255, 48.08192688606737], [11.682703474740492, 48.08195768753637], [11.68257512489882, 48.08207903371605], [11.682410430080653, 48.08223677221215], [11.682308899636245, 48.082334084791576], [11.682177752751272, 48.08242439028635], [11.681998213722306, 48.082548171415844], [11.68189011196516, 48.08262267662425], [11.681805544758554, 48.082668211558506], [11.681601836255366, 48.08277817755223], [11.681375490262864, 48.08292850371536], [11.6813183381024, 48.082966470465266], [11.68128046490237, 48.08306815162228], [11.68127804713048, 48.08307464712361], [11.681247994675147, 48.08315533482846], [11.681231068415741, 48.083177684537425], [11.6811194895031, 48.08337687237902], [11.681056686122343, 48.08348975780693], [11.681009343651338, 48.08357507284451], [11.680979413001, 48.08371224233943], [11.680960375166004, 48.08380015381799], [11.680960152435478, 48.08402539241153], [11.68096027274249, 48.08402755094772], [11.680966093049873, 48.084105076810815], [11.681032620772488, 48.08427156226383], [11.681111779710099, 48.08449375876313], [11.68112338475882, 48.084526079837595], [11.68112710998906, 48.08455244368867], [11.681139081825748, 48.084632615320245], [11.681159821077081, 48.08471045238739], [11.68116205243051, 48.08471891069523], [11.681209459383249, 48.08489607873386], [11.681219176816896, 48.08493189284611], [11.681268318362644, 48.08503429379311], [11.681330440647573, 48.08516398160095], [11.681416091525668, 48.08534014404909], [11.68151208227513, 48.08553683080008], [11.681518575727429, 48.08554997836265], [11.681521577008365, 48.085563296555954], [11.681596604178305, 48.08589049358363], [11.681632142396138, 48.0860753854291], [11.68166763956524, 48.086340544903024], [11.681724484572868, 48.086583727332844], [11.68178415937539, 48.08677553015776], [11.681794302920565, 48.086808109343714], [11.681849913920098, 48.08684646430719], [11.681909195545881, 48.08693996027279], [11.6819306631875, 48.08702599814107], [11.681952371368014, 48.08705295154193], [11.68200950001311, 48.0871247016347], [11.682049996634916, 48.08729039434365], [11.6821103545811, 48.08745605234314], [11.682193908517219, 48.08761583892647], [11.682251744726242, 48.08784139223092], [11.682283882452385, 48.08796973641521], [11.682350065579808, 48.0881815192539], [11.682356779513816, 48.08820240268355], [11.682407559403714, 48.08842970619283], [11.682430554990473, 48.08859398095005], [11.682459467651661, 48.088800028832715], [11.682482512910356, 48.08896540557947], [11.68250614771987, 48.089143268708284], [11.682509354469499, 48.089166925388305], [11.682517025665142, 48.089422767345035], [11.682492066263597, 48.08973677763635], [11.682489731269644, 48.08976636304718], [11.682494891772357, 48.09004237348788], [11.682496451464393, 48.09012364568174], [11.68250068979862, 48.09034841187987], [11.682502390229905, 48.090440697155586], [11.68254682655928, 48.09087368240907], [11.682563237035172, 48.09103358667986], [11.68256563808662, 48.09105688155509], [11.682602029055676, 48.09128499884078], [11.682607555533664, 48.09130416525816], [11.682650457331995, 48.09145250355246], [11.682662564036859, 48.09149435881473], [11.682774243786799, 48.091802445969705], [11.683044264181929, 48.0920893951973], [11.683114385621765, 48.09212541563634], [11.683229017876132, 48.09218431742356], [11.683346740357704, 48.0922490388405], [11.683412007708142, 48.09225476435496], [11.683487738791161, 48.09226140876284], [11.683688304341738, 48.09232304120862], [11.683950016573698, 48.09237865062716], [11.684157563085352, 48.09242274106451], [11.684498771790372, 48.09247933081342], [11.684651054851265, 48.092472184070544], [11.685049478161531, 48.09245327402874], [11.685697128245446, 48.0925067913332], [11.685956429517873, 48.092486002021005], [11.68596623793757, 48.09248449936833], [11.686239422145867, 48.09244161198616], [11.686835784590214, 48.09233544017671], [11.687342835645763, 48.092223245395644], [11.687778918443426, 48.09215048170731], [11.687849300759595, 48.092138616962295], [11.687853889612573, 48.09220193536908], [11.688050929700507, 48.09219554059755], [11.68823527200033, 48.09218999702791], [11.688736430171746, 48.09221126249463], [11.688524267708019, 48.09237334853032], [11.688267138428403, 48.092569906710516], [11.68800176458305, 48.092769480893494], [11.687877980817367, 48.092879561936726], [11.687668739860525, 48.09302457515652], [11.687369967250511, 48.09329563570779], [11.687108262498862, 48.09354327883186], [11.686916060811424, 48.09375503123406], [11.686707184284257, 48.09396504538706], [11.686623922539749, 48.094035504021534], [11.686315020815499, 48.094297058274186], [11.686276421987598, 48.094354338797224], [11.686196262043936, 48.09447329988031], [11.686008357552472, 48.094663804653514], [11.68598026005527, 48.09469249723435], [11.685972829229497, 48.09470047959125], [11.685800804013606, 48.0948741109822], [11.68563622626741, 48.09502486663384], [11.68544041462668, 48.09517122085183], [11.685050493366896, 48.09542481063663], [11.684934943132015, 48.095509034221884], [11.68473582877549, 48.09571718866016], [11.684470727994018, 48.09602802839626], [11.68411877475952, 48.09636139705721], [11.684089048871055, 48.09639504467868], [11.683987723664186, 48.09651003310014], [11.683753293036784, 48.096776002418], [11.68368601900002, 48.09677673511234], [11.68365607437394, 48.09677702100316], [11.683103003392056, 48.09678294159826], [11.682963923776061, 48.096806295538855], [11.68293501257143, 48.09666575135577], [11.68269131958332, 48.09667584378406], [11.68221018233583, 48.09673497604083], [11.681806012501141, 48.096784450797514], [11.681191522559045, 48.096880689548115], [11.680936800235717, 48.09693764226481], [11.680872953493298, 48.09695194789575], [11.680967356145475, 48.097099263442324], [11.680730560048975, 48.09713980577616], [11.680524042128212, 48.097175114818114], [11.680360754559528, 48.0972219595914], [11.680087316560654, 48.09730041987239], [11.67989942233266, 48.097354388875424], [11.679814014826647, 48.09737851999266], [11.679540624893832, 48.09745581798581], [11.679441396246414, 48.09748387415741], [11.679263603849474, 48.0975271839201], [11.679088249701053, 48.09756978056107], [11.67900435551928, 48.0975901433589], [11.67894305453343, 48.097604454203854], [11.678695403670684, 48.09766168774629], [11.678498719581878, 48.09770718981814], [11.67845029788431, 48.09772396330437], [11.67821647168147, 48.09780488834953], [11.678213914846822, 48.097805781203455], [11.677972139747782, 48.0978673454882], [11.677965281544202, 48.09786903509674], [11.677730173028522, 48.09793412541991], [11.677488199227321, 48.09800098778532], [11.677248992314832, 48.09806721105222], [11.677196368790954, 48.09808774598573], [11.677156953730563, 48.09810316439008], [11.677119094960508, 48.098117977820515], [11.677075376332972, 48.09813508288648], [11.67703796503972, 48.09814982287156], [11.67701468610142, 48.09815884534198], [11.676915583254317, 48.098186194530015], [11.676720418163544, 48.098240060535616], [11.676596828845314, 48.09827424376976], [11.67652585198791, 48.09829139638314], [11.676329842255498, 48.09833884327656], [11.676133704914326, 48.098386271211545], [11.675936696185326, 48.098431670250655], [11.675739573102602, 48.09847707251383], [11.67554291310333, 48.09852229358326], [11.675460883070274, 48.0985413092177], [11.67534709178689, 48.098571566407564], [11.675152740226585, 48.09862356706849], [11.67495839252204, 48.09867546832922], [11.674839914174214, 48.098707049832896], [11.67476313175369, 48.09872544334046], [11.67456670028567, 48.09877217717957], [11.674465073628838, 48.09879634280756], [11.674371462413209, 48.09882188284395], [11.674177634438644, 48.09887466507895], [11.673983671655389, 48.09892744562423], [11.673788796902828, 48.098978424061784], [11.67359391913482, 48.099029222274694], [11.673399091907696, 48.099080018078], [11.673378656577695, 48.09908535547639], [11.673208869667096, 48.099140663628084], [11.673018614965438, 48.09920273761122], [11.672828243374948, 48.09926476810665], [11.672753029490789, 48.0992893720195], [11.67263471003308, 48.09931855314277], [11.672394206602643, 48.099377703204446], [11.672267964119904, 48.09940872667236], [11.672245241138217, 48.099414327656675], [11.672009628083876, 48.09947159228576], [11.67175567105791, 48.099533430430505], [11.671460638656303, 48.099605156853286], [11.671222984132806, 48.09966292804978], [11.671117274104562, 48.09968861367205], [11.670988964662204, 48.099726644715474], [11.670776011347398, 48.099789782782025], [11.670593947254124, 48.09984380240154], [11.670411616992768, 48.09989774783651], [11.670332764364293, 48.09992107515636], [11.670225451450767, 48.099944414532715], [11.670036244132618, 48.099985504454885], [11.669846500370099, 48.10002659123842], [11.669770521222556, 48.10004300742599], [11.669652205119968, 48.100067573861466], [11.669429147518903, 48.1001138677574], [11.669192577087884, 48.10016291108082], [11.669021801492248, 48.1001984303037], [11.668954185132861, 48.10020913665971], [11.66871947658031, 48.1002462411732], [11.668608170050991, 48.100263721409554], [11.668337565947441, 48.10030645345708], [11.668324524362589, 48.100309113984714], [11.668131665975721, 48.100347458389926], [11.66793907404988, 48.10038576568548], [11.667757762071615, 48.100421743756534], [11.667682584332546, 48.10043843237445], [11.667399402004019, 48.10050147600974], [11.667208629604065, 48.100544047187874], [11.66701767387673, 48.10058656021795], [11.666826612935607, 48.100629070872756], [11.666635707632711, 48.1006715838922], [11.666558662171742, 48.10068871825374], [11.666376009077, 48.10071525119902], [11.666258846994086, 48.10073237740891], [11.665611283359585, 48.10082667814234], [11.665542330336786, 48.10083673775054], [11.665476092385921, 48.10084635997816], [11.665105722054216, 48.10092874558889], [11.665074666742836, 48.100935395134584], [11.665054324116767, 48.10103459678234], [11.66506691290144, 48.10115632839115], [11.665039805202786, 48.10125176657137], [11.664975664977279, 48.101530663815566], [11.664928752454427, 48.10168501933225], [11.664850504606422, 48.10178649956466], [11.664812166076384, 48.10179272777183], [11.664774312448682, 48.101798877228696], [11.664801491665513, 48.101851114708964], [11.664822670743202, 48.10187635233375], [11.664864967779076, 48.10195686365191], [11.664878999566696, 48.102028397533374], [11.664888224398043, 48.10207545753145], [11.664926587028175, 48.102185473920265], [11.66499721698636, 48.10229469649607], [11.66512145020748, 48.10245961302841], [11.665199735334971, 48.10253849898695], [11.665223207695027, 48.10256211944976], [11.665279395095626, 48.1026127126834], [11.665340278826912, 48.102667455677064], [11.665408126720806, 48.10272653333581], [11.665459427628855, 48.10277118779528], [11.665576461418858, 48.10288105427828], [11.665614465394547, 48.102921729729786], [11.66568593305314, 48.10299809937751], [11.66580697675618, 48.1031397221165], [11.665915722556651, 48.10327405474256], [11.666068045605176, 48.103462759616086], [11.666839743383113, 48.10441916239751], [11.666867444502135, 48.104453591782956], [11.666889760449495, 48.10448120780942], [11.666022129086182, 48.10490781146601], [11.666045414293217, 48.10493575607693], [11.666053676042518, 48.10494522280302], [11.66607458980198, 48.104970461855004], [11.666147060460244, 48.10505788634627], [11.665129107842034, 48.10543776013197], [11.663317492456576, 48.10662147130548], [11.66307225274954, 48.10685896754349], [11.663063618465172, 48.10686541962127], [11.662862130354654, 48.10701577225422], [11.662787974711755, 48.107070122286366], [11.662713601493692, 48.10712341104371], [11.66113799767242, 48.108472440948375], [11.659727992225998, 48.108994135495955], [11.65959989680287, 48.10899413725356], [11.659404799126923, 48.108994021330915], [11.659209831456995, 48.10899382108356], [11.659014868317964, 48.10899368248651], [11.65877868370479, 48.10899354411927], [11.658778620284693, 48.10908276672773], [11.658542434872286, 48.109082620692256], [11.65854236965758, 48.10917181634501], [11.658306319487323, 48.109171617201476], [11.658306256600227, 48.1092608136971], [11.65807013965005, 48.109260656102656], [11.658070113845225, 48.109349876031665], [11.657834065596893, 48.10934967766765], [11.65783398378569, 48.10944240273301], [11.657549749814269, 48.1094422868781], [11.655080296078715, 48.11072665391266], [11.655080287305658, 48.11080616360743], [11.654885576515277, 48.11080641254021], [11.65469005078631, 48.11080656930437], [11.654690187408326, 48.11086503278987], [11.654413225043657, 48.11086522513266], [11.65423046718889, 48.11086532714947], [11.654047742088236, 48.11086551719885], [11.653865024467754, 48.110865617703574], [11.653682077678795, 48.110865807794326], [11.653499194270962, 48.11086587195573], [11.65331648100897, 48.11086600477873], [11.653053287584964, 48.11086613936351], [11.652858709502773, 48.1108662297217], [11.652059187174638, 48.1108668005172], [11.65205950901358, 48.11109151308342], [11.651644448907717, 48.11109181939937], [11.651622288529907, 48.11109246603592], [11.651600118375104, 48.111094462601336], [11.651578476680852, 48.11109772018498], [11.651557230401608, 48.11110223825963], [11.6515367820473, 48.111107927449865], [11.651516996535602, 48.11111487815559], [11.651498278506597, 48.11112291187184], [11.651480627359046, 48.11113193863216], [11.651464312419222, 48.11114204849843], [11.651458782226234, 48.11114580869044], [11.65134906402858, 48.111145822324076], [11.651026868752197, 48.111146034874956], [11.649949623460842, 48.111129330380834], [11.649585969953023, 48.111124840233686], [11.64913300693418, 48.111646570547805], [11.64876136548908, 48.11187658105632], [11.648238856763017, 48.112203805604715], [11.64730489117296, 48.11281621946983], [11.646094635253645, 48.11355295886862], [11.64435060625424, 48.11468261372878], [11.643691911429059, 48.11508316363068], [11.64287923852032, 48.11557730555903], [11.642505715280233, 48.11579544872154], [11.641413507146542, 48.11636133917718], [11.640044193695237, 48.11690685445602], [11.638064168696937, 48.117466348892115], [11.636241939118959, 48.11778689926802], [11.634404492213017, 48.11804717872637], [11.632275333875539, 48.11842214258109], [11.632200744359022, 48.11843600576308], [11.63055328250812, 48.11880836268411], [11.62974885602457, 48.11899021340151], [11.629567987753022, 48.11903111254331], [11.627384923147842, 48.11952454824805], [11.62583509549572, 48.119827461110035], [11.624196295509446, 48.12005163231511], [11.622043006965745, 48.12023042125495], [11.620160908202292, 48.1203538908543], [11.616812659738306, 48.12057417802905], [11.61322790797716, 48.12081497978268], [11.612952318389429, 48.12083423239359], [11.611964524328846, 48.120913013721754], [11.61035964714002, 48.121008540820654], [11.608528553227602, 48.120985361176864], [11.606084969685188, 48.12083916545398], [11.603626468882053, 48.12284669835208], [11.60197177838166, 48.123917102612936], [11.601079719504137, 48.124372808973455], [11.60102904683197, 48.12433055563597], [11.600919209077247, 48.12438097086727]]]}, "geometry_name": "shape", "properties": {"sb_nummer": "16", "sb_name": "Ramersdorf-Perlach", "flaeche_qm": 19897135.96974}}, {"type": "Feature", "id": "vablock_stadtbezirk.19", "geometry": {"type": "Polygon", "coordinates": [[[11.495827229078825, 48.145427198725685], [11.495284847731023, 48.14556629869347], [11.494172394360621, 48.14585156703053], [11.493316166206162, 48.146011731724286], [11.492490271207252, 48.14610933807742], [11.490976653355899, 48.146622156388034], [11.49101291366609, 48.14666461478103], [11.49034934351483, 48.1469003381444], [11.489972023118314, 48.147045728283175], [11.489613259036837, 48.14720050648338], [11.489226249127729, 48.14737900669599], [11.488966123290783, 48.14654118031121], [11.488803870112527, 48.14602232033429], [11.4886180509017, 48.145416364590915], [11.48847258998085, 48.144704879840795], [11.488574487543097, 48.144695746640885], [11.488665872217519, 48.14468757624423], [11.489302122240698, 48.14463074306535], [11.489426684241492, 48.14461843747466], [11.489448613890165, 48.144433189780386], [11.489469371654794, 48.144258152178416], [11.489523072931382, 48.14425011754157], [11.489589501283538, 48.14424073179235], [11.48962202847692, 48.14423613702324], [11.488811847897953, 48.14204584516957], [11.488305754085959, 48.140971501626666], [11.488247667726567, 48.14084930980664], [11.488047304344963, 48.14046924939656], [11.487794122161745, 48.140117164304286], [11.487417093483817, 48.1397045810425], [11.486649659899955, 48.13904830730943], [11.486296686529682, 48.13863734561092], [11.485716782778562, 48.137779137385564], [11.48522972943052, 48.13694375149373], [11.485159368929539, 48.13683793077814], [11.485024817350466, 48.13663444100202], [11.484632357566488, 48.13597330168289], [11.483568463720154, 48.13388855389417], [11.483184618313585, 48.13304723931736], [11.482871163324173, 48.13215662305331], [11.482769259932326, 48.13165069846232], [11.482765628751295, 48.13114699200807], [11.4828766455549, 48.130517338192156], [11.482978201633323, 48.13011651087987], [11.483625619850782, 48.13016777638539], [11.484058353008749, 48.13016844144323], [11.488253595723979, 48.13007520584459], [11.489594461399669, 48.129935576373185], [11.489644211411173, 48.12993019074479], [11.490304843087822, 48.129889755777924], [11.491037090103497, 48.12981646107009], [11.491707281512562, 48.12967082494931], [11.492160590117635, 48.1295252407351], [11.49256049910347, 48.12939941850602], [11.493330011149263, 48.12907424446862], [11.494078402522202, 48.12869158810793], [11.494153443281187, 48.12865003133598], [11.494819555808444, 48.12827850372296], [11.495607362962291, 48.12780877124507], [11.496555972848647, 48.12711844202844], [11.497245891476986, 48.1265030413168], [11.497652084199007, 48.12599159213501], [11.497977069779052, 48.12539508401625], [11.499069288918701, 48.12558863267527], [11.500267775134372, 48.12573516962653], [11.501252270161643, 48.125802206714454], [11.50224951381499, 48.12582286580353], [11.502690533027184, 48.12581747266509], [11.502808724102072, 48.12581425394954], [11.50321680294774, 48.125803177246404], [11.50398185368524, 48.125762608174405], [11.50509351199628, 48.12566646831463], [11.506899691636328, 48.125458373186966], [11.50844369800761, 48.12524733309298], [11.50863404805849, 48.12522134772091], [11.50877113943461, 48.12557108453977], [11.508866204951401, 48.12581954437762], [11.508999081682665, 48.12595107709932], [11.509207067166574, 48.12615702918756], [11.509440461643466, 48.12633315912523], [11.509771068827044, 48.12652831495181], [11.510052160177914, 48.126649895279236], [11.511245223238905, 48.127121889328656], [11.51187160882009, 48.12737500333807], [11.512524978303158, 48.12762187568247], [11.513045301494651, 48.127830217246085], [11.51420648755101, 48.128330785159584], [11.514857512965762, 48.12863778102491], [11.515503653262359, 48.12895703099859], [11.516290274181872, 48.12940076069802], [11.516928588751973, 48.12980667386277], [11.517378588307677, 48.13013707123779], [11.51765871205128, 48.13038705908746], [11.517875654284703, 48.130580782505774], [11.51888054207273, 48.13147264345267], [11.519823236648955, 48.132296381704144], [11.520341036573075, 48.132687152493816], [11.521343572797283, 48.13339659541591], [11.522415754905788, 48.13414360065067], [11.52274686396719, 48.134375729323786], [11.52324080667812, 48.134714164491264], [11.523638357581426, 48.134978378860815], [11.524613188305597, 48.13562110034054], [11.525336685029599, 48.136045971664764], [11.526098946869757, 48.13644741733363], [11.526025146149207, 48.13651399726023], [11.525964089510714, 48.136547370788705], [11.5260364793799, 48.13658399388901], [11.526274796661234, 48.136733114620085], [11.526346386190859, 48.136777932438996], [11.526355343212098, 48.13678264649772], [11.526410021505567, 48.136811653472606], [11.526495486075385, 48.136856977627076], [11.526510508316163, 48.1368604569182], [11.526522177914558, 48.13686311375963], [11.526404232566115, 48.1371249804185], [11.52633925955433, 48.13728390458171], [11.526304572218494, 48.137391418829296], [11.526228836932972, 48.13769231575661], [11.526197141129927, 48.137910811089576], [11.526179120332054, 48.13810662602817], [11.526195333232534, 48.138520524633364], [11.52622923670097, 48.13872269913857], [11.526273669497572, 48.13893520380603], [11.526381274586276, 48.139267437283976], [11.526369300537162, 48.13926918710475], [11.526362974144213, 48.139270419497905], [11.52645724970011, 48.1394780333829], [11.526575983743362, 48.13968619794092], [11.526699121727324, 48.139890150751526], [11.526917449164417, 48.14019091357046], [11.527001483877179, 48.14032922358713], [11.527061445235185, 48.140323976831105], [11.527224076455244, 48.14048365064792], [11.527650799394891, 48.140451176972284], [11.527862663614718, 48.14062182818461], [11.527884707379982, 48.14062038297704], [11.527978494227517, 48.140690983387195], [11.528211968743902, 48.140811894750605], [11.52864115679405, 48.14098060336278], [11.529030522175228, 48.14108651702254], [11.529231681263122, 48.14111340775297], [11.529253550188866, 48.14111627883496], [11.529313681128503, 48.14113629242376], [11.529728705988056, 48.14127465205617], [11.529789375533388, 48.14129486678539], [11.530254502174088, 48.14138301942355], [11.530579953375685, 48.14144469470774], [11.530886654611106, 48.141431823248325], [11.530876016096906, 48.14160950109881], [11.530910772757844, 48.141614588422755], [11.530948338819773, 48.14162103460433], [11.530986317579572, 48.14162622276896], [11.531023354541247, 48.14163158733751], [11.531059852634655, 48.14163703845096], [11.531097837283031, 48.141641416636396], [11.531134608340988, 48.14164623995504], [11.53117165794835, 48.14165043986655], [11.531208709417315, 48.14165445886695], [11.531243880340327, 48.14165829164943], [11.531279722669659, 48.14166221760027], [11.531314631355531, 48.14166541998724], [11.531350611964152, 48.141668986551096], [11.531386994689571, 48.141672555939074], [11.53142190274289, 48.141675936466186], [11.53145788378876, 48.141679320329075], [11.531493462770833, 48.14168270224429], [11.531528771911121, 48.14168617377628], [11.531564351851234, 48.14168946566925], [11.531599929896617, 48.14169293755135], [11.53163873056232, 48.14169660293375], [11.531676725753682, 48.141700264461214], [11.531714847524556, 48.14170365684779], [11.531753781423525, 48.141706423062075], [11.531790568078389, 48.141708910867266], [11.531828024590986, 48.14171176090851], [11.531864812201293, 48.14171415868969], [11.531901331267768, 48.141716645159356], [11.5319390605269, 48.141719136433935], [11.531973574644748, 48.14172098503329], [11.532011320155597, 48.14172257703383], [11.53204543963823, 48.14172397361729], [11.532080773704802, 48.14172483593356], [11.532117448638163, 48.14172606368887], [11.5321515700659, 48.141727281139346], [11.532187437230768, 48.141728595063555], [11.532222901029934, 48.141729907971204], [11.532258224988293, 48.14173122035163], [11.532296771287772, 48.14173236540363], [11.532334243212045, 48.14173350623524], [11.532370775784742, 48.141734463511426], [11.532408915832283, 48.141735876622356], [11.532447322373493, 48.14173765096025], [11.532483054411424, 48.141737885321646], [11.532517177868904, 48.14173802376819], [11.53255224794683, 48.14173816562757], [11.532587324105956, 48.141737857446394], [11.532624009635295, 48.141737825097564], [11.532661101067049, 48.14173743556772], [11.532693229429277, 48.141736126097186], [11.532727104473784, 48.141734823093174], [11.532791919760404, 48.14172986852685], [11.53283535431787, 48.141726535320636], [11.532966082134907, 48.141714201187604], [11.53305218123155, 48.141703664506316], [11.533138425968232, 48.14169169028], [11.533235851878699, 48.14167679251595], [11.533258331740331, 48.14167256620028], [11.533309618263678, 48.1416629689514], [11.533393097221218, 48.14164451854312], [11.533470127277898, 48.141625962869895], [11.533516200670329, 48.141613481503654], [11.533631138305207, 48.14157971722253], [11.533634590994852, 48.14158422820383], [11.533707859579444, 48.14156122848583], [11.533704405939332, 48.141556807506845], [11.53379818814075, 48.14152372745818], [11.533857635853034, 48.14150058262341], [11.534056242470474, 48.14142576823336], [11.53405703352983, 48.14142739020264], [11.534067822945007, 48.141423119304406], [11.534174115614386, 48.14138278055881], [11.534211904358537, 48.14161991844838], [11.534251515681996, 48.141874754607414], [11.534297188776105, 48.14217423335087], [11.534323955516337, 48.142343671073306], [11.534358610703313, 48.1425676267902], [11.534394423687255, 48.142802116003146], [11.533949945905556, 48.142824575974124], [11.533491772684004, 48.142838501237726], [11.532417414085954, 48.142840917065236], [11.532256642632, 48.14283585947011], [11.53208679754524, 48.14282375024874], [11.53190504799027, 48.14280500807742], [11.53162691207147, 48.14278690086942], [11.531340056269034, 48.14277226039544], [11.531134451945404, 48.14276562752262], [11.530840993247638, 48.14276236969975], [11.530636720894062, 48.14276351767906], [11.530169810132504, 48.142774573682736], [11.529905429801873, 48.14278430118576], [11.529461417088958, 48.14280578063881], [11.52905267196163, 48.142836034954115], [11.528582423984826, 48.142877276691145], [11.527299558276514, 48.1429783039741], [11.525955304128724, 48.14308569041229], [11.524744768227006, 48.143181762057225], [11.522991575901964, 48.143336112253365], [11.522686568317617, 48.14333098262025], [11.521212925244198, 48.14344822644879], [11.52002670831735, 48.143548529231545], [11.519646282751479, 48.14358568782317], [11.519571963210012, 48.14337983170375], [11.519432448548066, 48.143388698217855], [11.518899299150814, 48.143417848682766], [11.518406006307398, 48.14343796262652], [11.517854115006543, 48.14344731704281], [11.517319183492058, 48.143438368799096], [11.516760228587708, 48.143422111751796], [11.514752937361584, 48.14333044224791], [11.514098367525458, 48.143305854022465], [11.51347350210755, 48.14329059345636], [11.512791851201081, 48.14329532156373], [11.512475181405305, 48.14330760320579], [11.512112087384228, 48.143321519233254], [11.51143630642099, 48.14336633512717], [11.510768990947469, 48.14342574014738], [11.510225245991663, 48.14347857810137], [11.505542981739703, 48.143968196330476], [11.505580434648678, 48.14412228535355], [11.505545623746917, 48.144238781908804], [11.505232859500039, 48.14427147893911], [11.505175071346182, 48.14428598687934], [11.50458286180356, 48.14436691616606], [11.50396252728706, 48.14443343079808], [11.503551691334458, 48.14447890824743], [11.503576693523025, 48.144585320379434], [11.503497487591897, 48.14459350806696], [11.503355871118277, 48.144610223583214], [11.50304996215908, 48.144643129659855], [11.502901121753451, 48.144662971333425], [11.502764548671843, 48.14467964550846], [11.502750158095266, 48.14466708216982], [11.502567319771549, 48.144687029807116], [11.502567192993821, 48.14468622005945], [11.502549837959817, 48.14468803063027], [11.502433183366973, 48.144699350407066], [11.502344760628581, 48.14468904226792], [11.502250210946247, 48.14469885364837], [11.50208083358755, 48.14471643326235], [11.502078896405148, 48.14470806062983], [11.501650296447878, 48.14475274036954], [11.501652495466065, 48.14476174345748], [11.501491062788642, 48.14477886574073], [11.501454879766639, 48.14462626483798], [11.501291036569569, 48.14465859178528], [11.500582674379107, 48.1447265064383], [11.500097271869354, 48.1447748922292], [11.4988888541699, 48.14490105295809], [11.496642472431823, 48.145238500918595], [11.495988989386898, 48.14540189643115], [11.495978980319288, 48.14539243129382], [11.495827229078825, 48.145427198725685]]]}, "geometry_name": "shape", "properties": {"sb_nummer": "25", "sb_name": "Laim", "flaeche_qm": 5286014.7705}}, {"type": "Feature", "id": "vablock_stadtbezirk.20", "geometry": {"type": "Polygon", "coordinates": [[[11.591271967867142, 48.156490951784555], [11.590979881403708, 48.156525507059804], [11.59061273557494, 48.156542476337435], [11.589508555669015, 48.156567578846676], [11.589423546412052, 48.15656854233607], [11.589455710560834, 48.15651399786052], [11.58948010002503, 48.15646847182165], [11.589484083688752, 48.15646102889686], [11.58947304886545, 48.15646288109091], [11.589578059841855, 48.156287494988035], [11.589705571701653, 48.15603454849451], [11.589771766105446, 48.15588395205799], [11.589817545532638, 48.15578535249334], [11.589840875457156, 48.15574163095222], [11.589855215247725, 48.15571443167673], [11.589942167426784, 48.15555143583663], [11.589973205239483, 48.15548555039363], [11.5899874162125, 48.15543910739813], [11.590000660980662, 48.15532790007471], [11.590041582938959, 48.15506694301453], [11.590061160189427, 48.15476634897445], [11.590058658801281, 48.15469115464695], [11.590055235727814, 48.154613706420164], [11.590029834695788, 48.15451234052759], [11.590015695411513, 48.154465250058095], [11.590009373577637, 48.15444903703443], [11.589967664106993, 48.15437082704989], [11.589916822446682, 48.15429071563654], [11.589913899455771, 48.154286478723414], [11.589845975340472, 48.15418822386556], [11.589721608297305, 48.15400430244908], [11.589671673843482, 48.15393244498549], [11.58960857282241, 48.15384193465774], [11.589486310403917, 48.15371516279155], [11.589452849411048, 48.153679524016006], [11.58940489215267, 48.15362673170526], [11.589382809747839, 48.153598589035084], [11.58935987449134, 48.15357628905786], [11.589327379982846, 48.153556291186696], [11.589277846836206, 48.153532903648646], [11.589185996231791, 48.153491280948415], [11.589155181509614, 48.15347884483161], [11.589124876719984, 48.15346937913232], [11.589088939814967, 48.1534582740764], [11.589055543594899, 48.15344915607651], [11.588927671817498, 48.15340551162105], [11.588840221502403, 48.153383709125265], [11.588769446845797, 48.15336035560787], [11.588635347051826, 48.15332149683106], [11.588618788468864, 48.15331455196571], [11.58860777470576, 48.15330374529295], [11.588604161197921, 48.15329088857773], [11.588608543462223, 48.153278142304345], [11.588628016562204, 48.15326319066885], [11.588629352496858, 48.153261707393575], [11.588630461030876, 48.153260141063114], [11.588632235142608, 48.15325090607881], [11.588626839765682, 48.1532423212554], [11.588463700294273, 48.15312517772134], [11.5883275515985, 48.15301077300011], [11.588192376776092, 48.1528509092376], [11.588068929673154, 48.15260320494838], [11.587949318657651, 48.15241410321238], [11.587738225320493, 48.152203090905324], [11.587683384768571, 48.152155127381796], [11.587170729691472, 48.15172411122294], [11.587020247714158, 48.15157865644509], [11.586983512420476, 48.151515443600374], [11.586963082267012, 48.151449018373526], [11.586961598299347, 48.151366177988365], [11.586947986024404, 48.15137071539499], [11.586220405279713, 48.1502293440941], [11.586140577469223, 48.15014065443873], [11.586067689677717, 48.15007547668699], [11.586044433583972, 48.15005884928167], [11.585988703574547, 48.1500193522512], [11.585935279173377, 48.14999487665319], [11.585913701824943, 48.14998778254711], [11.585894516213328, 48.14998402502036], [11.585834124521723, 48.149974268508394], [11.585781315979952, 48.14997191123138], [11.585703174823344, 48.1499770148221], [11.585368600268856, 48.150021777616054], [11.58508201520095, 48.15005970522796], [11.585020464751068, 48.15001225496471], [11.584957167371188, 48.14996415473934], [11.584916628447958, 48.14993324758866], [11.5848754188588, 48.14990068639669], [11.584859461636634, 48.14988766824097], [11.584840513856888, 48.14987127566521], [11.584868775073543, 48.14976815754852], [11.584873790941494, 48.14974641360342], [11.585020336835745, 48.149312406340414], [11.585038285189867, 48.149269584276325], [11.58508151648562, 48.14912470262836], [11.585109452398578, 48.149010044689284], [11.585138670701857, 48.14885310980278], [11.585154993889265, 48.148696059318056], [11.585169229936746, 48.14858100784709], [11.58517197616685, 48.14852400610657], [11.585179321225525, 48.14841106857623], [11.585186533164388, 48.148298131340184], [11.585187279198113, 48.14807652020241], [11.585178429838498, 48.14780783448168], [11.585162039355861, 48.14762241636126], [11.585135447122415, 48.14743797196754], [11.585104848252312, 48.14726709037112], [11.5850716990464, 48.14714519972567], [11.585017485489956, 48.146936062087036], [11.584990224671023, 48.14686688747128], [11.584917008661888, 48.146697252838315], [11.584789869963332, 48.146413414858344], [11.584674986599532, 48.146157246804385], [11.58463047440344, 48.14605915305884], [11.584495444714554, 48.145750117173755], [11.584490319546127, 48.14573580067547], [11.584428286661801, 48.14553111000321], [11.5844175705052, 48.14549384494592], [11.584414623922491, 48.14547603140956], [11.584416054568651, 48.14544905574601], [11.58437971292369, 48.14535682828455], [11.584361175261886, 48.145355681531456], [11.584342545433845, 48.145349408015136], [11.58432865069317, 48.145339195731005], [11.584317600008333, 48.14532647651162], [11.584300807467564, 48.1452597817786], [11.584290523855234, 48.14521891949245], [11.584273008766626, 48.14514188076652], [11.584265740918774, 48.14511019962383], [11.584238087978052, 48.144974480271756], [11.58421595575542, 48.14485343114131], [11.584198347530602, 48.14473797052981], [11.584197715761277, 48.14473302147158], [11.584186700517545, 48.14465023436663], [11.584174419477513, 48.14455865414259], [11.58417141527937, 48.1445315802993], [11.58416916268327, 48.144511252409394], [11.584165614235472, 48.144468712527775], [11.584165387566815, 48.144447042453024], [11.584168638199579, 48.14441108907394], [11.584041839731432, 48.14443573566293], [11.583986327343041, 48.144312748838594], [11.583941744438924, 48.14421310605645], [11.583925943743488, 48.144178937253486], [11.583858772083273, 48.14419254337262], [11.583858134790388, 48.14418831337318], [11.583702711728312, 48.14421263802486], [11.583703765951121, 48.144198880732226], [11.583746409345052, 48.14415596134053], [11.58377023452635, 48.144106943523205], [11.583774137219658, 48.14408495920937], [11.583773602322486, 48.14405677344902], [11.583769398024078, 48.14402932978028], [11.58376049970282, 48.14399917174173], [11.583740766426741, 48.143947302416294], [11.583737740030692, 48.143939377609044], [11.583671428801209, 48.1437659489567], [11.583664455313533, 48.14374766720533], [11.583634323867544, 48.14366904418433], [11.58355827708903, 48.143470023811815], [11.583448707155483, 48.14318371418586], [11.581907081656642, 48.14351677608329], [11.57837154730334, 48.14426984873529], [11.577813530171863, 48.14307915930794], [11.5775956958865, 48.14261058464865], [11.577450177587664, 48.14264032838602], [11.5773148950445, 48.14266807596639], [11.575579044148654, 48.14303164331375], [11.57378132508898, 48.143406235297896], [11.57277269326431, 48.14280968750337], [11.56934854651491, 48.141717610563894], [11.568023252286165, 48.140823843176], [11.5668885308177, 48.14040929395631], [11.566822695286643, 48.140385238934954], [11.566431648461181, 48.14024237513924], [11.56566322979615, 48.13964449086957], [11.565239751580505, 48.13910370600431], [11.565018845241037, 48.13785082974014], [11.564982024854121, 48.13755841873566], [11.564832594608175, 48.13637822739223], [11.564863036479593, 48.13631484089949], [11.565150694745427, 48.13571580834606], [11.566158132201506, 48.134121346199166], [11.56665066772131, 48.13337504786006], [11.567093851506058, 48.13264903124185], [11.567308694863828, 48.13265045493845], [11.567032309784853, 48.13242982717683], [11.56705272218604, 48.132388109932144], [11.56708134421011, 48.132348944576854], [11.56712210946162, 48.13230900212271], [11.567368678545705, 48.13208498272058], [11.567532809542596, 48.131933473793495], [11.567824083919733, 48.13166583879791], [11.567898389435515, 48.131600865214736], [11.567942953547352, 48.13156661151734], [11.567979820288668, 48.131539830844254], [11.56806318956362, 48.13149038833488], [11.568121720249014, 48.13146235660875], [11.568188335474233, 48.131435988665324], [11.568294991321256, 48.131401630459884], [11.568446606190905, 48.1313558147556], [11.569877328456988, 48.130949021619564], [11.570188241366651, 48.130877481777176], [11.57026303536493, 48.130871200207565], [11.570342494492124, 48.13086965059422], [11.570416798413104, 48.13087398488916], [11.570482957153075, 48.13088087868597], [11.570552384448872, 48.13089344449153], [11.57060743572927, 48.13090769069753], [11.570689610671057, 48.130932878691176], [11.570762583305756, 48.130959023925385], [11.570845757395407, 48.130995305526575], [11.570925547916008, 48.13103671606014], [11.571233960610178, 48.131206816527936], [11.571519345004159, 48.13135652138797], [11.571818991629156, 48.13151293809796], [11.57211674052212, 48.13166469509271], [11.572442782826293, 48.13183514796014], [11.572976705866305, 48.13211815970156], [11.573082919771968, 48.132176495848704], [11.573449422079701, 48.13236966271198], [11.57351649645677, 48.1324072415984], [11.573599930571262, 48.13245627089933], [11.57366716223642, 48.13249930253811], [11.573807527075967, 48.132598919353434], [11.574295325426569, 48.1329520620299], [11.574682522144707, 48.13323269193774], [11.574737681483647, 48.13326678505474], [11.574783349143619, 48.13328711078882], [11.574837952348744, 48.133303340973384], [11.574899182888222, 48.133314100265075], [11.574965425824367, 48.13331846387576], [11.575039162233043, 48.133313820750956], [11.575849677262996, 48.13320607820883], [11.575941588682188, 48.13319465364302], [11.576047013799782, 48.133188642322295], [11.576142820104987, 48.13318940076198], [11.576226617145023, 48.133196434627685], [11.576290624339157, 48.133204980384676], [11.576354788293296, 48.13321765085536], [11.576982310220917, 48.13336757465949], [11.577623233809275, 48.13352231232819], [11.578353861660045, 48.13369798026867], [11.579176615825048, 48.133896871753905], [11.579320027520795, 48.13392701484867], [11.579425537119409, 48.13394404231948], [11.579512092926114, 48.13395317044859], [11.579631324197084, 48.1339608655049], [11.579717065019624, 48.13396102731568], [11.579812499529433, 48.133957207484556], [11.579892954840123, 48.13395103813997], [11.579977125416102, 48.13394100613981], [11.580928642828246, 48.13379870427288], [11.58154205042734, 48.133724549778144], [11.581885140695128, 48.133682822935874], [11.58195482967393, 48.133678340131794], [11.582024936639067, 48.13367680372108], [11.582097362134817, 48.13367979151098], [11.58216592098026, 48.13368828295958], [11.582239007967244, 48.13370249874892], [11.582760787431994, 48.133870431965455], [11.582837930504288, 48.133895928697925], [11.58335469353311, 48.1332127561446], [11.583536017492897, 48.13297545212397], [11.58525808522097, 48.13218490538714], [11.585724348727819, 48.131963312585576], [11.586530121462463, 48.13174156532776], [11.586585755428699, 48.13186941806871], [11.586595117482352, 48.131891218974175], [11.586568343922563, 48.13189633530198], [11.586693193265122, 48.1320234336552], [11.58674411556145, 48.132024865636154], [11.58677262533316, 48.13203926365978], [11.586804681589173, 48.132063836791815], [11.587057963995125, 48.13230953452719], [11.587303207732568, 48.13252300389025], [11.587460610962598, 48.13272037378695], [11.587638700138077, 48.13291109942226], [11.587810703482122, 48.13311400028755], [11.587993971952447, 48.13331365703999], [11.588052746137723, 48.13337537879673], [11.58807218145993, 48.13341988213352], [11.58810407137767, 48.13349211911078], [11.588048723485679, 48.13347474766344], [11.588014364783634, 48.13346974785747], [11.588003081163214, 48.13346810623241], [11.587963985299096, 48.13346625536526], [11.587927162620387, 48.133465851428326], [11.587529096498345, 48.13346138678878], [11.587510276729814, 48.13346294000953], [11.5874989539631, 48.1334678452412], [11.587539854305508, 48.133510079901995], [11.58747420737399, 48.133538266580004], [11.587583472103647, 48.13365098536915], [11.587589178764302, 48.1336507029399], [11.587593878017099, 48.133652761083496], [11.587595772638476, 48.13365697174099], [11.587592934985693, 48.13366082021675], [11.5877025160795, 48.13377361814612], [11.587708051299547, 48.133773721987296], [11.587711813829182, 48.1337755159946], [11.587713780870155, 48.13377924182747], [11.587711581801434, 48.13378309211526], [11.587820962427857, 48.13389590254655], [11.587826184046264, 48.13389543667781], [11.587831686282431, 48.13389763778355], [11.587833496803698, 48.13390196640578], [11.587830550631535, 48.13390574174939], [11.587941794540237, 48.13402047074242], [11.587947905970216, 48.13402000371487], [11.58795317483278, 48.13402232164802], [11.58795494311155, 48.13402645146517], [11.587951657681302, 48.134030670857555], [11.587983482875035, 48.13406793420746], [11.587989693882948, 48.134067629596885], [11.587995028108535, 48.134070338366904], [11.587996246346869, 48.13407448957504], [11.587992540011394, 48.13407849170366], [11.588023567574355, 48.134114754444546], [11.588029249926416, 48.13411436186631], [11.588034933835134, 48.13411696737672], [11.588036254843212, 48.13412158506304], [11.588032623158776, 48.13412530747355], [11.588063778780079, 48.13416165639799], [11.588070148338383, 48.134161377004006], [11.58807532542608, 48.13416406141737], [11.588076598519235, 48.13416788656184], [11.58807282892015, 48.134172207746914], [11.588103837840222, 48.13420855186792], [11.588109979528646, 48.134208231716755], [11.588115584541617, 48.13421119262125], [11.588116387426023, 48.134215744599125], [11.588112888042218, 48.1342191041121], [11.588143531978831, 48.13425743779992], [11.588149859478966, 48.13425661587183], [11.588155879226274, 48.13425905634415], [11.588157339178307, 48.13426368349529], [11.588153338986766, 48.134267535685964], [11.588244655100294, 48.134389184770825], [11.588250148595947, 48.134389312921094], [11.58825484878657, 48.13439208275621], [11.588255650579809, 48.134396024695235], [11.58825236503681, 48.13439946667387], [11.588343018969978, 48.134520234404256], [11.588348674474497, 48.13452040298903], [11.588353040490508, 48.134522915810514], [11.588354096835264, 48.13452678722701], [11.588350728946576, 48.134530516299776], [11.588441512831945, 48.134651372802956], [11.588446688729162, 48.134651706956525], [11.588450920008249, 48.13465423990693], [11.588451956056877, 48.134657867934884], [11.588449084683367, 48.13466147334624], [11.588539415635807, 48.13478176050985], [11.588632919894504, 48.134750263097594], [11.588638897900042, 48.13475828592684], [11.58871301100943, 48.13474919492746], [11.588805889587453, 48.13474529295579], [11.588944919031636, 48.13476602636501], [11.588949064722712, 48.134768380367106], [11.588992393722554, 48.134793274666464], [11.588996672124358, 48.13479580833426], [11.589168961734053, 48.13480481152817], [11.58930537940465, 48.134847634910024], [11.589315150455521, 48.13485225554313], [11.58951471127492, 48.13494558786969], [11.589640454399461, 48.1350135075132], [11.589823448289614, 48.13511275828135], [11.589944847173525, 48.13518659723509], [11.590263545865641, 48.13539787574598], [11.590549717949944, 48.13562058288859], [11.590645902390557, 48.135705448141216], [11.590709396423854, 48.13576350248774], [11.590766054929658, 48.13581821527176], [11.590833419873892, 48.13588007205935], [11.59110551352856, 48.13614752646876], [11.591339819762874, 48.13638568597073], [11.591470122254218, 48.13652312435568], [11.591509658298843, 48.13657029138448], [11.59154420763469, 48.136618962001116], [11.591584879635697, 48.136708649378114], [11.59162022621166, 48.1367751224641], [11.59170495566599, 48.136970910437775], [11.591735605513547, 48.13703748676645], [11.591767123673883, 48.1370784361695], [11.59188586900722, 48.13716341575913], [11.592056874733796, 48.13727894719928], [11.59210671091037, 48.1373283110266], [11.592143528328142, 48.13739228351334], [11.592170711018861, 48.137387077483005], [11.592177274972356, 48.13738952885857], [11.592179514177722, 48.13739475203356], [11.592205486952853, 48.137389811747106], [11.592250462314892, 48.13751210578758], [11.592211709028723, 48.13751952193111], [11.592432696190496, 48.13803750173298], [11.592438244561622, 48.138049571451], [11.592441775458079, 48.13806199443513], [11.592443153919838, 48.138074680152776], [11.592442517731492, 48.13808726827475], [11.592439866094079, 48.13809984969854], [11.592435202378251, 48.13811206442912], [11.592429069321694, 48.13812310479586], [11.59242119394589, 48.13813368959894], [11.59241184328021, 48.138143729129936], [11.592401021696075, 48.13815304333044], [11.592388728738857, 48.13816154313039], [11.592375367285912, 48.138169140254206], [11.592360804175906, 48.138175833207974], [11.592345307827749, 48.13818153315176], [11.592329014387758, 48.1381860606522], [11.592226705662219, 48.13817679469586], [11.592138556805514, 48.13816064866941], [11.591123729053676, 48.13749826963827], [11.590934812519587, 48.13734707608223], [11.59073850118005, 48.13716245779436], [11.59073343292688, 48.13715767181921], [11.590552853609891, 48.13719244767313], [11.590550921387917, 48.13719729796821], [11.590546068315767, 48.137201058801594], [11.590536572266577, 48.13720319404384], [11.590528434364309, 48.13720189292216], [11.590522443827714, 48.13719827947911], [11.590344421616395, 48.137232559129316], [11.590293962412963, 48.13724227486232], [11.590187390400391, 48.13726275784804], [11.590192994115831, 48.13726763344883], [11.590244816469944, 48.137306390570735], [11.590264338430526, 48.137318147064384], [11.590283593675943, 48.137329812391584], [11.590301512560613, 48.13734048658385], [11.590320233067708, 48.13735170326841], [11.590338819972837, 48.1373628293841], [11.590357539694546, 48.13737413695982], [11.590376928818376, 48.137385897330006], [11.59039591412909, 48.137397566926666], [11.59041583855866, 48.13740959955343], [11.59043482308544, 48.137421360040854], [11.590454608832983, 48.13743357484824], [11.590473994254351, 48.1374456079241], [11.590493246119388, 48.13745755132981], [11.590513569824266, 48.137470037430155], [11.590532823546589, 48.137482070767064], [11.590552746979759, 48.137494376031135], [11.59057133262064, 48.13750595563553], [11.590590985182631, 48.13751816712491], [11.590610639096699, 48.13753037858042], [11.590629757729385, 48.13754231777001], [11.590649946817022, 48.13755479878447], [11.590669600668527, 48.13756700843177], [11.590679760954515, 48.13757333968229], [11.590688985614271, 48.137579216942626], [11.5907087738514, 48.13759142535172], [11.59072829402889, 48.137603542625655], [11.590747946980887, 48.13761584046], [11.590767465788813, 48.13762795685841], [11.59078712036112, 48.13764007289057], [11.590806905970968, 48.13765254858177], [11.590826426904924, 48.13766457314296], [11.590846214270886, 48.13767686972825], [11.590865332967217, 48.1376888079776], [11.590885119325753, 48.13770111087742], [11.590905170277477, 48.137713595863055], [11.590924286044874, 48.137725448688016], [11.590943936721336, 48.13773775283881], [11.590963856323134, 48.13775005811844], [11.590983242479416, 48.13776218107179], [11.591002763102857, 48.13777430458793], [11.59102241734788, 48.137786518665166], [11.591041404927886, 48.137798280783535], [11.59105384020367, 48.13780606064224], [11.591060927418624, 48.1378104942273], [11.591078980225266, 48.1378217123543], [11.59109556259079, 48.13783202696154], [11.591116022539198, 48.13784478342057], [11.591135277206574, 48.137856723056885], [11.591154796965627, 48.13786893474673], [11.591174584805161, 48.1378812375636], [11.591194105473429, 48.13789336014657], [11.59121389422229, 48.137905573856216], [11.59123354856739, 48.13791778789535], [11.591253335734999, 48.13793018339297], [11.591272990144084, 48.13794239832372], [11.591289302720343, 48.137952532731795], [11.591292644607746, 48.13795461414973], [11.591312699920877, 48.13796710166549], [11.591332620196972, 48.13797949684586], [11.591344515644826, 48.13798691273713], [11.591352000974135, 48.13799161625954], [11.591371916516787, 48.138003917061255], [11.591390896471419, 48.138015764774885], [11.591410539253095, 48.1380278809669], [11.591430313922663, 48.13804026681841], [11.591449955033147, 48.13805256300079], [11.591456235171204, 48.13805645149812], [11.59146959754104, 48.138064860048125], [11.591488975017949, 48.13807688593438], [11.591509154188184, 48.138089455202405], [11.59152853311687, 48.13810148284887], [11.591547777640962, 48.13811351082526], [11.591567425158974, 48.13812571956279], [11.591587474917272, 48.138138200857554], [11.591607257501785, 48.138150501919256], [11.591626640640444, 48.13816253215366], [11.591646424631685, 48.138174834076686], [11.591666344932506, 48.138187226499525], [11.591686532381669, 48.13819979824913], [11.591706054753494, 48.13821173624862], [11.591725709513444, 48.13822403387571], [11.591745365427826, 48.138236060634526], [11.591765019662711, 48.13824826738727], [11.591784539447625, 48.13826047357134], [11.591804329548452, 48.138272681750564], [11.592787914934116, 48.13888088954061], [11.592880795981879, 48.13894508537596], [11.5930051527411, 48.13903925453421], [11.593139161356408, 48.139153599548244], [11.59324987953263, 48.13925641207397], [11.593397159745008, 48.139406376137714], [11.593922209678983, 48.1400019709559], [11.594051273671038, 48.140158034980864], [11.594098839536636, 48.140222695375186], [11.594168086004919, 48.14032057967076], [11.594221746542104, 48.14039639301278], [11.594206439382845, 48.14041225393566], [11.594236382538817, 48.14048411655871], [11.594223051110596, 48.140487755909305], [11.594708355374143, 48.141585526976236], [11.594720874535923, 48.141582784121795], [11.594765288133596, 48.14167753086513], [11.594778210763888, 48.1416747905873], [11.594791812808053, 48.14170540931862], [11.594863166491978, 48.141861482226176], [11.594877174176803, 48.14189193161919], [11.594864389916482, 48.141894404241675], [11.594907863658596, 48.14198953747817], [11.59489332847482, 48.141992453669104], [11.595268348503524, 48.14280766985314], [11.595322542148315, 48.14294825508131], [11.59545416212506, 48.143328829186636], [11.595444742059904, 48.1433308632348], [11.595466731525882, 48.143404334124114], [11.595475742118364, 48.143403377385425], [11.595491429969295, 48.143458747290325], [11.595580999413293, 48.14379606893022], [11.595643859651869, 48.144080066568], [11.59567529712024, 48.14422028675718], [11.595707522637788, 48.144363198414005], [11.595723371001014, 48.14443431559125], [11.595755605720752, 48.14457647119456], [11.595771583869663, 48.144647866167055], [11.595779361034253, 48.14468324046549], [11.595789351365974, 48.14472743763952], [11.59584444613634, 48.14497675162348], [11.595860024325207, 48.145047835292274], [11.59587197590099, 48.145101374809144], [11.595985115601406, 48.145618054268105], [11.595989167676233, 48.14566734080856], [11.59610187515757, 48.1461726852601], [11.596142878257655, 48.14635815669269], [11.596189316844624, 48.146514280770475], [11.596301471854499, 48.1469033136239], [11.596344444380323, 48.14700725941565], [11.59639486981203, 48.147118156809604], [11.59643745967476, 48.14720614883154], [11.596481718574118, 48.14728839300234], [11.596564843423893, 48.14742024252721], [11.596697070663499, 48.147615011437715], [11.596823975928137, 48.14779388144467], [11.597267965725075, 48.14832635780817], [11.598091605001132, 48.14927404612826], [11.598096729549376, 48.14927181569568], [11.59816854095821, 48.14934614945087], [11.597951053905316, 48.14944205248639], [11.596759506273356, 48.149985562861055], [11.595246085347279, 48.15067142348665], [11.594552608990275, 48.15123591827706], [11.594073811488387, 48.15166667223379], [11.593743855966993, 48.1522302724713], [11.593411148340433, 48.152673349565525], [11.593350173547975, 48.15311358692954], [11.59286413916473, 48.15421700758654], [11.59244254370371, 48.15496783117653], [11.592372126673224, 48.155062200055085], [11.592094492418155, 48.15551530181338], [11.591866859632722, 48.15596471200813], [11.59178258043217, 48.15618888183556], [11.591736439548372, 48.15627981420144], [11.591677284366876, 48.15634079358532], [11.591547952137152, 48.156423586323434], [11.591271967867142, 48.156490951784555]]]}, "geometry_name": "shape", "properties": {"sb_nummer": "01", "sb_name": "Altstadt-Lehel", "flaeche_qm": 3145888.14344}}, {"type": "Feature", "id": "vablock_stadtbezirk.21", "geometry": {"type": "Polygon", "coordinates": [[[11.645510914727314, 48.13598110105178], [11.645274261465243, 48.13600448211952], [11.644408883638368, 48.13608986675439], [11.643611521378594, 48.13616852979108], [11.642853691941013, 48.136243301972954], [11.642654039153095, 48.136263031440485], [11.641697353624956, 48.13635738168455], [11.64137159744561, 48.13638955614923], [11.6412391488451, 48.1364026348333], [11.640741266833166, 48.13645180914541], [11.640382159991944, 48.136481896117125], [11.640021408627808, 48.13650100260117], [11.639660080311454, 48.13650994086249], [11.639555156295328, 48.136509340598565], [11.63929815754194, 48.13650700257713], [11.638937245185026, 48.136493673329625], [11.63857748757713, 48.13646961778819], [11.637552307080929, 48.13638527595223], [11.636523242238194, 48.13630032668715], [11.635857256011025, 48.136245216688835], [11.635783261337643, 48.13610871802373], [11.635341253722348, 48.13592003895826], [11.634914028593073, 48.13571296637346], [11.634810333949178, 48.13566955075619], [11.634708192225034, 48.13563288571857], [11.634582611186216, 48.135587689161575], [11.63434163848232, 48.135500959867905], [11.633848312366391, 48.13538903626911], [11.633633301514067, 48.13537855580017], [11.633338245963209, 48.135364197347656], [11.63331327951342, 48.135324005201404], [11.633262762329338, 48.13532456774405], [11.63321280952983, 48.13532510022893], [11.633109974017316, 48.135326201709994], [11.63294823823699, 48.13532791011434], [11.632917336220064, 48.13532826398967], [11.63293806218298, 48.13528586806518], [11.632949125463165, 48.13526262004869], [11.632956614184216, 48.13524688182786], [11.630197132878454, 48.1357005235888], [11.62978677678963, 48.13575337948943], [11.629356261756106, 48.13578758635788], [11.629350007246156, 48.13586231127355], [11.629349369131493, 48.135869948988315], [11.628307019953663, 48.135818987134634], [11.627579090195457, 48.13576579819376], [11.62624193213574, 48.13571652814967], [11.624764077009685, 48.13566287441418], [11.624342881934242, 48.13574134006932], [11.624395186150135, 48.13575013633308], [11.62433211465124, 48.13576343232872], [11.62420094369674, 48.135795763741335], [11.62411476087112, 48.13582122116779], [11.624079462545824, 48.13583298448553], [11.624030962415414, 48.13584920468057], [11.623946746727992, 48.13587997444538], [11.623760817306882, 48.135952700311876], [11.62377100797992, 48.13584201530622], [11.623774474934443, 48.13580784809557], [11.62374790926013, 48.13580308945509], [11.622009546087513, 48.13549097633288], [11.621860482739017, 48.135464129697745], [11.621189173013054, 48.135386886020214], [11.620754738467538, 48.13531761821753], [11.620374518036293, 48.135241143550374], [11.61954725385843, 48.13512115621787], [11.619269495076054, 48.135075450902896], [11.618670024845251, 48.13504251506056], [11.61867208038439, 48.135036945226375], [11.618712596689837, 48.134934182165914], [11.619018847172004, 48.13392803759396], [11.619014207327702, 48.13386425312779], [11.618611043049157, 48.13388037862525], [11.618371334025131, 48.13387583868398], [11.617863457085251, 48.133867187306834], [11.617813490067268, 48.133866304330304], [11.617423976355038, 48.133838989838544], [11.617028676205754, 48.13379562747925], [11.616663780577507, 48.13374588434878], [11.616496656275968, 48.13371818612074], [11.616371826463674, 48.13369745503284], [11.616256438826442, 48.13367826693723], [11.616119089556284, 48.133649552495356], [11.616044246001282, 48.13363391628827], [11.615982308465169, 48.13361688652671], [11.615597285132605, 48.13350949480441], [11.615359163572691, 48.133443202389486], [11.615273778996434, 48.13341602373755], [11.614706005857148, 48.13323551537093], [11.6142343874349, 48.133051868168295], [11.614131519005694, 48.133011852373585], [11.613626875056504, 48.132774086390995], [11.613157303827291, 48.13255236718116], [11.613079857802273, 48.13250840229239], [11.613005755670283, 48.13246633363651], [11.612699045676997, 48.132292397388895], [11.612641858350624, 48.13225182520345], [11.61200198930342, 48.13179857400405], [11.61198542206871, 48.13178682687607], [11.611926633534935, 48.131745166001245], [11.61203600897681, 48.13170514709936], [11.611812333635855, 48.131477774182194], [11.611762196757306, 48.13149990480991], [11.611751918529484, 48.13145607266292], [11.61171405053274, 48.13140135045956], [11.611665944184068, 48.131350544831314], [11.611652352401654, 48.131336108881584], [11.611356227297634, 48.13102762343463], [11.611043004129808, 48.13070776015046], [11.611008242044617, 48.130668982634205], [11.610978040992311, 48.13063084915499], [11.61090508268829, 48.13052819665288], [11.610287044351647, 48.12988191410682], [11.609316683077054, 48.12887724735033], [11.60921752784248, 48.12877458696587], [11.609095729830008, 48.12864933761786], [11.608984986071327, 48.12855389753529], [11.60882372909436, 48.12843421689262], [11.608704080141013, 48.128355501833205], [11.608377893319453, 48.12814082976591], [11.608132801766919, 48.12797936859091], [11.607412173111848, 48.127504195420904], [11.606761074755253, 48.12707550066539], [11.606602820010707, 48.126971171342234], [11.605981996410518, 48.12656163467392], [11.605872616918187, 48.126489514045], [11.604880918730489, 48.12583285241952], [11.603916586102367, 48.12519419579529], [11.603434369957242, 48.124873169919326], [11.603318101368188, 48.12479652047309], [11.60323717604256, 48.124822216536735], [11.603139990911574, 48.124850108567536], [11.603042978806114, 48.12487297211386], [11.60294261028206, 48.12489178606531], [11.602827228598318, 48.12490568803478], [11.60271013370132, 48.12491555711948], [11.60262908860992, 48.12491961978909], [11.602559086004337, 48.124920209996766], [11.602409906980439, 48.124914372762575], [11.602303619221148, 48.124904708455404], [11.602310903937877, 48.12486526085766], [11.602303167430088, 48.124858307939846], [11.60204449421013, 48.12481804761063], [11.601956357263424, 48.12480309935031], [11.601956459031568, 48.12479032799199], [11.601785891635767, 48.124752769777544], [11.601704781944335, 48.124731801740374], [11.601625687593701, 48.12471137916286], [11.601553483069145, 48.124687113089834], [11.601491892840418, 48.12466297366798], [11.601242514027186, 48.124498908172676], [11.601162108273645, 48.124441533225735], [11.601079719504137, 48.124372808973455], [11.60197177838166, 48.123917102612936], [11.603626468882053, 48.12284669835208], [11.606084969685188, 48.12083916545398], [11.608528553227602, 48.120985361176864], [11.61035964714002, 48.121008540820654], [11.611964524328846, 48.120913013721754], [11.612952318389429, 48.12083423239359], [11.61322790797716, 48.12081497978268], [11.616812659738306, 48.12057417802905], [11.620160908202292, 48.1203538908543], [11.622043006965745, 48.12023042125495], [11.624196295509446, 48.12005163231511], [11.62583509549572, 48.119827461110035], [11.627384923147842, 48.11952454824805], [11.629567987753022, 48.11903111254331], [11.62974885602457, 48.11899021340151], [11.63055328250812, 48.11880836268411], [11.632200744359022, 48.11843600576308], [11.632275333875539, 48.11842214258109], [11.634404492213017, 48.11804717872637], [11.636241939118959, 48.11778689926802], [11.638064168696937, 48.117466348892115], [11.640044193695237, 48.11690685445602], [11.641413507146542, 48.11636133917718], [11.642505715280233, 48.11579544872154], [11.64287923852032, 48.11557730555903], [11.643691911429059, 48.11508316363068], [11.644248427392546, 48.11524633873878], [11.645087042389193, 48.114971090393425], [11.646456009656937, 48.11445819326486], [11.646598983801901, 48.11470323905059], [11.647344817410268, 48.11598149593361], [11.647760029566982, 48.11663907284328], [11.648132868208203, 48.11719757430393], [11.648495043943976, 48.11774219622528], [11.649436479643056, 48.11919484449423], [11.649741535782814, 48.119514745850665], [11.649801207974281, 48.11959164210955], [11.649918949219584, 48.11974644331209], [11.650003902563116, 48.11985799695186], [11.65001751973444, 48.119875884875185], [11.650725292725873, 48.119640002772826], [11.651752888036123, 48.121057521686126], [11.651813161283005, 48.12113751274734], [11.652830094743454, 48.12258530181307], [11.65271996081983, 48.12270844907686], [11.654006744335627, 48.124675877419726], [11.654085883899004, 48.12484528117755], [11.654145212953479, 48.12497691994933], [11.655032715314917, 48.12631236071419], [11.655796408507454, 48.12751497537847], [11.656412167723245, 48.128359141783626], [11.656528975424377, 48.12851810498049], [11.656467420355808, 48.128547695291196], [11.656419583840584, 48.128570666046514], [11.656365618439338, 48.128605124154085], [11.656327577324209, 48.12864762799034], [11.656307910037082, 48.12869558527192], [11.655979151821548, 48.128970739496246], [11.655698173806865, 48.12926900613804], [11.655661018449392, 48.12932033522663], [11.655468019544164, 48.12958655670082], [11.655258814499454, 48.12991062471567], [11.655247367689817, 48.12991517511649], [11.655227083210985, 48.129935432537344], [11.655179993829702, 48.12998581958041], [11.655127867208314, 48.130104901530295], [11.655119477748677, 48.130094174569685], [11.655054787097573, 48.13024326562483], [11.655101924632062, 48.130303112370385], [11.655063281530165, 48.13031684409116], [11.65488068488756, 48.13079632923934], [11.654694623968634, 48.13128483276335], [11.65466059686313, 48.131370512047084], [11.654425077570863, 48.132000889157354], [11.654404685050402, 48.13205550877981], [11.654335718142033, 48.1322399371662], [11.654039311851268, 48.13305412125412], [11.65389247735737, 48.133458024378925], [11.653819579737831, 48.13343180952087], [11.653784046389225, 48.13351958655664], [11.653743132544324, 48.133853431764614], [11.653652526710928, 48.134123951540104], [11.653593539848076, 48.13430020176324], [11.653577353540031, 48.13434844431231], [11.65332503747103, 48.135012152210294], [11.653127352178712, 48.13540573575621], [11.652932695869177, 48.13542274660524], [11.652559543080828, 48.135455276544974], [11.65180150332639, 48.13552260126124], [11.651541874249533, 48.13554562775423], [11.651507044987133, 48.135548760511526], [11.651276462179887, 48.13556917946627], [11.651042698065568, 48.135589951225406], [11.6507483212286, 48.135634487795166], [11.650640870901094, 48.13565078587666], [11.649827614743904, 48.13570314838655], [11.649764299966565, 48.13567021419727], [11.64963314339526, 48.135656147360585], [11.649587423596127, 48.13566203582141], [11.649580566141642, 48.135662914758015], [11.64884339854799, 48.13575755755871], [11.64816790335216, 48.13584341238338], [11.648063380923766, 48.13585829983235], [11.647510153128131, 48.135903902684326], [11.647139090148617, 48.13592508147599], [11.646327374259199, 48.13599131166085], [11.645918544281516, 48.135972533580464], [11.645510914727314, 48.13598110105178]]]}, "geometry_name": "shape", "properties": {"sb_nummer": "14", "sb_name": "Berg am Laim", "flaeche_qm": 6315330.58899}}, {"type": "Feature", "id": "vablock_stadtbezirk.22", "geometry": {"type": "Polygon", "coordinates": [[[11.431942939970792, 48.20449422752542], [11.432008511825751, 48.20473193357985], [11.432040033659662, 48.204857057795294], [11.432080417964627, 48.20508393636111], [11.432091561859265, 48.205193249136926], [11.432054173340363, 48.20518797514956], [11.431978509996057, 48.20517730013443], [11.431679281467225, 48.20513486001135], [11.430006731090296, 48.2048964152712], [11.429953824694898, 48.20488824309137], [11.428562228530417, 48.20468958253832], [11.427494082721308, 48.20453707961199], [11.427387703522198, 48.20452184620932], [11.426960130586782, 48.204460626627764], [11.426812738750828, 48.20443984807403], [11.426058086808215, 48.2043333387958], [11.426040629916038, 48.20433082450953], [11.426017562726361, 48.20428933881326], [11.425960622373974, 48.204293105419396], [11.425810632984428, 48.204305673934805], [11.425362625870566, 48.20432785716376], [11.422635018776287, 48.20394574793692], [11.420606215028336, 48.20365616693499], [11.420335742816711, 48.2036245897204], [11.419676972684078, 48.20354779797516], [11.419462092492779, 48.203506247266304], [11.419341850192172, 48.203404405218556], [11.41929599159241, 48.20332955033346], [11.419030108496942, 48.20289401725845], [11.418935113234062, 48.20280890723597], [11.418831932942396, 48.20277007394726], [11.418764946917774, 48.20276748730576], [11.418685991552408, 48.20276448135503], [11.417670471596606, 48.20299254789317], [11.417056000389803, 48.20313054097144], [11.416859836801782, 48.203142765351494], [11.413673377684399, 48.20265916213946], [11.413154162457328, 48.20258040458537], [11.412958771981389, 48.20255079711345], [11.412886995769743, 48.202533878846396], [11.412743001766703, 48.20251478886849], [11.409879786738088, 48.20213480997831], [11.409067070253663, 48.20202757873168], [11.408864346955735, 48.20190339514251], [11.40742088542763, 48.201705011070175], [11.406784580869834, 48.20161753702039], [11.40664968002956, 48.20160623804249], [11.406574604341678, 48.20165476888884], [11.404795055325629, 48.201389215144175], [11.404710140153973, 48.20137996562044], [11.404628303594324, 48.20134931254669], [11.404626063260539, 48.201368727083995], [11.402876171308675, 48.20114126818515], [11.402827281223326, 48.20113490346225], [11.402439244800604, 48.201394683689415], [11.402400816433547, 48.20135589530686], [11.402260064936524, 48.20126049730659], [11.402120703995614, 48.20116601302687], [11.402108149445665, 48.20115750359419], [11.402022337964016, 48.20121458690873], [11.401684093974161, 48.20098754703957], [11.401648735238751, 48.20097422714615], [11.401536561764633, 48.200948534799224], [11.401421257456379, 48.20093676520642], [11.40090222975559, 48.20091413936424], [11.400553397348542, 48.2008968605221], [11.40031141427702, 48.20088971681834], [11.400241948630065, 48.200882698402715], [11.400178754010764, 48.20088012160056], [11.399467414116076, 48.20085033751875], [11.399151280860973, 48.20083787546842], [11.398304872505516, 48.20079614451252], [11.397553480032375, 48.200761771554305], [11.397303494469394, 48.20074639540415], [11.397280331524403, 48.20074905613772], [11.397075523738676, 48.200740002559336], [11.392863185426705, 48.20055494405435], [11.390834477558444, 48.200460478300215], [11.390820217506539, 48.20043899779762], [11.390803708110408, 48.200414359103014], [11.390672283514855, 48.20014179258331], [11.390629568543151, 48.199877348812194], [11.390591831961542, 48.19968563363702], [11.390603795391698, 48.19968623591068], [11.390572856732021, 48.199551929727214], [11.390525062759991, 48.19931782757654], [11.390466760422052, 48.19907360112493], [11.390461066198936, 48.19904336211831], [11.390453213630456, 48.19900223216226], [11.390439035498007, 48.19892753457163], [11.390398063237894, 48.19876359697082], [11.390353822526015, 48.19858633781211], [11.390329985258843, 48.19858855049089], [11.390271833410832, 48.19833991189808], [11.390230362825653, 48.19816217936052], [11.39018889001811, 48.19798471048468], [11.390206393858934, 48.19798282483831], [11.390204742839172, 48.197975082436486], [11.390099774137822, 48.19748381189832], [11.390079035395676, 48.19748550208694], [11.389982894865446, 48.197003801326595], [11.39001860710436, 48.196987450087875], [11.389996588048149, 48.196949477853174], [11.38998021475945, 48.19694615185445], [11.389937816865105, 48.19673181316194], [11.389855777985936, 48.1963157067034], [11.389777616735897, 48.19592254204135], [11.389726352673096, 48.195639988606615], [11.389676098817796, 48.195396575011095], [11.389608553288634, 48.195120208669], [11.389548213550224, 48.19490281749842], [11.389499565821652, 48.19472785044024], [11.389410644508915, 48.19444482209315], [11.389326456362038, 48.19419319184935], [11.389234775527216, 48.19392717339041], [11.389167283847884, 48.19373142633211], [11.388993521727675, 48.193229654928565], [11.38888596791581, 48.192895961238754], [11.388807458039683, 48.19262027131203], [11.388745866408188, 48.192336172102195], [11.388702058968383, 48.19200398085934], [11.38862145676197, 48.191258246010385], [11.388599488818711, 48.19108635083308], [11.388566884585059, 48.1909420281258], [11.388539803912392, 48.19084333153657], [11.390215914248552, 48.1906395105106], [11.390702945974017, 48.19057999153519], [11.390549456960345, 48.19026938772461], [11.390834931256977, 48.19013865693528], [11.391549056632856, 48.18981293923756], [11.392203779168508, 48.18958115054099], [11.39228144300193, 48.18955412202389], [11.392240384029634, 48.18927681227206], [11.392217255742821, 48.188671409345496], [11.392217896033742, 48.18817666524795], [11.392205857537826, 48.18789608695381], [11.392165961985253, 48.18764117530052], [11.3921659430126, 48.187641085718006], [11.392060792732602, 48.18710211842297], [11.392029363502505, 48.18689289559628], [11.39201251848446, 48.186781834275855], [11.391994704902736, 48.186729848095965], [11.39196013479829, 48.18662713320125], [11.391907752701135, 48.18647269030314], [11.391773271038618, 48.18615959487882], [11.391577298279563, 48.18589016143198], [11.39143218410495, 48.18573374803645], [11.391270169886502, 48.185548169056474], [11.391925651717925, 48.18518939480403], [11.393160243127323, 48.18451384008013], [11.39319258602476, 48.18449638915742], [11.393230210963225, 48.184475637592925], [11.39325903962902, 48.184459694096844], [11.393194255926062, 48.18437671474478], [11.39309687771505, 48.18425224806952], [11.392906807003914, 48.18400899074199], [11.392526768028722, 48.18351354812611], [11.391948310937737, 48.18276838327769], [11.391407008618469, 48.18206871314106], [11.390933732016267, 48.181454716857964], [11.390867967084446, 48.18138492123545], [11.390795937738996, 48.18133319117563], [11.390599109039284, 48.181191772362546], [11.390454969763189, 48.18110448431891], [11.389082594411063, 48.18048614697808], [11.388895461440042, 48.18040419050741], [11.388863446780956, 48.18038217101991], [11.38870688120602, 48.18031748241222], [11.388466639836675, 48.18019964951734], [11.388361635806644, 48.18012795718236], [11.388070426589387, 48.17985671658489], [11.387504894095182, 48.178969266125385], [11.38742780409268, 48.178869298639405], [11.38735863433181, 48.17881578033866], [11.386787857832854, 48.17846192893], [11.386203380818534, 48.17811651752542], [11.385299563404022, 48.17756808127547], [11.385283890596353, 48.17757419943055], [11.385251057711912, 48.177587058664834], [11.384917156184049, 48.17771931488452], [11.384850069364907, 48.177741061324205], [11.384782977278618, 48.177762811432835], [11.384632863612534, 48.1777986125605], [11.384479012906416, 48.17782189778221], [11.383525266482998, 48.177916977240216], [11.383324816504176, 48.177959021638536], [11.38313501691109, 48.17802725859609], [11.38304028649558, 48.17807711772677], [11.382996314316665, 48.17810026686064], [11.382966549049804, 48.17811593659403], [11.382947307537847, 48.17812851505897], [11.382702533511795, 48.178288464786206], [11.382556030201807, 48.17838418357921], [11.382375371837066, 48.1785023841155], [11.38234188916893, 48.17852423934892], [11.382260541912476, 48.178577407719544], [11.382092232518149, 48.17868730864401], [11.381979755711363, 48.17876081383853], [11.38186140236068, 48.1788381559269], [11.38184947364379, 48.1788459163588], [11.381772217481624, 48.17889631732937], [11.381707439874525, 48.1789386899969], [11.381572643546097, 48.17902664359257], [11.381498132168856, 48.17907534898589], [11.38140560672464, 48.179134659074215], [11.38111099929381, 48.179323384655596], [11.381084043534685, 48.179340687243936], [11.38104412626491, 48.17931654843733], [11.379910089020203, 48.17919034865831], [11.379506610374944, 48.179145465251274], [11.378287176654636, 48.179018743463175], [11.377656517111536, 48.17895315994245], [11.377416319418284, 48.178927503135874], [11.376164661501539, 48.1790132373191], [11.37530527989224, 48.17907212673126], [11.375160384724543, 48.17906957876901], [11.375110522130164, 48.17906833135165], [11.375079880283813, 48.179067543157444], [11.375074767803838, 48.17904521294379], [11.375040131231383, 48.17897353302924], [11.374982771848702, 48.178923482847544], [11.37491022195325, 48.178885041525525], [11.373810129132822, 48.17850889608113], [11.373687998321461, 48.17847674568598], [11.373598606071102, 48.17846384162367], [11.37346216639515, 48.1784518464496], [11.371590150163739, 48.17842773152327], [11.371450871720594, 48.17841697486389], [11.371302998803925, 48.17837949934043], [11.371186716146509, 48.178331853824936], [11.371099472877045, 48.178276339596536], [11.370764705241738, 48.177979207666965], [11.370146091558993, 48.17743370196251], [11.369199421022518, 48.17659954689375], [11.369115880776118, 48.17651790540487], [11.369065140325022, 48.17643571348311], [11.369037475167763, 48.176378639835654], [11.36903138847438, 48.17630522490028], [11.369053437550813, 48.17620640319479], [11.369665273315766, 48.17433291260441], [11.369636075333856, 48.174227610330576], [11.369441242960376, 48.17383420044878], [11.369411230724051, 48.173793481016354], [11.36939613614102, 48.17374285151536], [11.369256782994624, 48.173464001986304], [11.369234772539999, 48.17342719617505], [11.369083352510748, 48.17312740015483], [11.36899951033167, 48.17293289330876], [11.368861813983518, 48.17266996034848], [11.368821735348101, 48.172464022720675], [11.368749153718072, 48.172020707803696], [11.368754813209133, 48.17195617525528], [11.368754162536295, 48.17191193049073], [11.368726659888514, 48.17182069159698], [11.368678424572543, 48.17167402115889], [11.368678754279188, 48.17159173254524], [11.368679304891185, 48.17151575580374], [11.368631724533335, 48.171334771475465], [11.368621537140926, 48.1712581865238], [11.368626501515887, 48.171131040293304], [11.368549384351635, 48.1707877496224], [11.368544272540918, 48.17071119678432], [11.368536511573048, 48.17064298010063], [11.36849222170804, 48.170583012532745], [11.368513554260238, 48.170543019482075], [11.368514647898177, 48.170454620023484], [11.368480056245055, 48.17034869259457], [11.368394211253296, 48.16980691833221], [11.368381680641255, 48.16967671179805], [11.368295804296082, 48.16943934857599], [11.368259676924394, 48.169371798492605], [11.368172962035393, 48.16918441703541], [11.36813032384021, 48.16910875826861], [11.368083996655336, 48.16901579364637], [11.368073417481128, 48.16895718703352], [11.368022353032236, 48.1688777689882], [11.367867792372117, 48.16851845999318], [11.367656418572569, 48.168144639443526], [11.36763793926289, 48.1681499375568], [11.367631867043604, 48.16815179386672], [11.367588170514024, 48.16812026374307], [11.367515560480467, 48.167986125092874], [11.367444608010613, 48.167855054667314], [11.367464857708844, 48.16784833354643], [11.36743473271093, 48.16780499305793], [11.367179276699924, 48.167431423170335], [11.367072009425172, 48.16719903281959], [11.366889157201712, 48.166870074483526], [11.366518693821966, 48.16618958147922], [11.366255442058987, 48.16571196246661], [11.366030268980555, 48.16528823174511], [11.36581400468545, 48.164869174106855], [11.365655330730759, 48.164632099526635], [11.365437765963605, 48.16436353310559], [11.365250578133894, 48.16419387866995], [11.36507579473615, 48.164043141907], [11.364866498250743, 48.16387880888099], [11.364634561956473, 48.16374119965361], [11.364423697135289, 48.16362600072091], [11.364125623089683, 48.16348266139321], [11.363828700875196, 48.16336170743456], [11.363629003412049, 48.16328933428661], [11.362769404347947, 48.163047465184846], [11.362784970785764, 48.163027947398476], [11.36276029470527, 48.163023309080685], [11.362715797334678, 48.162882661461246], [11.362669376874813, 48.16272383469323], [11.362304095935, 48.16154021740071], [11.3619990431662, 48.16053900230872], [11.36179579287085, 48.159880838037566], [11.36177233612821, 48.15981981510909], [11.36168132981441, 48.15965147967496], [11.361350109429983, 48.1590801733715], [11.361242581174434, 48.15890399820931], [11.361216769131842, 48.15884961714006], [11.360803440000623, 48.15811861728956], [11.360778275906402, 48.15806749259407], [11.360790655245827, 48.1580662133553], [11.360812863530064, 48.158063640700895], [11.360847606765587, 48.15805808142127], [11.361044943980636, 48.15808696045523], [11.36107754671733, 48.15809145781856], [11.361110414658603, 48.15809613687576], [11.361793700834424, 48.15820320874984], [11.362439793075842, 48.158304144641406], [11.362832517752073, 48.158383159157836], [11.363643413763059, 48.158485896569175], [11.363743626099122, 48.15849042376168], [11.364404150529898, 48.15853727827352], [11.36475763536199, 48.15853664831776], [11.365066581251673, 48.15853937980223], [11.365471236518662, 48.15856293474711], [11.365518118068925, 48.15856480551838], [11.366120285427952, 48.15862440132202], [11.366638384790242, 48.158659694400114], [11.36723952027, 48.15867341784078], [11.368339090390668, 48.15862527225976], [11.36944395622774, 48.158562192069624], [11.370256652358218, 48.15850781286741], [11.3706854692221, 48.15844550519617], [11.37089989332463, 48.158434783490485], [11.37102707228966, 48.158428457028535], [11.371195768224037, 48.158418601163014], [11.37111136698216, 48.158178354241315], [11.370898254766262, 48.158082915068036], [11.370696484705462, 48.15813662347248], [11.37058313054849, 48.158062097281764], [11.37045434844547, 48.15810895713742], [11.370451907574946, 48.158099590426964], [11.37036759036005, 48.15805936725687], [11.370246250859193, 48.157968955260735], [11.370257708799187, 48.15789969059604], [11.370264518028774, 48.15785908529339], [11.370346050320443, 48.15785170296462], [11.370366857455725, 48.15780937638765], [11.370340612279463, 48.157757086548294], [11.37033575560593, 48.157747619417535], [11.370269151761464, 48.15776515004962], [11.37012412527485, 48.15753348912299], [11.369987409983672, 48.157315028151054], [11.369975362482295, 48.15731109722207], [11.370114296594382, 48.15727066700697], [11.370076275333787, 48.15721381614408], [11.369819032432073, 48.156826828779664], [11.369856744270018, 48.15681992244294], [11.369876407828047, 48.156816427865145], [11.369902671476416, 48.15681161931929], [11.370832828325101, 48.15664120402929], [11.371931456169282, 48.15629618934378], [11.373283077017605, 48.15608706983263], [11.373818056861326, 48.15603833739696], [11.374862534055595, 48.155984514607646], [11.374914442174648, 48.15598165006], [11.375153358478599, 48.15548752987847], [11.373862414758246, 48.155537589376806], [11.373914012888122, 48.155403436908855], [11.374155395657066, 48.15477687890171], [11.374202901573566, 48.154653968109585], [11.374204421079881, 48.15465006405882], [11.374422069832194, 48.154089772425806], [11.373621843501505, 48.15418373361671], [11.37358174223709, 48.15418846272071], [11.373914722524166, 48.15354806704682], [11.37561899627373, 48.15336819146422], [11.376991275122336, 48.15330516292176], [11.3780211322432, 48.15322373667959], [11.378031213887674, 48.15383517887467], [11.3781957349895, 48.15383185048281], [11.378731144868896, 48.15382648605471], [11.379522438509513, 48.15382969198229], [11.379515359878976, 48.153724698516505], [11.37950281553377, 48.153534953793745], [11.380591201623805, 48.15348201905893], [11.381069588030961, 48.15342556439584], [11.38166307860239, 48.15332776819417], [11.382888764924456, 48.15307342780634], [11.38293350082568, 48.15279251817473], [11.382969843218065, 48.15256386006242], [11.382987656812771, 48.15241335513261], [11.383003071857036, 48.15228320527664], [11.38303801903988, 48.15198790149826], [11.383072821245117, 48.1516941195305], [11.383074156086836, 48.15167272027404], [11.383110110601361, 48.1509558298624], [11.383118663831034, 48.15079335465568], [11.383152591764853, 48.150144536730295], [11.383175723563898, 48.14972977030746], [11.383177394982818, 48.149680402500756], [11.38317750773382, 48.149671139626854], [11.383968580236514, 48.149760626121676], [11.384004677273575, 48.149764955370486], [11.384014470282777, 48.14976635644529], [11.384017046445093, 48.149439890702844], [11.38402095588977, 48.14901908773018], [11.384235465189866, 48.14910899125124], [11.385000476592468, 48.149429814991684], [11.385530260091475, 48.149651830709786], [11.387234243164865, 48.14732858215911], [11.387298846504105, 48.14735292924194], [11.387461976534649, 48.147421313595025], [11.388113399248411, 48.147694373934705], [11.38835574917123, 48.14777351268512], [11.389146081558346, 48.14793041197515], [11.389881083942845, 48.14665254015034], [11.389904293454034, 48.14661238055775], [11.390137474759618, 48.14620541075584], [11.39016204112284, 48.14616245784896], [11.39021754433514, 48.14606556360958], [11.390266204576715, 48.14598060695542], [11.389979225366053, 48.145902612219665], [11.389404664780084, 48.14574639558633], [11.3894128775793, 48.14573384647291], [11.389449699445063, 48.145677377828115], [11.38954428784676, 48.14553235053173], [11.390633699868989, 48.14386346705218], [11.390449595515445, 48.14379820051682], [11.390473613426009, 48.143755972461854], [11.390151979021509, 48.14365184267241], [11.390273297331253, 48.14346155650935], [11.391275377322959, 48.14189217262045], [11.390055139858838, 48.14142325827124], [11.39005514569849, 48.14142271828095], [11.389757246227749, 48.141308557692106], [11.389528774492861, 48.141221020824965], [11.389533710966537, 48.14121268243837], [11.389550855769787, 48.14118327185276], [11.390869948648147, 48.13892346269037], [11.391696023869484, 48.13750753345692], [11.391890782359656, 48.13717351735077], [11.392082572565874, 48.13684504507302], [11.392088196289862, 48.13683563231293], [11.39210247036131, 48.13681106703818], [11.392134876072967, 48.13675620191869], [11.392170244982589, 48.136696316380764], [11.39217326324223, 48.136691206646766], [11.392190001042666, 48.136662877551416], [11.392141544117765, 48.13664830963752], [11.391488934950257, 48.13645019568359], [11.39134664814146, 48.13640699095804], [11.390791135803696, 48.136223391455935], [11.390499629318324, 48.13613022395321], [11.389978748732368, 48.13597681184102], [11.390165497847807, 48.135439463304714], [11.389173910847168, 48.1351326663016], [11.389200022277851, 48.135038096862225], [11.38924564104728, 48.13491845953826], [11.388997347615634, 48.13487586235911], [11.388604744950666, 48.13471145042841], [11.388191500845851, 48.134575459434416], [11.388248937971062, 48.13439741217197], [11.38825228442408, 48.134387086877524], [11.388259396015874, 48.13436508870728], [11.388284781832615, 48.134285356670595], [11.388361873974578, 48.13404409498021], [11.388413814977953, 48.13388050172348], [11.388416470378184, 48.13387197056138], [11.388424867240834, 48.133844042182695], [11.388453979117653, 48.13374615869772], [11.38846723251157, 48.13370467578798], [11.388478188805477, 48.13367559285255], [11.388554391341238, 48.13343315639041], [11.388514837696162, 48.133426832782554], [11.388718623631917, 48.13285040013406], [11.388973424898937, 48.13289896666594], [11.388992350276608, 48.13285508657556], [11.38914460024093, 48.132450874354696], [11.389280387434177, 48.13205030293244], [11.389381698113848, 48.13174814057952], [11.389409467627411, 48.131673376755884], [11.389391646734458, 48.13161356728839], [11.389388552417037, 48.13160284955801], [11.389399049856117, 48.13155605394653], [11.389404816150536, 48.131511664690755], [11.389406963582276, 48.13146662728653], [11.389404675842105, 48.13142165604604], [11.38939861350097, 48.13137792224215], [11.389388401686718, 48.13133299616073], [11.389357815844969, 48.13121830902665], [11.389342004076877, 48.13117044736171], [11.389324141821447, 48.131147675598456], [11.389339011861974, 48.13110682207935], [11.389283112762106, 48.131095715376], [11.389219301859278, 48.131083034829345], [11.38919808364459, 48.1310254284771], [11.389047246528339, 48.13061690161644], [11.38903121146459, 48.13057354346464], [11.388981029951914, 48.130437968615816], [11.388966839011877, 48.130399387738336], [11.38890162560949, 48.13022198774981], [11.388724080981888, 48.1297406007873], [11.388766457934974, 48.129675168201075], [11.388882058699195, 48.12942673196949], [11.389620302254585, 48.12786667461903], [11.389756171223237, 48.1278876643432], [11.390757523343916, 48.128044169891226], [11.3927947379738, 48.12847952991231], [11.39300464928738, 48.128524419261126], [11.393101038458035, 48.12830868110183], [11.394016690347327, 48.12626003733383], [11.39428783700811, 48.125653255528036], [11.394427375452905, 48.12550912667246], [11.3945240947585, 48.12550685221758], [11.394568427517555, 48.12550583624879], [11.394595695486007, 48.12550535597251], [11.395992178033353, 48.12544355199284], [11.398508011851034, 48.12533224410781], [11.401042512292891, 48.12521955684979], [11.40220261131631, 48.12516792511425], [11.402268048253076, 48.12516502155177], [11.402296838871923, 48.125326337430636], [11.402490911183401, 48.12536298823703], [11.402514231550379, 48.12536734040781], [11.402635279413662, 48.12539019950712], [11.402775351515526, 48.12541658268422], [11.403580583762205, 48.125568465066635], [11.403746126646688, 48.125599665990656], [11.403828219662028, 48.12561512669796], [11.403847798737427, 48.125618011964605], [11.403931075472899, 48.125630212200925], [11.40399249216136, 48.125639261752134], [11.405325955025548, 48.12583491903018], [11.40803494554152, 48.126081749205575], [11.408175735827218, 48.126094537497885], [11.408545212071557, 48.12614182871041], [11.408964130739925, 48.12619551854679], [11.4099974220315, 48.126627845145336], [11.411251895369443, 48.12705203564075], [11.412087156009685, 48.127371684062695], [11.412682257621887, 48.1275478238376], [11.412816593850236, 48.127510054436385], [11.412883995033246, 48.127491054106954], [11.412946415406125, 48.12751968680778], [11.413041849930735, 48.12756368618833], [11.413351478792805, 48.12770171182659], [11.414540367899688, 48.128217588264285], [11.415522517913702, 48.128683732120436], [11.415624877501488, 48.12874262993809], [11.416955409641048, 48.12950795438105], [11.417065207323427, 48.12957416802387], [11.417394988064588, 48.12977312858776], [11.417591395036105, 48.129891667120866], [11.417743715226585, 48.12998348919609], [11.417919281954989, 48.13008939464912], [11.41799959593916, 48.13013781303283], [11.41836534093549, 48.13035022134722], [11.418822036709845, 48.130615663175675], [11.418845149219788, 48.13062675220674], [11.41885643203891, 48.13063216976031], [11.41927988589449, 48.13083553448894], [11.419583693456113, 48.1309818675425], [11.420749294493097, 48.131540807734424], [11.422353025586014, 48.13230238064282], [11.422391703212183, 48.13232757596762], [11.422942443964565, 48.13269646304604], [11.423196731339425, 48.13290054277648], [11.42334011324249, 48.13301448997647], [11.423546663668917, 48.13329936536059], [11.423570879711251, 48.13333267284492], [11.423773986273442, 48.13388204206252], [11.42385543801455, 48.134097577295435], [11.424047681721511, 48.13458358382373], [11.424216506270653, 48.13477751924735], [11.424381624645335, 48.134967085008725], [11.424544300231938, 48.13515373460303], [11.424707523721368, 48.13534103194328], [11.424886822148215, 48.13547431124754], [11.425066189378024, 48.13560771838938], [11.425076982913595, 48.13561578023407], [11.425138418850823, 48.13566116131789], [11.425335082240105, 48.13580646424176], [11.425468275859291, 48.13590495055472], [11.425524099640862, 48.13594603829094], [11.425542887127564, 48.135959883368834], [11.425604542626777, 48.13600936348612], [11.425628247278318, 48.136028369357], [11.425733992279222, 48.1361131832943], [11.425777141297463, 48.136147845069786], [11.425779940013442, 48.13614992745407], [11.425939354144194, 48.1362778601161], [11.425979308718675, 48.136309795449094], [11.426079327792232, 48.13638994764381], [11.426169885596334, 48.13646232659516], [11.426219410502409, 48.13650205429274], [11.426258547303869, 48.13653345883291], [11.426303925734787, 48.13654673402707], [11.426386242951502, 48.13657090634677], [11.426423322568253, 48.13658171142478], [11.426565203148705, 48.13662324015424], [11.426748846942584, 48.13667702506521], [11.426805100262758, 48.13669340041707], [11.427249626375977, 48.13682363938245], [11.427313497812184, 48.13684063992081], [11.427374288640586, 48.13685682193428], [11.427429452201913, 48.13687157340392], [11.427433406101358, 48.136866196414935], [11.42762797699472, 48.136936493102716], [11.427637652415195, 48.136924398865524], [11.42782566490548, 48.13697217814531], [11.428017872177133, 48.13702073404413], [11.428147163014991, 48.13705350299844], [11.428209593103249, 48.13707045612653], [11.42831448216698, 48.13709912932585], [11.428510709732098, 48.13715284155909], [11.428707605808704, 48.13720663919955], [11.428905080113495, 48.13726057454076], [11.429103204944585, 48.137314783717954], [11.429210372084961, 48.13734399548673], [11.429388131886666, 48.1373927079658], [11.42960380607443, 48.137451677495264], [11.429979832076695, 48.137554235032155], [11.43043759981908, 48.13746961527555], [11.43089797483305, 48.13738401802918], [11.431039879443105, 48.13735763216807], [11.43138524462878, 48.137284199017365], [11.431908292504176, 48.137173308025815], [11.431947865165235, 48.13716486522866], [11.432060326721274, 48.13714175222291], [11.432571955327095, 48.137036272832766], [11.432666228702177, 48.13701683221784], [11.433061890154477, 48.13693526909906], [11.433248973798904, 48.136943447946564], [11.433391191868328, 48.1369501538228], [11.43380644839616, 48.13696865203259], [11.433945664075612, 48.13697519858963], [11.433968667003146, 48.13697207210508], [11.43400525296681, 48.13696748177755], [11.434339899612198, 48.136923815770814], [11.434611747412378, 48.136888928243664], [11.434629508463296, 48.13688658576687], [11.434824106197713, 48.13682036959899], [11.435206627090642, 48.136690148173365], [11.435536077986926, 48.13646462791873], [11.435582649769456, 48.13643239809739], [11.435609550307158, 48.13640537581888], [11.435611660503987, 48.136408892425514], [11.435683983891296, 48.13634414175562], [11.435866035445938, 48.136197100270934], [11.435912002690353, 48.136158752894346], [11.43592077275889, 48.136155378973044], [11.43603963889269, 48.13610955781002], [11.436224541146297, 48.13641207898719], [11.436376278733746, 48.1366605018703], [11.436546412013813, 48.13693841261953], [11.436691078191275, 48.13717483077683], [11.436711022495507, 48.13720738482957], [11.436858545071061, 48.13744856412924], [11.437017872085066, 48.13770712229002], [11.437195923481472, 48.1379982006915], [11.437352197234055, 48.138253951949125], [11.437353781044482, 48.13825656821034], [11.437394029194378, 48.138323326754], [11.437413397926518, 48.1383533024143], [11.437434193274239, 48.13838549816233], [11.437542651973105, 48.13856673397944], [11.437868072657759, 48.139093887411434], [11.438240757431096, 48.13969818751487], [11.438184180307278, 48.13986582168569], [11.438283180449195, 48.14003283489795], [11.438376918675683, 48.14018814194324], [11.438482287595194, 48.14036288570925], [11.438589380563448, 48.14054040640472], [11.438724408366822, 48.140764782298135], [11.43888125440399, 48.14102045900311], [11.439236921511103, 48.141600389235016], [11.439252889917306, 48.1415549826158], [11.439586721062119, 48.142106690291406], [11.439713179700199, 48.14231517413851], [11.439838060232969, 48.142521457197184], [11.439916760954773, 48.14264925381608], [11.440009714828175, 48.1428011623861], [11.440106510768883, 48.1429584113691], [11.440135148412745, 48.14300658217294], [11.44019364414236, 48.143102120418824], [11.440299541518664, 48.143275326132475], [11.44040560644537, 48.143448392319975], [11.440506311259448, 48.143611638663465], [11.440624936355217, 48.14380319200959], [11.440730270322025, 48.14397565257205], [11.440833917077498, 48.14414583194154], [11.440961166579411, 48.14435467010054], [11.441078197660657, 48.14454550822328], [11.441207416071267, 48.1447571214909], [11.441337081148177, 48.14496894466555], [11.441388436348937, 48.14505455286295], [11.44140547283702, 48.14508224966572], [11.441496037113259, 48.14522965039328], [11.44152369746183, 48.145317630995756], [11.441524348082373, 48.14531961198978], [11.441615442934701, 48.1454794795579], [11.441627216704605, 48.14549815267386], [11.44164014000442, 48.145518638715075], [11.441647549820559, 48.14551660696414], [11.441661525110407, 48.14551622623082], [11.441718618386838, 48.14562979639018], [11.441772688384916, 48.145737308650375], [11.44187761862105, 48.14590250916599], [11.44218215631142, 48.14641510549505], [11.442360870227379, 48.1467160710091], [11.442372575012657, 48.1466764664682], [11.442646008593893, 48.14710104460816], [11.442752408524301, 48.14726621126366], [11.442759150073238, 48.1472642593374], [11.442823602238155, 48.14724559038044], [11.443086927527936, 48.147597569161455], [11.443278485867623, 48.14785345889124], [11.44358099355593, 48.148258819647936], [11.44392171591951, 48.14863582058823], [11.443842741290196, 48.1486448978827], [11.444034634768187, 48.14881787667798], [11.444076417528514, 48.148855494870816], [11.444089054386128, 48.148867337100924], [11.444203854639401, 48.14896193264], [11.444250519903, 48.14899740257173], [11.44428491835037, 48.149023555296544], [11.444305448397024, 48.149039481930565], [11.44460780622945, 48.14927318319834], [11.444702155192532, 48.149337234787026], [11.445044749074503, 48.14956979787174], [11.445190045469364, 48.14965568395118], [11.445427983254818, 48.14979643890127], [11.445518154200089, 48.149846977623895], [11.445652272820366, 48.149921655825935], [11.445801818597682, 48.15000558541209], [11.446105096303448, 48.150156201373356], [11.446574763105144, 48.15036924508], [11.44703881255908, 48.15055307356407], [11.447113503541054, 48.150578520085595], [11.447557378945065, 48.15073153392946], [11.4481895240068, 48.15092725870008], [11.448610144489018, 48.15102625335703], [11.448702916992664, 48.15104630882419], [11.448729056386366, 48.151052011419324], [11.449801968467828, 48.15127899651019], [11.45117338780134, 48.15155352651148], [11.45153788782373, 48.15156572252449], [11.45167495988195, 48.1516023570848], [11.452013514216418, 48.151642564058], [11.453276361285425, 48.15169312480439], [11.453416655563126, 48.15220191167968], [11.453559267638466, 48.152668963631335], [11.452931161013696, 48.15278765498881], [11.452735070655224, 48.15282593213111], [11.45272698977404, 48.15282724199799], [11.452687784777753, 48.15283505960521], [11.4524485466412, 48.15288285134474], [11.452435380335015, 48.152870288908325], [11.452187221606847, 48.152917045039615], [11.452175629361388, 48.15292040575054], [11.452006772876263, 48.15295295351988], [11.451978765735744, 48.15295839307504], [11.451809154982842, 48.152992922681186], [11.451626021280813, 48.15302506918161], [11.451513088486305, 48.1530568374911], [11.45117474881879, 48.15314807213326], [11.450640179157936, 48.15326481165812], [11.450493562664645, 48.15329275092688], [11.450375594351543, 48.15331574645641], [11.449978465436903, 48.15339950366096], [11.449555768575262, 48.153488172246114], [11.449341126968148, 48.15352989121301], [11.449280251515068, 48.15353988919239], [11.448962205665172, 48.15358223750226], [11.448895446467212, 48.15359103712757], [11.44855839652251, 48.15368165346014], [11.447597457291913, 48.15413115166564], [11.44735710343613, 48.15427387471886], [11.447335458042732, 48.154286544131395], [11.447120119022287, 48.15441232079243], [11.446465608571701, 48.15479438749785], [11.446271919709263, 48.15491963127709], [11.445875397080453, 48.155182151900384], [11.4450167612771, 48.15576839272342], [11.444491149242864, 48.15613457296649], [11.444068904153573, 48.156428607826], [11.443632837156057, 48.1567406230598], [11.443464770011635, 48.15686156938356], [11.443253109031941, 48.15701380942951], [11.443038378804404, 48.15716518847232], [11.442933211358929, 48.15724219607592], [11.442830077392546, 48.15731768469485], [11.44284540322827, 48.157330352561665], [11.44281857264229, 48.15734964669991], [11.442633844717852, 48.157480580944444], [11.442576587569077, 48.15752093176713], [11.442448317628667, 48.15761135731865], [11.44237274606294, 48.15766392687737], [11.44226131840824, 48.15774142596188], [11.4420727106792, 48.15787071868326], [11.441964180356972, 48.15794425622119], [11.44188330683554, 48.157999040049134], [11.441692564598767, 48.15812652485196], [11.441500490300966, 48.15825316485251], [11.441306808616853, 48.158378967694766], [11.441112451949014, 48.15850380108441], [11.440916258994102, 48.15862784805534], [11.440719222398975, 48.1587508004773], [11.440520731211683, 48.15887304653492], [11.44032130817062, 48.15899452112929], [11.44012041505222, 48.15911484968118], [11.439918450809605, 48.159234447507195], [11.439715272694373, 48.159352970317144], [11.439510992303362, 48.159470644279665], [11.43930553866829, 48.15958744750161], [11.439099194609058, 48.15970333168187], [11.438892089422026, 48.15981849922123], [11.43873285819957, 48.15990634313429], [11.43847740503891, 48.16004456835605], [11.438203442013338, 48.16018383280465], [11.437823508264575, 48.160376761710694], [11.43761887502707, 48.16048084042869], [11.437414454441742, 48.16058459934101], [11.437231092722614, 48.16067777955624], [11.437210404379135, 48.16068901406273], [11.437012844833223, 48.16079753500121], [11.43682532287249, 48.160900299116435], [11.436617398237098, 48.16101430205675], [11.436267647344943, 48.16120619413912], [11.435605647348488, 48.16156936946439], [11.435179251665248, 48.16180325006729], [11.434924737051345, 48.1619428321334], [11.43460058163374, 48.162119685554345], [11.434082355261245, 48.162402406563594], [11.432924956806353, 48.16303415785174], [11.433028595403197, 48.16310669971489], [11.43318115777897, 48.16324037209809], [11.433235882732376, 48.163288385169245], [11.433725403397668, 48.163638187559904], [11.433763839974691, 48.16366490659696], [11.433822690324998, 48.163705661630964], [11.433934188729264, 48.16376240425538], [11.433791317723154, 48.16406156640202], [11.433773297456673, 48.16409929090901], [11.433787915581789, 48.164126078143475], [11.433805627258966, 48.16425865015388], [11.433839537826291, 48.164313596725435], [11.433879429651657, 48.1643745116875], [11.43401426538481, 48.16446172038934], [11.43414998205445, 48.16456871986077], [11.434289957841358, 48.164722399572796], [11.43434642908419, 48.16480408543085], [11.43452746448358, 48.16504578780746], [11.43461509651566, 48.16516909661138], [11.434708674269206, 48.16529048247415], [11.434852182677977, 48.1654665334829], [11.434942672740107, 48.165576175863244], [11.435124363067754, 48.16576871464447], [11.435446973708528, 48.16599990313698], [11.435736767851497, 48.1661853083], [11.435869892465377, 48.16629755064267], [11.435903986241184, 48.166326281181846], [11.436057552132569, 48.166456551592475], [11.43624917276666, 48.16661816398314], [11.436393503991036, 48.166751157268884], [11.436650987147235, 48.16695506285471], [11.43677276603442, 48.16703931865224], [11.436985631356428, 48.167185591405165], [11.437198465318273, 48.16733194271157], [11.437424624722759, 48.16748913310099], [11.437698522716305, 48.16765028767059], [11.438222221802185, 48.167943615950264], [11.438380129086934, 48.168032498353476], [11.438408865565174, 48.16804847228643], [11.438441049253624, 48.16806878017272], [11.439613547555522, 48.16881679404599], [11.440067404360816, 48.169191005506704], [11.440301176199544, 48.16939700457652], [11.440380252027158, 48.16946667300955], [11.440292442265, 48.16963215543461], [11.440262587224414, 48.169688367303166], [11.440222377591777, 48.16976407782339], [11.44018872787549, 48.169818590506274], [11.440146511246024, 48.169870359054464], [11.440096270899897, 48.16991875557077], [11.440152241580778, 48.169925420033785], [11.44014403922658, 48.1699505586903], [11.440131986075665, 48.169959041404525], [11.439947324867452, 48.170079729940014], [11.439886249347369, 48.170119628606045], [11.439836143992114, 48.17015220308177], [11.438882095673018, 48.17077572192193], [11.43821324454208, 48.171212712876454], [11.438198888783692, 48.171222802673654], [11.43818573258506, 48.171233708305856], [11.438173913746512, 48.17124515871414], [11.43816343258607, 48.171257245669835], [11.438154290173301, 48.171269878272746], [11.438146755188766, 48.17128287896278], [11.438140279157322, 48.171297502877955], [11.438135679700197, 48.17131249726681], [11.438132960386055, 48.17132768209763], [11.43813225549269, 48.17134296724204], [11.438133432694215, 48.17135817195307], [11.43813649333609, 48.171373296202106], [11.438141571696203, 48.17138824986051], [11.438148400982563, 48.171402853235186], [11.43815711788556, 48.17141692526823], [11.438167722449078, 48.17143046685804], [11.438179811020637, 48.17144347577353], [11.438193655805762, 48.17145559352296], [11.438208853615734, 48.17146699782158], [11.439165649378397, 48.172121727455725], [11.439410562199084, 48.17228961996782], [11.439431118384872, 48.172303660057516], [11.439451406626944, 48.172317609556536], [11.439334588545828, 48.172548570524455], [11.439314106767142, 48.17257705878649], [11.439104517414007, 48.17287058142202], [11.43884112854536, 48.17307460633275], [11.438590411110944, 48.17322544644124], [11.438255483103012, 48.173430130096925], [11.43805575447962, 48.173557045002084], [11.438055347706527, 48.17355740274952], [11.437988983127502, 48.17361551799475], [11.437877733585974, 48.17378349964302], [11.43779553967198, 48.17392427071314], [11.437699018415962, 48.17417599445866], [11.437607763535134, 48.17449643058941], [11.43754842025764, 48.174704812011974], [11.437535823704389, 48.174747422951654], [11.438969718021678, 48.17478156976593], [11.439838743464822, 48.17482186577797], [11.440574480645301, 48.17497344640759], [11.441888558193, 48.17539601268773], [11.441856548469298, 48.17541822840815], [11.441678129764533, 48.17554159510094], [11.441659426759273, 48.17555454094249], [11.440841005750087, 48.17606026009726], [11.439898895243799, 48.176669561929764], [11.439888329099462, 48.17667661386417], [11.438589450360727, 48.17751839740813], [11.438487417525746, 48.17758687244038], [11.438452356657182, 48.177610395450195], [11.438416501633135, 48.177634449079314], [11.438302761506176, 48.177710781868825], [11.438265773522449, 48.17773704596153], [11.43760360495442, 48.17821081767513], [11.437123592973787, 48.17873735993883], [11.43693643062347, 48.17894256322167], [11.436574173104741, 48.179433543738384], [11.436482935778981, 48.18019252198881], [11.436499712191493, 48.18077010104884], [11.436510078385703, 48.181625377333056], [11.436548261306212, 48.182354706295556], [11.436852146277655, 48.18293477698736], [11.43747609443712, 48.18354487672314], [11.437491834608014, 48.18355646485675], [11.43753905713182, 48.18359104384745], [11.436585763715446, 48.18412345045197], [11.43650055875212, 48.18416798798056], [11.436016010164057, 48.18441793718149], [11.435593300007506, 48.18459564289041], [11.43531770382105, 48.18469412901547], [11.4352860548878, 48.18470613799267], [11.43513718954269, 48.18475962520852], [11.43493770619933, 48.18483126193331], [11.43379079561079, 48.1852433889692], [11.433627295171716, 48.185302114123], [11.432364994707218, 48.1857531110951], [11.431648518290467, 48.18600899985675], [11.431489938743583, 48.18606686557305], [11.43153382280764, 48.18608910972049], [11.431404263563609, 48.18646438339232], [11.43123933194108, 48.18679849013735], [11.431091116757782, 48.18709906806711], [11.430906619792658, 48.187551142543604], [11.430844772496691, 48.18766232486065], [11.430839140168185, 48.187781966995196], [11.43075280338806, 48.18801118205405], [11.43042186622677, 48.188700315951344], [11.430401212208245, 48.188743116225986], [11.430388358547654, 48.18876981551734], [11.432378588928058, 48.1891355498343], [11.433312900481045, 48.18928742087524], [11.43421865312588, 48.189422009016674], [11.434986110259358, 48.18948269982501], [11.435551752868836, 48.18954944365265], [11.43653489046281, 48.189694190761585], [11.43751817973582, 48.18988860842899], [11.437551797724806, 48.19007281769531], [11.437567622181465, 48.19019463500567], [11.437585305019368, 48.19037648390183], [11.437611478657402, 48.19070098709191], [11.4376304997612, 48.190940916172195], [11.437639597895204, 48.19114565129167], [11.437649324667875, 48.19138762029601], [11.437650921241747, 48.19161853705287], [11.437646336376176, 48.19184870136995], [11.437636793963476, 48.19216024784094], [11.43761176117251, 48.19255913420936], [11.437591470928993, 48.19271754146681], [11.437570947201463, 48.19289734589818], [11.437543018222584, 48.19309434293002], [11.437502939196879, 48.19336641697318], [11.437444321752414, 48.19373208959951], [11.437385611516026, 48.194016476389436], [11.4373315128299, 48.19424851789404], [11.437236809429276, 48.19467644130241], [11.437146869913875, 48.195050761851526], [11.436992208073532, 48.19563449007403], [11.436885290382014, 48.196040002255884], [11.43680298164227, 48.196356160021026], [11.436754078704814, 48.196559415941294], [11.436697506610779, 48.196814261275016], [11.436623719933005, 48.197178664162315], [11.436580904705131, 48.197493153647514], [11.43656151925918, 48.19773696178398], [11.436550797678064, 48.197920053643166], [11.43654871180731, 48.19810117540383], [11.436566422288571, 48.198363963144196], [11.436607151462521, 48.19869607554657], [11.436629443181362, 48.19884958621138], [11.43668510615693, 48.19910693697896], [11.43674406123998, 48.19931983097551], [11.436796616215226, 48.1994757257139], [11.436882083854869, 48.19969571173865], [11.436977902459624, 48.19990710842128], [11.437040200082413, 48.20004473066796], [11.437190675900199, 48.200306794105636], [11.437314722575733, 48.20051547364479], [11.43743747365835, 48.20070602392801], [11.437602035307208, 48.20092494690584], [11.437919684827412, 48.20130144855629], [11.438151565248281, 48.20154774960057], [11.438416539872057, 48.201795275159185], [11.43872943944515, 48.20206208636745], [11.439202199035924, 48.202410270209214], [11.439494745902138, 48.20260373418789], [11.439793573872786, 48.20278314539612], [11.440208995899578, 48.203012400791394], [11.440618880478223, 48.20321147591985], [11.441030422859562, 48.203391391408054], [11.441621935846955, 48.203617425055214], [11.441925676493133, 48.20371976570561], [11.442227354052227, 48.20381034433139], [11.442445286869203, 48.20386855945962], [11.44039072226574, 48.20389970285644], [11.439388352556174, 48.203926055988816], [11.438275332207887, 48.20396761266554], [11.437111194911326, 48.20400995486849], [11.434720035437701, 48.20414118255533], [11.433436033517614, 48.20421662514571], [11.43258166761058, 48.204269016961966], [11.43190508439908, 48.20430871927856], [11.431942939970792, 48.20449422752542]]]}, "geometry_name": "shape", "properties": {"sb_nummer": "22", "sb_name": "Aubing-Lochhausen-Langwied", "flaeche_qm": 34057321.80287}}, {"type": "Feature", "id": "vablock_stadtbezirk.23", "geometry": {"type": "Polygon", "coordinates": [[[11.478033476360858, 48.130547577255264], [11.477907109373543, 48.13081603097993], [11.477896161726704, 48.13083839746708], [11.477737433426977, 48.13080146781797], [11.477627676246854, 48.1307759869031], [11.477244634954072, 48.13069418602731], [11.47697689649612, 48.130641038260194], [11.476775545670764, 48.13060112223633], [11.476557906108564, 48.13055860845573], [11.476444164306068, 48.1305369725442], [11.47557783886535, 48.13037535571728], [11.475024704059184, 48.13027417598294], [11.47486390467797, 48.13024468956361], [11.47390803397549, 48.130063764383166], [11.473722898944406, 48.1299594098876], [11.47309784490863, 48.12960763088239], [11.473025207875404, 48.12956371587391], [11.472916197181226, 48.129499922075546], [11.473026140052145, 48.129413799950015], [11.472996211963787, 48.12940997055951], [11.472856773660363, 48.1293920399125], [11.47270543732099, 48.12937264393721], [11.472581359857683, 48.12935671452582], [11.472554004652286, 48.12935227536485], [11.472490443728336, 48.12934200030999], [11.472122764341782, 48.12928212149826], [11.471936111408292, 48.12925171086994], [11.47174744562691, 48.12922111110832], [11.471669404812225, 48.129208442430425], [11.471604093151985, 48.129198787622414], [11.47146032452475, 48.129177703823395], [11.471353550916243, 48.12916201801793], [11.471278419193805, 48.129150980785596], [11.47120731149567, 48.12914050117778], [11.47117161671776, 48.12913575522438], [11.471033166832395, 48.12911733051166], [11.470978572020737, 48.12910998130062], [11.470786896839488, 48.12908448172191], [11.470596433618569, 48.12905916630592], [11.470407042312907, 48.129033889605566], [11.47031395581658, 48.12902148061864], [11.470218958844633, 48.12900819035945], [11.470089204263086, 48.1289900723927], [11.469665207166477, 48.128944999824036], [11.46966931765531, 48.128858046727515], [11.468569157436765, 48.128913540652704], [11.468594039026549, 48.12882551584233], [11.46830204175455, 48.12876681278371], [11.467893349280661, 48.12867871611622], [11.46693143921572, 48.128477936041236], [11.466458730515006, 48.12839431793289], [11.466441437061741, 48.12839126558253], [11.466195666389051, 48.128357761889234], [11.465932336094376, 48.12832175802966], [11.465809041033426, 48.128305818011725], [11.465669097852727, 48.12828584426938], [11.465576916487146, 48.128273282449065], [11.465015130430315, 48.12823195388417], [11.465010745636707, 48.128231745655825], [11.46500062593489, 48.128231258296346], [11.464968940850897, 48.12822868553608], [11.464997215268571, 48.12802905721217], [11.46501790675252, 48.12788284920056], [11.465073562207161, 48.12734035540537], [11.465102756114481, 48.12715256380923], [11.465106927284067, 48.12712568937805], [11.465127537366786, 48.12699033992323], [11.465025035371616, 48.12661784520927], [11.464953867903557, 48.12583036835824], [11.46484013280554, 48.12531315759902], [11.464744499277153, 48.12479317202464], [11.464721853126052, 48.124400429470896], [11.464740886548945, 48.1241457847354], [11.464746945871308, 48.12406677559804], [11.464756133946896, 48.12400997539946], [11.464763239802702, 48.12396417031537], [11.464792658459688, 48.12377908674582], [11.464807254356161, 48.12368031680013], [11.464818251072316, 48.123617505880006], [11.464829832448283, 48.12353743165339], [11.46483085412013, 48.12350380620179], [11.464829195916035, 48.123469448243874], [11.46482624467993, 48.12343022947882], [11.464821637013559, 48.12339531845866], [11.46478677725872, 48.12320946553689], [11.464781756415473, 48.12312723626658], [11.4647658032165, 48.123087319336804], [11.464769256078393, 48.123066019213724], [11.464801629191733, 48.12281731290153], [11.464851288484672, 48.122450025792446], [11.464877176150951, 48.12234843920053], [11.46488069559725, 48.12227957207822], [11.464946026434308, 48.12196206415237], [11.46499321643282, 48.12189385064423], [11.465093189369025, 48.121502176330424], [11.465266405083716, 48.12117580313661], [11.465359772433937, 48.12092786593257], [11.465425784774629, 48.120754131201885], [11.465566548519117, 48.120309834806356], [11.46562818152631, 48.119951881924116], [11.465648141938894, 48.11961059149328], [11.465643379896065, 48.11897726600115], [11.465664591758923, 48.11852801885656], [11.465656771590533, 48.118271142850894], [11.465655795872351, 48.11823597301278], [11.465654663171158, 48.118200555502995], [11.46565448319173, 48.118194607256314], [11.465654318670122, 48.11818471579812], [11.465653901124941, 48.11817338470916], [11.465647656428063, 48.11796178829202], [11.46548701638477, 48.11725851009653], [11.465403545403124, 48.11690199373402], [11.465380983776004, 48.116824009124336], [11.465099067495162, 48.115843666936634], [11.465069977099965, 48.11547119957037], [11.46506505059553, 48.115003584424514], [11.465062321846556, 48.11473101552157], [11.4650621141318, 48.11471303137122], [11.465062068895623, 48.11470475876994], [11.464254730063022, 48.114607016251576], [11.463393281176069, 48.114501643961496], [11.463378662382409, 48.1143210924613], [11.46337573393842, 48.11429087912653], [11.463363151581202, 48.114145571018454], [11.463337615630143, 48.11406972380266], [11.463297479232423, 48.113946501729984], [11.463264201811368, 48.11379623960696], [11.463247063779031, 48.113637055437664], [11.463247150293231, 48.11359028697907], [11.463261574230962, 48.11346947321139], [11.4633202544716, 48.113251636056226], [11.463329225338446, 48.113228472906954], [11.463415637968748, 48.11300392772921], [11.463451841399012, 48.11290642645761], [11.463472684748835, 48.112826576491344], [11.463486163114656, 48.11275775665777], [11.463512689064823, 48.11257110743661], [11.46351404961341, 48.11251805629941], [11.463517763640468, 48.11238110770276], [11.463502356676814, 48.112210418577966], [11.463470991030027, 48.11208921470116], [11.4633436713785, 48.111807294913206], [11.463296878864632, 48.11163115671276], [11.463234324788107, 48.111411323469184], [11.463225359598995, 48.11137053927634], [11.463186612375365, 48.111099889028225], [11.463203810111343, 48.110916241838], [11.463204926959884, 48.11090441983013], [11.463209363665154, 48.11087309564324], [11.463250570774097, 48.11083613928194], [11.463269952656367, 48.110818960500445], [11.46329299778343, 48.11079819936451], [11.463264234003104, 48.11058271442434], [11.463290884688279, 48.109872084647094], [11.46331358416298, 48.109458251880625], [11.463413105805538, 48.10934090002779], [11.463429536554688, 48.109310485600346], [11.463505114113001, 48.109170705255174], [11.463529965537157, 48.10907970902913], [11.4635758218777, 48.10880290440688], [11.463576834265067, 48.10879589581436], [11.463589056589615, 48.10870496170886], [11.463599089090316, 48.10863128037617], [11.463575882325337, 48.10840905198734], [11.463492770631069, 48.1081352511847], [11.463425289012516, 48.10798563986151], [11.463395858014911, 48.107909774471], [11.46333491443183, 48.10775254829759], [11.463283627891677, 48.107547013938486], [11.463243934830917, 48.107324257246894], [11.463222905520308, 48.10703709271313], [11.463212778318729, 48.106952681848334], [11.463182766147973, 48.10684443727637], [11.46315525801005, 48.106652841720226], [11.463142162579604, 48.106531632754944], [11.463118370075914, 48.106276542906784], [11.463097338334087, 48.106066042382935], [11.463062405601582, 48.10571898620167], [11.462970496081992, 48.105254694327876], [11.463893995315026, 48.1052454031093], [11.464303505907576, 48.105241285323565], [11.465259201109365, 48.10523176289018], [11.465363416858114, 48.105230620923], [11.466385803048775, 48.10523374195588], [11.467236475760936, 48.105228075241946], [11.468559563868055, 48.10520739403974], [11.469636013368339, 48.105203892940224], [11.469688842571054, 48.10583335807102], [11.47086736801954, 48.10539423058104], [11.47131976382913, 48.10527823427356], [11.472042031641076, 48.10509280889266], [11.473009899228824, 48.10490097961572], [11.473353585907521, 48.104846578970175], [11.47364026699517, 48.10480114239779], [11.473911688167837, 48.10475817801474], [11.474415440195733, 48.10467855214793], [11.47473652781511, 48.1046277061228], [11.474852492117789, 48.104604561595686], [11.474488910525851, 48.103906611102886], [11.47454116080789, 48.103891650132944], [11.474560824119648, 48.10388580432051], [11.47463435338393, 48.10386401070016], [11.474583550108795, 48.103803983327296], [11.474071999385416, 48.103199856549736], [11.47284996461573, 48.10175089487547], [11.47178849695283, 48.100499982109376], [11.470913497732687, 48.0994579721337], [11.47085064946477, 48.099379160834836], [11.47118550916691, 48.09899112338133], [11.473967940841, 48.095774189518906], [11.47424264127925, 48.09585438196758], [11.474325090039258, 48.09587841264823], [11.474769667092895, 48.096025870011275], [11.475215003105605, 48.09615090084549], [11.475660344977577, 48.09627603600717], [11.476209289084254, 48.096451944363864], [11.47632839875932, 48.09652783727592], [11.476789269056813, 48.096627683774315], [11.477155695898677, 48.09672252555059], [11.478408397265513, 48.09705785123578], [11.478673155283573, 48.09711033068092], [11.478933217762819, 48.09721019502212], [11.479301535124485, 48.09730546515534], [11.47957394378336, 48.09741325144394], [11.479868435927463, 48.0974960462699], [11.47989869310824, 48.097504551028955], [11.480108004223473, 48.09756027955758], [11.480137820966778, 48.09750475725122], [11.480251113802478, 48.097280877699696], [11.480536112139536, 48.096697360833595], [11.480558153074698, 48.09665430473543], [11.48063975196446, 48.096485060943984], [11.480676684561278, 48.09649736420722], [11.480942887870253, 48.09659422012135], [11.481830345244953, 48.0957350448059], [11.481909013040225, 48.095695022539104], [11.481954422993674, 48.095672840241996], [11.481965567120561, 48.09566739589568], [11.48198313328328, 48.09565880564788], [11.482022995159726, 48.09563931483587], [11.482007164616178, 48.09562467628941], [11.482013908676166, 48.09562146764058], [11.482029738873866, 48.09563601531448], [11.482107098437401, 48.09557770407607], [11.482147476530274, 48.09539205869109], [11.486451156635054, 48.09591554914366], [11.48703206420358, 48.09606297408026], [11.48703595484124, 48.09606335142157], [11.487027606828793, 48.09613265800019], [11.487142780688366, 48.09614891643094], [11.48715927304547, 48.096151238853714], [11.487288639080594, 48.09616944287026], [11.487370453877832, 48.096201183771136], [11.48750800305464, 48.09626912190023], [11.489994325012542, 48.097510802540526], [11.494337376160647, 48.09934831924914], [11.494573404358578, 48.09926399825533], [11.4953627160872, 48.0996641739311], [11.499200483983222, 48.1016100155213], [11.49908886524874, 48.10170810785103], [11.499128079388305, 48.101897873308566], [11.499201540037864, 48.10193514588002], [11.499639854517334, 48.10215747854674], [11.499919932973532, 48.10213205658044], [11.499973167816087, 48.102084719440654], [11.499969691537169, 48.102083175480935], [11.499997183598888, 48.10205892864096], [11.500033260483704, 48.10207733683515], [11.500009700422623, 48.10209809506922], [11.500269251473643, 48.10223140464131], [11.500291804814296, 48.10224571166832], [11.50031123898629, 48.102263425734485], [11.500312606523355, 48.10226082344994], [11.500320242456256, 48.10226265655422], [11.500315063221768, 48.102270727992035], [11.500345708303055, 48.10229559609393], [11.500564365090296, 48.10230195699228], [11.500583005082362, 48.102303442514156], [11.500823911165321, 48.10232262914364], [11.500838379589693, 48.10232557224808], [11.500939828277934, 48.10234543509955], [11.501474562234913, 48.1026164761124], [11.501567974783033, 48.102663823108436], [11.501496861337055, 48.102921692016444], [11.501484259135982, 48.103150332548985], [11.501514096584351, 48.103552092344785], [11.501536187012778, 48.103668879601095], [11.501557482449313, 48.103751499178074], [11.501588968862276, 48.10386203424611], [11.501621644498355, 48.103957825463894], [11.502040200211813, 48.10506852164845], [11.502088908774367, 48.105271949548694], [11.502123857801116, 48.10547484308255], [11.502166142904377, 48.105856331691264], [11.502267532097031, 48.10905394946794], [11.502343377213908, 48.11180845756048], [11.502324105507283, 48.112102308177406], [11.502350178588644, 48.11307170654972], [11.502408817565266, 48.11593890820015], [11.502430262171698, 48.11629958005156], [11.502441098155295, 48.11647300218349], [11.502461039420632, 48.11763923903646], [11.502580238623143, 48.121763601180106], [11.502656512341064, 48.1243489448448], [11.502690533027184, 48.12581747266509], [11.50224951381499, 48.12582286580353], [11.501252270161643, 48.125802206714454], [11.500267775134372, 48.12573516962653], [11.499069288918701, 48.12558863267527], [11.497977069779052, 48.12539508401625], [11.497652084199007, 48.12599159213501], [11.497245891476986, 48.1265030413168], [11.496555972848647, 48.12711844202844], [11.495607362962291, 48.12780877124507], [11.494819555808444, 48.12827850372296], [11.494153443281187, 48.12865003133598], [11.494078402522202, 48.12869158810793], [11.493330011149263, 48.12907424446862], [11.49256049910347, 48.12939941850602], [11.492160590117635, 48.1295252407351], [11.491707281512562, 48.12967082494931], [11.491037090103497, 48.12981646107009], [11.490304843087822, 48.129889755777924], [11.489644211411173, 48.12993019074479], [11.489594461399669, 48.129935576373185], [11.488253595723979, 48.13007520584459], [11.484058353008749, 48.13016844144323], [11.483625619850782, 48.13016777638539], [11.482978201633323, 48.13011651087987], [11.48199099618548, 48.129975190399506], [11.47874413847665, 48.1293311323834], [11.478657875742867, 48.12931305459007], [11.478033476360858, 48.130547577255264]]]}, "geometry_name": "shape", "properties": {"sb_nummer": "20", "sb_name": "Hadern", "flaeche_qm": 9223789.35113}}, {"type": "Feature", "id": "vablock_stadtbezirk.24", "geometry": {"type": "Polygon", "coordinates": [[[11.695201503450555, 48.18020633524315], [11.694801139856683, 48.18046510049843], [11.693606365753077, 48.18122480655456], [11.693294181715773, 48.181474734018266], [11.69221171131406, 48.18234110694907], [11.692152648303892, 48.182388337740605], [11.691978316359105, 48.182527923128816], [11.691908012113922, 48.1825447376631], [11.691486082788305, 48.182601232992994], [11.690805683651607, 48.18269003853888], [11.690664493329924, 48.18270217724629], [11.69050893382643, 48.182715535932175], [11.690363431261936, 48.18272801191508], [11.690218419788923, 48.182740386232226], [11.690203748458403, 48.182741693504646], [11.690126224816407, 48.18274830672677], [11.69007186987378, 48.18275013028761], [11.689796266600117, 48.182759647783136], [11.689656933815614, 48.18276440749071], [11.689518407959815, 48.18276916073356], [11.689380688300863, 48.182773919229156], [11.688966993259628, 48.182788083899005], [11.688967031380809, 48.182787167011085], [11.689009179543108, 48.18182069769656], [11.689008482270147, 48.18182033160416], [11.688619445570192, 48.1816167656991], [11.688265207187282, 48.18143154355854], [11.687626162969709, 48.18088229299126], [11.686831894410286, 48.18037205425297], [11.686103480234289, 48.18049275251394], [11.68604706108035, 48.18050216996238], [11.685976496465459, 48.180513807715], [11.68591994288431, 48.180523228243814], [11.68543117846872, 48.18060419635092], [11.684898662891015, 48.180692393578674], [11.68439636770694, 48.180775590084004], [11.684155987872453, 48.18081541479597], [11.683877514818304, 48.18086215047036], [11.683355035564139, 48.18094986937016], [11.683106022800791, 48.180991645441466], [11.682874788375823, 48.181030408936024], [11.682418537688935, 48.181106941709864], [11.681951992350458, 48.18118523997144], [11.681649496978315, 48.181236032182944], [11.681382474245137, 48.18128077675973], [11.681190643748344, 48.18130228662219], [11.68113749736562, 48.181308166433], [11.68074851348076, 48.18135116526579], [11.680082889617614, 48.18142474633953], [11.679389141782092, 48.18150140718627], [11.6787029769354, 48.18157735882043], [11.677905869568535, 48.18163950553663], [11.677120104457243, 48.181700682332284], [11.676759439718648, 48.18172879531648], [11.676705226601579, 48.181732966714456], [11.676353798094594, 48.18176002279314], [11.675642744309679, 48.1818147194465], [11.674961772080804, 48.181867010588874], [11.674568414704407, 48.1818972744403], [11.67429430909049, 48.181921798652645], [11.673648772222686, 48.1819796213087], [11.672969378298536, 48.18204047493642], [11.67235794139176, 48.18209520686212], [11.672276002523773, 48.182103354906076], [11.67219096689438, 48.18211184936641], [11.669171240195398, 48.18241284155703], [11.668165542349598, 48.18248635082943], [11.665814430022396, 48.18266076964891], [11.664209068128491, 48.18276257514829], [11.662201325514802, 48.182885866293056], [11.662104060063145, 48.18281229717058], [11.662067850274294, 48.182697703141194], [11.66206576377242, 48.18268789421768], [11.662045522192944, 48.182595032749866], [11.662078745329884, 48.18251392448067], [11.662059685080424, 48.182487069936144], [11.661986772197963, 48.18238441461191], [11.661908943351593, 48.18227472336877], [11.661834336178266, 48.18216973804272], [11.661763460877674, 48.1820698022378], [11.661697248049931, 48.18197662200882], [11.661628769216872, 48.18188018569111], [11.661203531186866, 48.18189934691345], [11.661117810834295, 48.181801705375264], [11.661014646794959, 48.181684316896515], [11.660990155590616, 48.18149195335362], [11.660990381864025, 48.18148852888361], [11.661000747807476, 48.18138733154032], [11.661012325490834, 48.18127851363791], [11.661012426595697, 48.18127747832889], [11.660919594189957, 48.18128231910587], [11.660872900370867, 48.18128478278837], [11.661142679530057, 48.180580748058084], [11.66115149436295, 48.18047405466629], [11.661053662943688, 48.18006583351635], [11.661032775495203, 48.179852165644554], [11.661049925566816, 48.17971310961553], [11.661087953099107, 48.17964465392937], [11.661362040811055, 48.17940885595874], [11.66196900731824, 48.17901786717888], [11.662588061038386, 48.17861885670309], [11.662894503315835, 48.1784209063582], [11.663370050571848, 48.17811384819965], [11.663680521964885, 48.17791328286369], [11.664045532138271, 48.17767743950395], [11.664225953564632, 48.17756087041287], [11.664409760681135, 48.17744215296813], [11.664447378105159, 48.1774177957218], [11.664499678607893, 48.177391208309835], [11.664595486983847, 48.17737602887589], [11.664780030889256, 48.17738569488415], [11.664932092314007, 48.17737604867318], [11.664956753864542, 48.17736647856686], [11.66497353865823, 48.17736005152682], [11.665282880717479, 48.177192543162896], [11.665346210107804, 48.177145630374795], [11.66547717440144, 48.17704829275311], [11.665510329157426, 48.17702376516585], [11.66567019381933, 48.17681375615841], [11.665713762645526, 48.17670704764476], [11.665630027517972, 48.17647040483949], [11.665590603002332, 48.17635875496114], [11.665526944255133, 48.17617886885593], [11.661660806668186, 48.175867794628836], [11.661607467311185, 48.175863492272235], [11.658124863834047, 48.17558287698874], [11.658099337126817, 48.17558082676604], [11.658077707401509, 48.175579056180275], [11.658072466946976, 48.17557868165324], [11.655807038583177, 48.17539478158477], [11.65504884537452, 48.17533351844741], [11.654967271303367, 48.17532698354678], [11.654551040697044, 48.17529262349363], [11.654448093489467, 48.175284121184184], [11.654116408949125, 48.17525743817416], [11.653404336962486, 48.17519916023098], [11.652183498200298, 48.17509963104251], [11.652033495721442, 48.17508740986329], [11.652019651496543, 48.17508628980666], [11.651758085531828, 48.175065108451925], [11.651730397841167, 48.175062778273514], [11.651007980745717, 48.17500387218175], [11.65099293396532, 48.175002649283435], [11.650942150906719, 48.17499852502793], [11.650929791167048, 48.17499749475409], [11.65098636347394, 48.174546373483345], [11.649675129812396, 48.17453244451326], [11.64826210855862, 48.17452237147595], [11.648267911870182, 48.17422479004449], [11.648269784968443, 48.17413008823151], [11.648222201652747, 48.17412715772282], [11.648157547110994, 48.174123366424446], [11.648020315080048, 48.17411522042664], [11.648020324940147, 48.17411387140386], [11.647614994796937, 48.1740911554797], [11.647575473833786, 48.17408869842936], [11.64590438047252, 48.17398903436867], [11.645693724620537, 48.17397742274154], [11.645715179173608, 48.173946728728716], [11.645792571191526, 48.17381691054685], [11.645857909668203, 48.17368714859027], [11.645786207479324, 48.17369134022093], [11.645530063378082, 48.17370533594966], [11.64539705304328, 48.17371255889861], [11.645309723455263, 48.17371730627107], [11.645121841556374, 48.173727501203686], [11.643840706262559, 48.17379943960055], [11.643788264286494, 48.17380233638736], [11.643667915184693, 48.17380925063272], [11.64362058295382, 48.173811713018424], [11.643545280238637, 48.173815977110095], [11.641337972367824, 48.17393901612677], [11.641026087262112, 48.17342232026822], [11.641011335473673, 48.17339808058838], [11.640930944352105, 48.173419233957304], [11.640349438355408, 48.17358686251275], [11.640256759548429, 48.173613468069064], [11.639875699889998, 48.17372300841373], [11.638899217440827, 48.17394785663535], [11.638424633241653, 48.17405702834976], [11.638261920738493, 48.17409949898726], [11.638179870018192, 48.1741209134812], [11.637597158970511, 48.17427322494541], [11.636555359932304, 48.17466554897166], [11.636468799436415, 48.17469666206386], [11.635997135767871, 48.17487116099886], [11.635912147677141, 48.1749071351735], [11.63594390322785, 48.174904808458464], [11.635985214071631, 48.174901612817486], [11.636227735684644, 48.174961377100665], [11.636448140486992, 48.17514460287605], [11.636528549546425, 48.175258438728456], [11.636566349352234, 48.175311354647526], [11.636640629138954, 48.175415685289245], [11.636686368930036, 48.1754799255133], [11.63701064246828, 48.17593425988821], [11.63707495872718, 48.17610165170462], [11.637125921022971, 48.17623450095968], [11.63719047076248, 48.176402887920695], [11.63720695602159, 48.17644592820374], [11.63545674903467, 48.17687499490852], [11.635313812778323, 48.176910050366345], [11.634522882309927, 48.17710412121783], [11.633513065307925, 48.177351324062926], [11.632846803142458, 48.17751466391799], [11.632578813612646, 48.177580307411745], [11.631469716098824, 48.177852240622016], [11.631411641547349, 48.177700156780176], [11.63133576195373, 48.17750120641975], [11.631199531850742, 48.177534266634005], [11.631059719130432, 48.1775681978614], [11.630970842649832, 48.17758976078712], [11.630939717085656, 48.177597307595356], [11.630767724473724, 48.177639037959224], [11.630729647920816, 48.177648748639484], [11.63070469055965, 48.17765511036377], [11.630697488983877, 48.17762864854985], [11.630614670478748, 48.17740907136328], [11.63049701738375, 48.17741016301419], [11.630484393261419, 48.17741027843147], [11.630443711588429, 48.17717624110335], [11.63043183862548, 48.1771047993078], [11.630361999283963, 48.1771098078159], [11.630197734545522, 48.177121794016635], [11.629997063676683, 48.177135697742955], [11.629948243147412, 48.177138592552254], [11.629840112723752, 48.177145069442105], [11.629729288956506, 48.177151625882466], [11.62952853395188, 48.17716478388439], [11.629327172388292, 48.177176501349244], [11.62929274753361, 48.177178016319225], [11.62912572996465, 48.17718524648866], [11.628958552700615, 48.17719390534465], [11.628925063190842, 48.177195690331835], [11.628724124001103, 48.177207990035896], [11.62860993406594, 48.17721544303624], [11.628552474743337, 48.17721922686974], [11.628523813748087, 48.17722111990387], [11.628323150507551, 48.17723894992835], [11.628235435999336, 48.17724746951443], [11.628122832241612, 48.177258424632036], [11.62795367454155, 48.177278953334614], [11.627913703415633, 48.177283874522914], [11.627848030205923, 48.17729177891004], [11.627815999280456, 48.17729591196368], [11.627789622059694, 48.177299162550106], [11.627769574018943, 48.17730134875932], [11.62771050800946, 48.17730852245892], [11.627874344623693, 48.17770090211659], [11.62790111714037, 48.17777077599061], [11.627928493984246, 48.17788605857372], [11.627959422698758, 48.17809214996266], [11.627971560414217, 48.178183535282415], [11.627956720577686, 48.178285460695946], [11.628005927160803, 48.178448581732866], [11.628052985342679, 48.17859773129538], [11.6280532249815, 48.1787182110222], [11.6281105161681, 48.17875445596135], [11.628188419751792, 48.178803718112476], [11.62825852090205, 48.17886869458019], [11.628307909287546, 48.17893494302625], [11.628333511740161, 48.17899967064416], [11.628363238849118, 48.179225804427745], [11.628344292382245, 48.179395593671245], [11.628373078957882, 48.17946619876669], [11.628264930448028, 48.17953004996381], [11.627979612519994, 48.17969844781012], [11.627951935684822, 48.179714902050165], [11.627909398931166, 48.17973987985313], [11.627785118358707, 48.179813236141804], [11.627659307614822, 48.17988735342872], [11.627610441306265, 48.17991613626459], [11.62753452944648, 48.179961016855586], [11.627385985388544, 48.1800485406673], [11.627348980044914, 48.18007035404081], [11.627314947456025, 48.180089840928524], [11.627248008467708, 48.1801301071157], [11.627052384065012, 48.18024790375098], [11.626993803570086, 48.18028287770528], [11.626958112232963, 48.1803041885096], [11.626510257452251, 48.18055203327405], [11.62643173112893, 48.18059544414894], [11.62636872569146, 48.180639754435624], [11.625718880593801, 48.17992046397415], [11.624749986358454, 48.17884525811815], [11.623921691793283, 48.177926373435504], [11.62310414595183, 48.17701903455597], [11.622025929892107, 48.175818861424744], [11.620756461444802, 48.174409002978834], [11.62068620840466, 48.174326570307024], [11.6199765714407, 48.173540447530456], [11.619282655336805, 48.17270778805179], [11.619077713144375, 48.17239444101591], [11.618339822780293, 48.17156962047797], [11.618110583192648, 48.171345307755], [11.61745195209489, 48.17074146606264], [11.616972942544203, 48.17030149158072], [11.616825363989594, 48.1701542288093], [11.616671514584146, 48.169993371524775], [11.616242987814843, 48.16952400038692], [11.616170876012365, 48.16944480606242], [11.616170180165266, 48.169420166630054], [11.61616337326216, 48.16939594711096], [11.616150651167422, 48.1693728241884], [11.616132357049946, 48.16935143519766], [11.616023525527725, 48.16925068114929], [11.616028762554548, 48.169233431588346], [11.61595487239864, 48.169151445073176], [11.615893190875584, 48.16908304633178], [11.615803959540377, 48.168983946753194], [11.615778710510787, 48.16898016940252], [11.615772375841908, 48.16898203585883], [11.615708070735344, 48.16893539711502], [11.615622637913185, 48.16890784087598], [11.615562478853093, 48.16889800283656], [11.61548676111669, 48.168880291294705], [11.61545604095715, 48.16883475928952], [11.61544779374477, 48.168822856522], [11.6148166010289, 48.16797165666313], [11.614451318175169, 48.1674826903442], [11.613849940427425, 48.16681219445153], [11.60979820908131, 48.16229335726616], [11.609661863186107, 48.1621408119503], [11.609437817048358, 48.161890837684794], [11.606480706700323, 48.15859228936078], [11.60598464223563, 48.15803872498283], [11.605375760420365, 48.15735788951008], [11.60508141621318, 48.157029479700114], [11.60499210838367, 48.15693001535134], [11.604904390687985, 48.1568321749954], [11.60478328646532, 48.156697118497235], [11.604503746074865, 48.15638550451548], [11.603391398879118, 48.15514544792963], [11.602024469583213, 48.15362108071476], [11.60185094392849, 48.15342767812348], [11.601110066273623, 48.15260187265233], [11.600821570903241, 48.15228051156166], [11.59969618615976, 48.1510249077249], [11.599664855722246, 48.150990530173814], [11.599279267236339, 48.15056921150374], [11.598636973865123, 48.14986400561688], [11.598667027855617, 48.14985188027732], [11.598255714871637, 48.14941212927211], [11.598239393825425, 48.149419443984215], [11.59816854095821, 48.14934614945087], [11.598096729549376, 48.14927181569568], [11.598091605001132, 48.14927404612826], [11.597267965725075, 48.14832635780817], [11.596823975928137, 48.14779388144467], [11.596697070663499, 48.147615011437715], [11.596564843423893, 48.14742024252721], [11.596481718574118, 48.14728839300234], [11.59643745967476, 48.14720614883154], [11.59639486981203, 48.147118156809604], [11.596344444380323, 48.14700725941565], [11.596301471854499, 48.1469033136239], [11.596189316844624, 48.146514280770475], [11.596142878257655, 48.14635815669269], [11.59610187515757, 48.1461726852601], [11.595989167676233, 48.14566734080856], [11.595985115601406, 48.145618054268105], [11.59587197590099, 48.145101374809144], [11.595860024325207, 48.145047835292274], [11.59584444613634, 48.14497675162348], [11.595789351365974, 48.14472743763952], [11.595779361034253, 48.14468324046549], [11.595771583869663, 48.144647866167055], [11.595755605720752, 48.14457647119456], [11.595723371001014, 48.14443431559125], [11.595707522637788, 48.144363198414005], [11.59567529712024, 48.14422028675718], [11.595643859651869, 48.144080066568], [11.595580999413293, 48.14379606893022], [11.595491429969295, 48.143458747290325], [11.595475742118364, 48.143403377385425], [11.595466731525882, 48.143404334124114], [11.595444742059904, 48.1433308632348], [11.59545416212506, 48.143328829186636], [11.595322542148315, 48.14294825508131], [11.595268348503524, 48.14280766985314], [11.59489332847482, 48.141992453669104], [11.594907863658596, 48.14198953747817], [11.594864389916482, 48.141894404241675], [11.594877174176803, 48.14189193161919], [11.594863166491978, 48.141861482226176], [11.594791812808053, 48.14170540931862], [11.595588466729566, 48.14154246389688], [11.595574457342561, 48.14151201372645], [11.595585628915805, 48.14150971513623], [11.595542553035857, 48.141414942972176], [11.595560722100588, 48.14141123104223], [11.595574449989217, 48.14140849227273], [11.595572467988589, 48.14140416764819], [11.595626172207346, 48.14139275844696], [11.595628289471373, 48.141396992733625], [11.595659113175484, 48.141390267531484], [11.59566692754426, 48.14140504646121], [11.595695899186396, 48.14139462714671], [11.595703771507837, 48.1413844920903], [11.59574082147694, 48.141337136203], [11.595748150557762, 48.14132771886086], [11.595749260986674, 48.1413058664949], [11.595504477287234, 48.1407709243952], [11.595487089984388, 48.140708976671114], [11.595485030953284, 48.14064601042395], [11.595499764492295, 48.14058400451116], [11.595528452317238, 48.14052420629681], [11.595560485441613, 48.14048312833612], [11.595572028194887, 48.14046841765774], [11.595629700782755, 48.14041851454056], [11.595697526030241, 48.1403752231114], [11.59577522425241, 48.14033998125006], [11.595860370614307, 48.14031303629523], [11.595950931422161, 48.140296152806435], [11.59604424425476, 48.14028809253996], [11.596138292952116, 48.14028939504856], [11.596230781834796, 48.14030150780624], [11.596319982937837, 48.140321703000694], [11.596403479575663, 48.14035060214106], [11.596478743900828, 48.14038819579863], [11.596525151430123, 48.14041965997989], [11.596544676826719, 48.14043295038735], [11.596576322966033, 48.140460944804914], [11.596601695589381, 48.14048325035327], [11.596646440929613, 48.140538542694664], [11.596877615892204, 48.14095759752652], [11.596896503371804, 48.140981496506484], [11.59691727939045, 48.14100432341674], [11.596943304726715, 48.14102618132989], [11.596971513606237, 48.141044714606586], [11.597002158676885, 48.141061279825294], [11.597036177918136, 48.14107578919114], [11.59707290005748, 48.14108842074225], [11.597111798869088, 48.14109764502245], [11.597150318602388, 48.14110354051415], [11.597190068484286, 48.14110701291758], [11.597211161073545, 48.141107450167574], [11.597230509626787, 48.14110788006071], [11.597249609785386, 48.141106238835995], [11.597272476074982, 48.14110434148495], [11.597314067397665, 48.14109747312975], [11.597426359170136, 48.141074666805245], [11.597501494984913, 48.141059373535555], [11.598109034706024, 48.140935970832885], [11.59815436645918, 48.14089628744601], [11.598172229969887, 48.14088070109194], [11.598192399516172, 48.1408625143459], [11.598216460601142, 48.14084533102043], [11.598242520849016, 48.14083049232773], [11.598269648621287, 48.14081682711019], [11.59829689433142, 48.14080523145089], [11.598329244178402, 48.14079437242833], [11.598377741343631, 48.14077997362573], [11.598401968826616, 48.140775111916966], [11.598500641128757, 48.14077541619703], [11.598603263868242, 48.14077573359382], [11.598642970418675, 48.14078449998003], [11.598677689094425, 48.14079504472684], [11.598712660173458, 48.14080765868467], [11.59871921978363, 48.14081064786505], [11.59873555232308, 48.1408182550387], [11.598742246401615, 48.14082124477448], [11.598771947243868, 48.14083725951546], [11.598797737466068, 48.140855060647034], [11.598822691430376, 48.140876187448455], [11.598861786117975, 48.14096157722875], [11.599954151770989, 48.14073978213587], [11.600098238241586, 48.14071026172905], [11.600223654891487, 48.14068456502856], [11.601264354985886, 48.14047046763679], [11.601567389134079, 48.14040682078936], [11.603064191549322, 48.140092625054535], [11.602991484507362, 48.13992198586525], [11.60292831841243, 48.13977948213339], [11.602837505413854, 48.13953506844683], [11.602808134285413, 48.13942631774079], [11.60279253439298, 48.13942788237555], [11.602765398603221, 48.13932544797099], [11.6027330010955, 48.139191995294524], [11.602713177969296, 48.13908250271771], [11.602685406874128, 48.13898653063687], [11.60264494341237, 48.1388629029365], [11.60257898224579, 48.13868863829237], [11.602716485292335, 48.138511931755055], [11.602778690354244, 48.138494248415704], [11.602764567539527, 48.13846029335418], [11.602736314341609, 48.13846577359856], [11.602737837247426, 48.138459842714454], [11.602739337178802, 48.13843889292745], [11.602737001117207, 48.13838882713054], [11.602733901127314, 48.13832240862406], [11.60273320076774, 48.13830837595238], [11.6027316420823, 48.13819668248762], [11.602733640420384, 48.13818149360827], [11.60269333143116, 48.13818370092866], [11.602693141435731, 48.13818135316264], [11.602692105549428, 48.13816850053013], [11.602689143630975, 48.13813495030347], [11.603175800284614, 48.13799653544438], [11.6033156978957, 48.13795744925023], [11.604044716863246, 48.1377539930373], [11.604051760884118, 48.13776382019284], [11.604611003244639, 48.13768956474688], [11.604626066141323, 48.137687547743475], [11.604756643609157, 48.13767093753453], [11.604883774730862, 48.13821297380925], [11.605019358354133, 48.138198409287604], [11.605303373458222, 48.13816708706477], [11.606305412542387, 48.138644737586645], [11.60647630382684, 48.138719367051976], [11.60647667635013, 48.13874158360813], [11.606465387197055, 48.138741725518], [11.606457654673154, 48.13872980950595], [11.606439846745364, 48.1387246402682], [11.606423201491209, 48.13872955297406], [11.606416533401509, 48.138740880680245], [11.606423694343547, 48.1387520754305], [11.60644055188283, 48.13875666157342], [11.60644128761779, 48.138766197132824], [11.606453992337375, 48.13877433543591], [11.606477099448487, 48.13877504289213], [11.606478560917889, 48.138882054191384], [11.606479470039805, 48.138954885701665], [11.606514825653877, 48.139107773358155], [11.606527871086431, 48.139167592813024], [11.607493010898795, 48.13900915469602], [11.609009357173694, 48.13875955930146], [11.610862080847458, 48.13848573631747], [11.613010576254707, 48.138253609938594], [11.614647837269818, 48.13819209198547], [11.617004748231944, 48.138103428396384], [11.61934755810017, 48.13808845163458], [11.619354409638193, 48.13795851016536], [11.619362770970417, 48.137809953410475], [11.619371154907032, 48.13765906835587], [11.619380224650214, 48.13750533598921], [11.61942543136894, 48.13733958508235], [11.61947451793568, 48.137159504545394], [11.619607168977119, 48.137172284141116], [11.619740502918065, 48.137183530946075], [11.619804957979364, 48.13718832428936], [11.61985403819578, 48.136972025905386], [11.619653744841646, 48.136950926705914], [11.61880586368594, 48.13686161852762], [11.618193097128586, 48.13679687664122], [11.618203512516992, 48.136752487874816], [11.618004804969704, 48.13673158720051], [11.618033170542207, 48.13665948039389], [11.61850440065961, 48.135462697553706], [11.61865168276724, 48.135088955290705], [11.618670024845251, 48.13504251506056], [11.619269495076054, 48.135075450902896], [11.61954725385843, 48.13512115621787], [11.620374518036293, 48.135241143550374], [11.620754738467538, 48.13531761821753], [11.621189173013054, 48.135386886020214], [11.621860482739017, 48.135464129697745], [11.622009546087513, 48.13549097633288], [11.62374790926013, 48.13580308945509], [11.623774474934443, 48.13580784809557], [11.62377100797992, 48.13584201530622], [11.623760817306882, 48.135952700311876], [11.623946746727992, 48.13587997444538], [11.624030962415414, 48.13584920468057], [11.624079462545824, 48.13583298448553], [11.62411476087112, 48.13582122116779], [11.62420094369674, 48.135795763741335], [11.62433211465124, 48.13576343232872], [11.624395186150135, 48.13575013633308], [11.624342881934242, 48.13574134006932], [11.624764077009685, 48.13566287441418], [11.62624193213574, 48.13571652814967], [11.627579090195457, 48.13576579819376], [11.628307019953663, 48.135818987134634], [11.629349369131493, 48.135869948988315], [11.629350007246156, 48.13586231127355], [11.629356261756106, 48.13578758635788], [11.62978677678963, 48.13575337948943], [11.630197132878454, 48.1357005235888], [11.632956614184216, 48.13524688182786], [11.632949125463165, 48.13526262004869], [11.63293806218298, 48.13528586806518], [11.632917336220064, 48.13532826398967], [11.63294823823699, 48.13532791011434], [11.633109974017316, 48.135326201709994], [11.63321280952983, 48.13532510022893], [11.633262762329338, 48.13532456774405], [11.63331327951342, 48.135324005201404], [11.633338245963209, 48.135364197347656], [11.633633301514067, 48.13537855580017], [11.633848312366391, 48.13538903626911], [11.63434163848232, 48.135500959867905], [11.634582611186216, 48.135587689161575], [11.634708192225034, 48.13563288571857], [11.634810333949178, 48.13566955075619], [11.634914028593073, 48.13571296637346], [11.635341253722348, 48.13592003895826], [11.635783261337643, 48.13610871802373], [11.635857256011025, 48.136245216688835], [11.636523242238194, 48.13630032668715], [11.637552307080929, 48.13638527595223], [11.63857748757713, 48.13646961778819], [11.638937245185026, 48.136493673329625], [11.63929815754194, 48.13650700257713], [11.639555156295328, 48.136509340598565], [11.639660080311454, 48.13650994086249], [11.640021408627808, 48.13650100260117], [11.640382159991944, 48.136481896117125], [11.640741266833166, 48.13645180914541], [11.6412391488451, 48.1364026348333], [11.64137159744561, 48.13638955614923], [11.641697353624956, 48.13635738168455], [11.642654039153095, 48.136263031440485], [11.642853691941013, 48.136243301972954], [11.643611521378594, 48.13616852979108], [11.644408883638368, 48.13608986675439], [11.645274261465243, 48.13600448211952], [11.645510914727314, 48.13598110105178], [11.645918544281516, 48.135972533580464], [11.646327374259199, 48.13599131166085], [11.647139090148617, 48.13592508147599], [11.647510153128131, 48.135903902684326], [11.648063380923766, 48.13585829983235], [11.64816790335216, 48.13584341238338], [11.64884339854799, 48.13575755755871], [11.649580566141642, 48.135662914758015], [11.649587423596127, 48.13566203582141], [11.64963314339526, 48.135656147360585], [11.649764299966565, 48.13567021419727], [11.649827614743904, 48.13570314838655], [11.650640870901094, 48.13565078587666], [11.6507483212286, 48.135634487795166], [11.651042698065568, 48.135589951225406], [11.651276462179887, 48.13556917946627], [11.651507044987133, 48.135548760511526], [11.651541874249533, 48.13554562775423], [11.65180150332639, 48.13552260126124], [11.652559543080828, 48.135455276544974], [11.652932695869177, 48.13542274660524], [11.653127352178712, 48.13540573575621], [11.65332503747103, 48.135012152210294], [11.653577353540031, 48.13434844431231], [11.653593539848076, 48.13430020176324], [11.653652526710928, 48.134123951540104], [11.654487501317922, 48.13456404349934], [11.655773579465874, 48.13529392290889], [11.658274096382987, 48.13655083567236], [11.658478960536913, 48.136653954153445], [11.659199208927706, 48.137016606684284], [11.65967740643418, 48.137260872777276], [11.660779157237192, 48.13782354969595], [11.661102762669156, 48.13798620415395], [11.661200734911763, 48.13806354147552], [11.661336524513436, 48.13813147321376], [11.661629264873945, 48.13825793868268], [11.661885928800288, 48.13833445018112], [11.662354723180991, 48.13875802877516], [11.662585241547673, 48.13891007761829], [11.662594619791276, 48.138916264103266], [11.66282746936899, 48.13903321831599], [11.663066024303752, 48.13915347611805], [11.663072760761215, 48.1391558132764], [11.663545952388189, 48.139343189529434], [11.663519991236376, 48.139347516760914], [11.663767207041019, 48.13947367202582], [11.664555076297619, 48.139876192022186], [11.665319795241912, 48.140266838291446], [11.665454667553968, 48.14034499922983], [11.665295674357148, 48.14037783348544], [11.66500727416362, 48.14043893039602], [11.664587343293043, 48.14051834774372], [11.664203253080661, 48.14056060177082], [11.663693159084222, 48.14056442280619], [11.663820815800882, 48.14081357595366], [11.663871765612928, 48.14091347535821], [11.66405148161221, 48.141265549522636], [11.66428216196713, 48.14171759246547], [11.664353401073281, 48.1418802195091], [11.664374044762432, 48.142053591399936], [11.664372349157489, 48.14206635843477], [11.664357951752493, 48.142172719699985], [11.664340860237031, 48.14230083948548], [11.664535552098553, 48.14232559178182], [11.664561869560119, 48.1423289997596], [11.664616786222908, 48.14233600210911], [11.664529406396916, 48.142837863004154], [11.664543163525682, 48.142994203887994], [11.664613862926515, 48.143127329767786], [11.664932139815178, 48.1436910426016], [11.665063649992488, 48.1439563760318], [11.665088292508354, 48.14400770751639], [11.665150684935018, 48.14420590152937], [11.665163679527755, 48.14433696568227], [11.665190996717524, 48.14460411734913], [11.665183809485315, 48.144798452368555], [11.665141839200023, 48.14497083850218], [11.665089035418207, 48.14509343531196], [11.664885341785007, 48.14549321589151], [11.664793686197289, 48.14567569597213], [11.664823141377878, 48.14585592041632], [11.664906243290927, 48.14611766931992], [11.664927901524043, 48.14611448989889], [11.664945187752618, 48.1461678708689], [11.664961307780892, 48.146303903181604], [11.665120764119933, 48.146774423985164], [11.665395290012727, 48.14767065363094], [11.665620258308506, 48.14834717822179], [11.665731072951946, 48.14870075051507], [11.665884757782164, 48.14919037013027], [11.666095392485193, 48.14986169800993], [11.666282710445284, 48.15042348864384], [11.666403684527035, 48.15077361930128], [11.666538563048901, 48.15109818310167], [11.66660858361981, 48.151338716506864], [11.666718363265833, 48.15171593516915], [11.66686387775488, 48.152115941097684], [11.66694160322954, 48.1524211629427], [11.66702683591229, 48.15283568470262], [11.667052950989856, 48.15309648580284], [11.66699514082006, 48.15365729016189], [11.666987854172058, 48.15397717750228], [11.666978730447441, 48.1543704709432], [11.666963511645813, 48.154986156668315], [11.666944288134657, 48.155197459617085], [11.666960024892354, 48.15533282286662], [11.666990975909975, 48.15555493715651], [11.66704428147129, 48.15565393993287], [11.667007724210997, 48.15569826083807], [11.667023316819915, 48.1561007881205], [11.667007970143555, 48.1566304989341], [11.666983712881104, 48.15733513265464], [11.666976745993981, 48.15770969147688], [11.666988784148872, 48.15883558226844], [11.66701707941252, 48.15918205112326], [11.668368650992404, 48.15890725068804], [11.66963856539499, 48.15871073330754], [11.669678793795661, 48.15870446160115], [11.669680867882132, 48.15871570949023], [11.670626798354583, 48.1585564158929], [11.670767727642929, 48.15852265118832], [11.670927435907181, 48.15845395488471], [11.671498194607258, 48.15813659300252], [11.672047732148837, 48.157843955337974], [11.67210655158811, 48.157812627242464], [11.674028712507702, 48.156787872247], [11.674043813503792, 48.15677991107239], [11.674034454075812, 48.15675002341885], [11.674023252872752, 48.15671365598338], [11.674220428560675, 48.15671269260951], [11.674259607723272, 48.15674581271167], [11.674344644080552, 48.156816570058396], [11.674384213485824, 48.15684969182981], [11.674420444571243, 48.156880010153074], [11.674560043304743, 48.15699594554622], [11.67458103358665, 48.1570137182506], [11.674610746082255, 48.157078000125765], [11.674771549484303, 48.157215420044245], [11.675076410740534, 48.15741865791865], [11.67586625031467, 48.15811435238178], [11.676746995811806, 48.15888142686774], [11.67770618643291, 48.1597578885431], [11.678304430993524, 48.16028099139261], [11.678501528490193, 48.160453299025846], [11.678530302390538, 48.160477845867305], [11.678552846127605, 48.16049933469396], [11.678579250614831, 48.160525383656484], [11.678603568927137, 48.16055246024574], [11.678625267187213, 48.16057917142392], [11.678644561034012, 48.16060547437212], [11.678658130945696, 48.160627181447204], [11.678675323783233, 48.16065838331367], [11.678690696085619, 48.16068306268557], [11.678708028689249, 48.16070816963502], [11.678727156079947, 48.16073326351945], [11.678747718471167, 48.16075781464758], [11.678770924199343, 48.16078309955011], [11.678792439833337, 48.16080462400394], [11.678818710813914, 48.16082882783393], [11.67884754878472, 48.16085315175095], [11.67982674271945, 48.16178343496449], [11.680596221654175, 48.16251489645572], [11.68083045124146, 48.162737861550234], [11.681312751160329, 48.16329728753746], [11.681322501086017, 48.163306033656546], [11.68141717692608, 48.16339093239403], [11.681896213387892, 48.16382188746979], [11.682285418866378, 48.164222914377945], [11.683334437237951, 48.165230216761586], [11.684211804535414, 48.166146022359136], [11.684446045671194, 48.1663903923986], [11.68492707883038, 48.16689247056126], [11.68497978626882, 48.166957278519135], [11.685178348259099, 48.16722200763337], [11.685306470038705, 48.167266972794444], [11.68541534475893, 48.16731530043912], [11.68547417469429, 48.16734676598853], [11.685538065183456, 48.16738598645024], [11.685603492860269, 48.16743778974194], [11.685645728374022, 48.16747864479053], [11.685702323664882, 48.16754544185711], [11.685743879866319, 48.167609410636665], [11.685777258598355, 48.167669400028615], [11.685803407608852, 48.16772460235382], [11.685822333194038, 48.167773671367904], [11.68583668889102, 48.16782236763933], [11.685837715227976, 48.16787444569964], [11.685832735585544, 48.16791895290097], [11.68582159344553, 48.167960024787035], [11.6857959122602, 48.16802596698776], [11.685787976290639, 48.16807037594752], [11.685770876605808, 48.168140125202264], [11.685751890174041, 48.16821068159941], [11.685736520149314, 48.16826145680062], [11.68573046131016, 48.1683065758976], [11.685734754265393, 48.168329964817744], [11.68575345499368, 48.16834988465805], [11.68578805164146, 48.168364902325656], [11.685815379505618, 48.16838133886512], [11.685838018108358, 48.16839488780765], [11.685881606209392, 48.168412904795886], [11.685914272257955, 48.168413807405784], [11.68595046891427, 48.168409144064775], [11.68598381514669, 48.16840887990511], [11.686005964424108, 48.16841478835227], [11.68602551936992, 48.16842716494083], [11.686040858775328, 48.16844726411281], [11.68604270123251, 48.16847577800106], [11.686047513036845, 48.1685023229749], [11.686052029171492, 48.16851124057005], [11.686435488295954, 48.16879828501477], [11.686470600446867, 48.16883669333579], [11.686491810587743, 48.16886220331533], [11.686512833766125, 48.16889571689098], [11.68653192860976, 48.16893624091949], [11.686573087416381, 48.169123787405795], [11.686647835962324, 48.169245224521354], [11.686657659774006, 48.16926782538999], [11.686658626251909, 48.16928716469341], [11.686651628017108, 48.16931241931546], [11.68658310683311, 48.16946198785195], [11.686627974585763, 48.16957893919187], [11.686721069635713, 48.169654556711414], [11.686739706296446, 48.16968455655548], [11.686742495066031, 48.16971289442962], [11.686734544996604, 48.16973877688429], [11.686730194258596, 48.169747129818184], [11.68669218849875, 48.16978570330575], [11.686616375966079, 48.1698713954919], [11.686544619078767, 48.169952331805135], [11.686407903919834, 48.17012330603828], [11.686334661739439, 48.17029386647958], [11.686312878597086, 48.170383901547204], [11.686302067701167, 48.17041597311363], [11.686280682941806, 48.17046357326822], [11.686226922075893, 48.17055192937677], [11.686182022701425, 48.170619534890676], [11.686133761839024, 48.17068740165223], [11.686095188139277, 48.170730830038444], [11.686053128213594, 48.17077038171086], [11.686016232504596, 48.17080077321582], [11.685950481035688, 48.1708443097774], [11.685958850394497, 48.17086106091603], [11.685961135016711, 48.170905138201036], [11.685968528694785, 48.170971353480695], [11.68598900867662, 48.1710306780211], [11.686007141347712, 48.17107774997734], [11.686019447392862, 48.1711102401444], [11.686020982927674, 48.17114477006626], [11.686014573892068, 48.171181257466586], [11.685999206867017, 48.171209268562265], [11.685969224211682, 48.171252436626325], [11.685918349713004, 48.17130364071456], [11.685879495395488, 48.171325932076876], [11.685874735641198, 48.17142916947682], [11.685866140610571, 48.17149822046199], [11.685854723596615, 48.171567533585964], [11.68583709074056, 48.17163844882277], [11.685817993117896, 48.1717057640117], [11.685787960192485, 48.171757219458875], [11.686913192820327, 48.171674497699456], [11.687098704223462, 48.17165987798597], [11.688793567746105, 48.17151531809155], [11.693260883666651, 48.17056251291012], [11.69392666124057, 48.17144016818114], [11.694067693724197, 48.17162607067239], [11.694894462750515, 48.172714419118584], [11.695503966499002, 48.1735477448518], [11.696072565642151, 48.17424979540416], [11.696081112358282, 48.17426033932539], [11.696101276579528, 48.174285213436654], [11.695739672226702, 48.17456436016787], [11.69516399719623, 48.174991573543124], [11.69461791913149, 48.175377131658934], [11.694344869350557, 48.17561508850136], [11.693954376746072, 48.17587792512406], [11.69393073955718, 48.175895936493454], [11.69391290922848, 48.175909826460476], [11.693717018257804, 48.17605953200309], [11.693556244093912, 48.17618200372504], [11.69328393196927, 48.176390571196926], [11.693239772276637, 48.17642310048014], [11.693516783444853, 48.17650387967501], [11.690701409837937, 48.17815888519055], [11.691300218595448, 48.17838323589757], [11.691314575982089, 48.17838867353473], [11.692020403419697, 48.17865530424909], [11.692774701881534, 48.17894093463435], [11.69309979805722, 48.179063860841616], [11.693192430298001, 48.17909888861477], [11.693343221396944, 48.17915483804395], [11.693997970125407, 48.17939718453607], [11.694155533197947, 48.17945593352695], [11.695558126955456, 48.17998014915532], [11.695517090756852, 48.18000620931803], [11.695201503450555, 48.18020633524315]]]}, "geometry_name": "shape", "properties": {"sb_nummer": "13", "sb_name": "Bogenhausen", "flaeche_qm": 23712962.05774}}, {"type": "Feature", "id": "vablock_stadtbezirk.25", "geometry": {"type": "Polygon", "coordinates": [[[11.548654669066575, 48.170060485570026], [11.548470091350781, 48.170305079831735], [11.54814850130482, 48.170597527939265], [11.548114571068943, 48.170575436709164], [11.548034006923206, 48.17051442649944], [11.54790175759054, 48.17043190680001], [11.547878785936541, 48.170422857835064], [11.547836092721917, 48.17040720631842], [11.547785766211259, 48.1703908566845], [11.547742052412552, 48.17037838692883], [11.547691871470317, 48.17036592291547], [11.54764151417365, 48.17035429689611], [11.547590860612624, 48.17034437352803], [11.547543187310353, 48.17033658223183], [11.547488346332015, 48.170329426754485], [11.547359272247245, 48.170316976405125], [11.547161404066514, 48.17029929569069], [11.54705326467713, 48.17028787895815], [11.54677788031714, 48.17024435300968], [11.546674936107383, 48.170223814753456], [11.546409723665855, 48.17014114743297], [11.546184932029217, 48.17007121540708], [11.54600540066768, 48.1700141276044], [11.545891254121392, 48.1699820298893], [11.545571747221505, 48.16989206719373], [11.54547906434602, 48.169881460006025], [11.545386097923341, 48.169872378770556], [11.545292574657626, 48.16986536221722], [11.545198771052473, 48.16985958361057], [11.545120688081568, 48.1698552193195], [11.54510523239467, 48.16985434702904], [11.54504387627612, 48.16985922274716], [11.54476858312568, 48.169880900399676], [11.544738174222175, 48.16988330071773], [11.544647095802583, 48.16990444777168], [11.544546538050968, 48.16996404216808], [11.544457299190219, 48.17002069809642], [11.544450780947198, 48.17002494281195], [11.54381728133034, 48.16985010340625], [11.542466284262034, 48.16947765950533], [11.542124868989527, 48.16937983018031], [11.54203452175441, 48.16935394049954], [11.541841296041238, 48.16929869777907], [11.541277336495233, 48.16913710811973], [11.540086524261019, 48.16879775452016], [11.539269547537428, 48.168560776445396], [11.539075983296517, 48.16851037653648], [11.538608779007316, 48.16838882902352], [11.538388625058872, 48.168307703798], [11.53807640230305, 48.168210810940536], [11.537856040937182, 48.16814267053641], [11.537808291435855, 48.168129884863], [11.536390598300992, 48.16774868002957], [11.536455190695627, 48.16768283076058], [11.536243889417415, 48.16761786503513], [11.536183413302133, 48.16759934457932], [11.536157007387999, 48.16759125719076], [11.535935917828594, 48.16752346301439], [11.535914429707477, 48.16752085919546], [11.535867457289966, 48.167511589034596], [11.535304582068056, 48.16735709593448], [11.53521781349845, 48.167333096965116], [11.535196741972936, 48.167373385751425], [11.535199693727131, 48.167374026943186], [11.535179163191822, 48.16741404914657], [11.535128260330113, 48.167511880011766], [11.53490548660997, 48.167940141298445], [11.534887049127306, 48.16797163674896], [11.534865526871252, 48.1680023040757], [11.53483688023993, 48.16803276418949], [11.533925363592774, 48.167746355556005], [11.532424197980557, 48.16739294246775], [11.531859947861632, 48.16753561351768], [11.531536926685877, 48.16807867977942], [11.53133346005784, 48.16844183798867], [11.531241408362586, 48.16868292572274], [11.531181514115143, 48.16882140108845], [11.531127228317903, 48.16896844750025], [11.531041662515968, 48.169248878451526], [11.531004689192383, 48.16937003255383], [11.53049829123447, 48.16931306830344], [11.530124639370039, 48.169282909910926], [11.527261783550848, 48.16912935050863], [11.526885951796984, 48.16884476408751], [11.52675914016466, 48.16883889026974], [11.522991984403783, 48.16864317536762], [11.521977879939481, 48.16855049174953], [11.521542224853981, 48.16849395497888], [11.5212064008519, 48.168454289407144], [11.520940607645876, 48.168422870361304], [11.520295298233327, 48.16834673598922], [11.52006467076784, 48.16831666150885], [11.519845166442186, 48.16828363061877], [11.51854234982662, 48.168063988052616], [11.516829442170527, 48.167764588088204], [11.516718056536925, 48.16775469228937], [11.516596386086935, 48.167748139454886], [11.516539914335853, 48.16774640276495], [11.51648890608792, 48.16774543175481], [11.516309940724446, 48.167757145983096], [11.516132516464324, 48.1677766318327], [11.515957326987568, 48.16780382822879], [11.515791130873202, 48.16783738145415], [11.515616750792518, 48.16788076837123], [11.515452795092694, 48.16793018208166], [11.515156855036565, 48.16803758201524], [11.514989869750499, 48.168095143278734], [11.514834786799652, 48.16815386090247], [11.514682098605936, 48.16821677558789], [11.514479814602133, 48.16828646590619], [11.514173364066997, 48.168383113235], [11.513751615937826, 48.16852262919733], [11.513042294904356, 48.16876746811569], [11.511853330790599, 48.16936808533364], [11.510734429008366, 48.16991443222795], [11.510217269890857, 48.16860243825627], [11.509737875333586, 48.167562675119484], [11.509102048705763, 48.16753152102136], [11.50823426628442, 48.16748439835323], [11.506741066967798, 48.167407822791716], [11.506234591712648, 48.16739561760147], [11.505266580542708, 48.167401210931054], [11.50387989286594, 48.16739262509953], [11.503274711389892, 48.167380614678564], [11.501921946170166, 48.167373886165755], [11.5014874776852, 48.167375308955755], [11.50120594565798, 48.16737806844013], [11.50120404607717, 48.167359289869374], [11.501051151601061, 48.167362934529955], [11.500822020064637, 48.16738191630146], [11.50047999613913, 48.16745050913499], [11.50031084390578, 48.16746660520563], [11.50002810643213, 48.16747647834954], [11.499394443102862, 48.167535617729236], [11.499124455397345, 48.1675879708821], [11.498731450860356, 48.167664166693974], [11.498356717805336, 48.166654423157226], [11.498064496551649, 48.166796526053], [11.497656026444734, 48.166852276654296], [11.497198021465719, 48.166914646174], [11.496783472420057, 48.16682579972264], [11.496418764943703, 48.16570537878188], [11.496529641471719, 48.16559744322689], [11.497109067842056, 48.16551930283469], [11.497164310963774, 48.16551178818822], [11.496929312883973, 48.16548668684981], [11.49588821929666, 48.16539080917051], [11.495880950936842, 48.165391586140096], [11.49579098465638, 48.1654084574163], [11.49570127178186, 48.16542694813017], [11.495612080317697, 48.16544714873719], [11.49552421784898, 48.16546879425381], [11.495437142841505, 48.165491978327154], [11.495351268322029, 48.16551678646478], [11.495266317469966, 48.16554366737696], [11.49518256140317, 48.16557172258911], [11.49509947078518, 48.16560041023243], [11.494185335528293, 48.165928825852724], [11.494096169054613, 48.16595647495869], [11.49400395156783, 48.16597906955115], [11.493908821682608, 48.16599625029846], [11.493812346672634, 48.1660084114685], [11.493714599415384, 48.1660140047441], [11.493616494849089, 48.16601420067854], [11.493241813189774, 48.166000502587444], [11.493064320651792, 48.165976248048196], [11.492736911728146, 48.16588823753336], [11.49249343331405, 48.165830611113314], [11.492452562769651, 48.1658154187011], [11.492109275872869, 48.165687657343966], [11.491892495124022, 48.16560067533114], [11.4918212801266, 48.165572134850215], [11.49177791300144, 48.16555468120372], [11.491774566761592, 48.165553407706646], [11.4917681429814, 48.165550771203854], [11.491766537128749, 48.165550134795666], [11.49188538867309, 48.165416457069355], [11.491907589493918, 48.16539148512224], [11.491913976456903, 48.16538489871127], [11.491946130763731, 48.16535175043987], [11.492010103920048, 48.16528580576407], [11.491935271256057, 48.16526767157361], [11.491827505866702, 48.165235626571516], [11.491828201462786, 48.165205050256695], [11.491828602560469, 48.165191291928714], [11.491789370143945, 48.16518895947978], [11.491728372115082, 48.16518536163735], [11.491729678063917, 48.16517556433583], [11.49173196166015, 48.16517575414676], [11.491740718705532, 48.165105371008096], [11.491385921072599, 48.16490305527767], [11.491384296452813, 48.164904307021956], [11.491165055211146, 48.16477921888777], [11.49116668117614, 48.16477796711741], [11.490837281718735, 48.164591231185625], [11.489795282629533, 48.16399568850403], [11.489788263911525, 48.16399853548357], [11.489777339021929, 48.164002263433495], [11.48976980581974, 48.164002679543735], [11.48976121178701, 48.16400174197285], [11.489750623107952, 48.163998636857954], [11.489748083511962, 48.163997186557474], [11.489741172630179, 48.1639891509864], [11.489738828868465, 48.16398149601705], [11.489740505188578, 48.16397511799522], [11.489749358072254, 48.163963375573914], [11.489753827256218, 48.16396006737644], [11.489712617656682, 48.16390052369934], [11.489710595609882, 48.163901234264294], [11.48941818651627, 48.16349520838017], [11.489420341357338, 48.16349476847747], [11.489354173844847, 48.163402854947485], [11.489353909942787, 48.16340240447475], [11.48935188652305, 48.163403114163465], [11.48920747742464, 48.163203482937014], [11.48920990540189, 48.16320268440366], [11.489164786363057, 48.163144287887896], [11.489167211972058, 48.16314357938534], [11.489015520138157, 48.16293297356846], [11.489015254898073, 48.16293252312392], [11.489013098030771, 48.162933143020226], [11.488915238241885, 48.162796852825934], [11.488917127394345, 48.16279623153348], [11.488876939728053, 48.162741449575165], [11.488875187470482, 48.1627419815216], [11.488435278337963, 48.162870304960066], [11.488420587524528, 48.16287455615381], [11.488374355410437, 48.16284718736349], [11.488281792205134, 48.16280171246764], [11.488207148817986, 48.16276504157025], [11.488149844933302, 48.16274135958268], [11.488036195849496, 48.16269440395614], [11.487856429938116, 48.1626339382744], [11.487609738447254, 48.16255594240208], [11.487359537292116, 48.162487090036834], [11.487124081211618, 48.16243147136556], [11.486915466921836, 48.16239352148334], [11.486700660444493, 48.16236384922576], [11.486484412251722, 48.16233417268123], [11.486223757656242, 48.162308725732615], [11.48610188345025, 48.16230430812777], [11.486077559651868, 48.16230365131241], [11.485967767082645, 48.162300599813896], [11.485831615986694, 48.162298590979134], [11.485694483778637, 48.162300713433616], [11.48555812366624, 48.162305453591166], [11.485421276035456, 48.162313018664136], [11.485303108130196, 48.162321837751605], [11.485285619583038, 48.16232310779601], [11.485144214785455, 48.16233586661652], [11.48500130554354, 48.162351225795106], [11.48493399607972, 48.16236107861302], [11.48484851368849, 48.162373458776734], [11.484831547269158, 48.1623763496691], [11.484685719181327, 48.16240094580446], [11.484223072192513, 48.162478889885435], [11.484114778269662, 48.162499263415256], [11.48375821872391, 48.162565922646124], [11.483397517240304, 48.16268398597457], [11.483373405404555, 48.162662380594895], [11.482930574708236, 48.162205446342156], [11.482904800048995, 48.16217465850134], [11.48260754854821, 48.16182065572274], [11.482372857292264, 48.161505248099054], [11.48207373062125, 48.16102246844387], [11.482032307117128, 48.16095583274352], [11.481941747923225, 48.160772137473245], [11.481819559460213, 48.16052419243045], [11.48168719650876, 48.160255255507884], [11.481643506012281, 48.16013543551542], [11.481601392076596, 48.160019130202414], [11.481534929899624, 48.15983633750128], [11.48150221887508, 48.15974651757299], [11.481385377520773, 48.15931283163052], [11.481299686746176, 48.15887567706703], [11.481291859927087, 48.15874722083442], [11.481269270407589, 48.15848413267987], [11.481254346636405, 48.158308952682695], [11.481267488493772, 48.15760558234735], [11.481310615121236, 48.157412156881136], [11.481325909665612, 48.1573445441111], [11.481394280061012, 48.15701482529472], [11.481409853666658, 48.15694547529219], [11.481463158936782, 48.15674281761667], [11.481524075254146, 48.15650537891933], [11.481534566462637, 48.156470081319185], [11.481574888078445, 48.156359690995096], [11.481731590473867, 48.15596264471717], [11.48176516671785, 48.15586887782835], [11.481782636289111, 48.15580673097873], [11.481831726113926, 48.155660282934086], [11.481836502621293, 48.15564214082155], [11.481837612597484, 48.155622980184845], [11.481833262580055, 48.15560732430688], [11.481825865379113, 48.15559559794537], [11.481815126214364, 48.155585398740385], [11.48179691949897, 48.15557508463399], [11.481776884509182, 48.15556993790595], [11.481728480853869, 48.1555708135713], [11.481732724167744, 48.15555756162358], [11.481766768828459, 48.15545124068657], [11.48180055902682, 48.15545630079017], [11.48220572623027, 48.15441179878595], [11.482296127107796, 48.15422310724268], [11.482542026703914, 48.153693555141395], [11.48267694740619, 48.15343985791165], [11.48284513453978, 48.15316340571643], [11.483359144876811, 48.152420910244274], [11.48365726283751, 48.152017928896754], [11.483994877514505, 48.151576988139205], [11.484131885728985, 48.15140650212285], [11.48427586325245, 48.15124491707051], [11.484532023758216, 48.150999230917364], [11.484872728451482, 48.1506726447575], [11.485127511276103, 48.15043056458659], [11.485327411703999, 48.15024631738196], [11.485748545772577, 48.14987618063402], [11.486543327185544, 48.149190765486495], [11.48676623785668, 48.149013293287425], [11.486883835077844, 48.14891273176293], [11.48703410929716, 48.14878036057577], [11.48714501593481, 48.148687607123755], [11.487268240168826, 48.14857656410385], [11.487498029773588, 48.14839986737782], [11.487678704108726, 48.14827069349647], [11.487917905542474, 48.148109092972575], [11.48817588056708, 48.14794203927867], [11.488344200559675, 48.147837742029104], [11.488516365754007, 48.14773748495388], [11.488732193680791, 48.147616815626755], [11.488968569240024, 48.14749361855698], [11.489226249127729, 48.14737900669599], [11.489613259036837, 48.14720050648338], [11.489972023118314, 48.147045728283175], [11.49034934351483, 48.1469003381444], [11.49101291366609, 48.14666461478103], [11.490976653355899, 48.146622156388034], [11.492490271207252, 48.14610933807742], [11.493316166206162, 48.146011731724286], [11.494172394360621, 48.14585156703053], [11.495284847731023, 48.14556629869347], [11.495827229078825, 48.145427198725685], [11.495978980319288, 48.14539243129382], [11.495988989386898, 48.14540189643115], [11.496642472431823, 48.145238500918595], [11.4988888541699, 48.14490105295809], [11.500097271869354, 48.1447748922292], [11.500582674379107, 48.1447265064383], [11.501291036569569, 48.14465859178528], [11.501454879766639, 48.14462626483798], [11.501491062788642, 48.14477886574073], [11.501652495466065, 48.14476174345748], [11.501650296447878, 48.14475274036954], [11.502078896405148, 48.14470806062983], [11.50208083358755, 48.14471643326235], [11.502250210946247, 48.14469885364837], [11.502344760628581, 48.14468904226792], [11.502433183366973, 48.144699350407066], [11.502549837959817, 48.14468803063027], [11.502567192993821, 48.14468622005945], [11.502567319771549, 48.144687029807116], [11.502750158095266, 48.14466708216982], [11.502764548671843, 48.14467964550846], [11.502901121753451, 48.144662971333425], [11.50304996215908, 48.144643129659855], [11.503355871118277, 48.144610223583214], [11.503497487591897, 48.14459350806696], [11.503576693523025, 48.144585320379434], [11.503551691334458, 48.14447890824743], [11.50396252728706, 48.14443343079808], [11.50458286180356, 48.14436691616606], [11.505175071346182, 48.14428598687934], [11.505232859500039, 48.14427147893911], [11.505545623746917, 48.144238781908804], [11.505580434648678, 48.14412228535355], [11.505542981739703, 48.143968196330476], [11.510225245991663, 48.14347857810137], [11.510768990947469, 48.14342574014738], [11.51143630642099, 48.14336633512717], [11.512112087384228, 48.143321519233254], [11.512475181405305, 48.14330760320579], [11.512791851201081, 48.14329532156373], [11.51347350210755, 48.14329059345636], [11.514098367525458, 48.143305854022465], [11.514752937361584, 48.14333044224791], [11.516760228587708, 48.143422111751796], [11.517319183492058, 48.143438368799096], [11.517854115006543, 48.14344731704281], [11.518406006307398, 48.14343796262652], [11.518899299150814, 48.143417848682766], [11.519432448548066, 48.143388698217855], [11.519571963210012, 48.14337983170375], [11.519646282751479, 48.14358568782317], [11.52002670831735, 48.143548529231545], [11.521212925244198, 48.14344822644879], [11.522686568317617, 48.14333098262025], [11.522991575901964, 48.143336112253365], [11.524744768227006, 48.143181762057225], [11.525955304128724, 48.14308569041229], [11.527299558276514, 48.1429783039741], [11.528582423984826, 48.142877276691145], [11.52905267196163, 48.142836034954115], [11.529461417088958, 48.14280578063881], [11.529905429801873, 48.14278430118576], [11.530169810132504, 48.142774573682736], [11.530636720894062, 48.14276351767906], [11.530840993247638, 48.14276236969975], [11.531134451945404, 48.14276562752262], [11.531340056269034, 48.14277226039544], [11.53162691207147, 48.14278690086942], [11.53190504799027, 48.14280500807742], [11.53208679754524, 48.14282375024874], [11.532256642632, 48.14283585947011], [11.532417414085954, 48.142840917065236], [11.533491772684004, 48.142838501237726], [11.533949945905556, 48.142824575974124], [11.534394423687255, 48.142802116003146], [11.534675892820154, 48.142802933533495], [11.53500252616956, 48.14281105870904], [11.53497519255824, 48.14268425050334], [11.534978460138925, 48.14260583980082], [11.535429260718127, 48.14261575655321], [11.535538993370093, 48.142537706822445], [11.535821458865056, 48.142545402747174], [11.535810612609769, 48.14277708760497], [11.535808247926395, 48.14284217677649], [11.536473373724446, 48.14285284190723], [11.537037405697, 48.1428501409169], [11.537535209850683, 48.142838112643446], [11.537882205502411, 48.14282779114127], [11.538339351070178, 48.14281047163493], [11.538925643307033, 48.142793327155665], [11.538999499965634, 48.142922482128654], [11.539227667559334, 48.1433215692915], [11.539274506295648, 48.14340348209534], [11.539599356551026, 48.143414310504106], [11.5397094748461, 48.143420918697515], [11.540196382134349, 48.143895698690756], [11.5403051408692, 48.144005395884626], [11.54132212479773, 48.14501802109614], [11.541432216441613, 48.14514366084573], [11.541576503321489, 48.14530716474848], [11.542252322278058, 48.14599091127498], [11.542569625499873, 48.14626322860187], [11.542931684202607, 48.14648146651921], [11.543333163213019, 48.146829070877466], [11.545475494704089, 48.148668623877775], [11.545577607995435, 48.14877186428368], [11.545633448419029, 48.1488311521893], [11.54675723810946, 48.149814350623224], [11.54796970395354, 48.14957368866741], [11.548169724508833, 48.150028318363546], [11.548844324616757, 48.15102178510087], [11.54889071383712, 48.151071507606005], [11.548928320372967, 48.15111469903714], [11.549472960265716, 48.151896542619845], [11.553662438337474, 48.15418908285868], [11.553838902928856, 48.1542703169153], [11.554019854734072, 48.154353676117594], [11.555988079176522, 48.15543133046455], [11.554266836021094, 48.15685257855584], [11.55211362065397, 48.15863024345534], [11.549640861121746, 48.160675491503746], [11.549632762467855, 48.16068149110465], [11.550779732403369, 48.161302979243246], [11.551400602052487, 48.161471406631314], [11.552957545270237, 48.16149040031337], [11.552989233733086, 48.16478988563585], [11.553049926520364, 48.165508862258314], [11.55320321298176, 48.16616540038814], [11.553416275686452, 48.16662743629356], [11.55373313951772, 48.16706467670924], [11.554146567636739, 48.16746172072182], [11.554499922875141, 48.167736550718416], [11.553814411041081, 48.16819542696544], [11.553434642037908, 48.16834287676679], [11.553074163517326, 48.16839299007898], [11.552533544631734, 48.16836800008787], [11.550989346954358, 48.168235370180035], [11.550604739533382, 48.168219165253205], [11.550206190577084, 48.16827491970886], [11.549807927346242, 48.16844025723954], [11.549518935028917, 48.16870055163893], [11.54929860725717, 48.16904131305635], [11.548654669066575, 48.170060485570026]]]}, "geometry_name": "shape", "properties": {"sb_nummer": "09", "sb_name": "Neuhausen-Nymphenburg", "flaeche_qm": 12914863.75724}}, {"type": "Feature", "id": "vablock_stadtbezirk.26", "geometry": {"type": "Polygon", "coordinates": [[[11.58712779531727, 48.22408505736579], [11.587050904127691, 48.224227410784565], [11.587030407211838, 48.224266726837364], [11.587044841511764, 48.22427883327738], [11.587002339664483, 48.22437760414186], [11.586924914203983, 48.224468332594434], [11.586814628270282, 48.22459041601983], [11.586660270916655, 48.22473482181823], [11.586200595070169, 48.225096956705244], [11.585746193920734, 48.22543830112731], [11.58501797386229, 48.22597672448629], [11.584403404135776, 48.2264831746959], [11.5839986812122, 48.22684444869334], [11.583367411524916, 48.22738797999658], [11.583043115901136, 48.22764766594107], [11.582734341681753, 48.2280030037102], [11.582772802865017, 48.22800646534117], [11.582686312217849, 48.22810933204555], [11.582322185992403, 48.22854227215988], [11.582303161308012, 48.22856513945865], [11.582250039827882, 48.22856036683284], [11.579596413782891, 48.22831959777941], [11.5784979491219, 48.22821648607498], [11.577796046241927, 48.22815060058795], [11.5774978709714, 48.22813028989925], [11.57734006883267, 48.22808734858905], [11.575476644936339, 48.2279318630675], [11.573796075941717, 48.227778607597514], [11.57129391728191, 48.22759071898539], [11.568761810262812, 48.227434903682315], [11.56808466038713, 48.22739926810084], [11.56611444131251, 48.22729520883483], [11.565779451029979, 48.22727748770084], [11.564952812712027, 48.227246515054574], [11.564851580429384, 48.22710320063197], [11.564622956417955, 48.226779637126775], [11.564525714691246, 48.22664208643815], [11.563242999497545, 48.224825954209905], [11.56364277635543, 48.22395220247428], [11.564038879923652, 48.22392885673602], [11.564051453363124, 48.22390642707208], [11.564617591757635, 48.222892860511436], [11.56401355421165, 48.22274269042588], [11.564174912881347, 48.22243365872213], [11.564240307186829, 48.222308533880664], [11.56435851126951, 48.22208198092618], [11.564491752988259, 48.22182759209985], [11.563689227881232, 48.22114469802033], [11.563503125612757, 48.220986334856654], [11.56269285347002, 48.22029673863826], [11.562385244479396, 48.22003489744632], [11.562377351255247, 48.22002920148299], [11.562367969496716, 48.22002448888742], [11.562357636073918, 48.220020941140135], [11.56234661948876, 48.2200186503296], [11.56233505307007, 48.22001761708108], [11.562323341204252, 48.22001793135295], [11.562322558314843, 48.22001805408677], [11.562312020396849, 48.220019686455196], [11.562301227996244, 48.22002261298882], [11.562350767786581, 48.220005625218285], [11.563119641239087, 48.219740839105434], [11.562391590069394, 48.21818790158278], [11.5622463623539, 48.2178233470549], [11.562013170773337, 48.21669010714403], [11.562570046114539, 48.21280810177904], [11.5626637526749, 48.21215528972166], [11.563142301017166, 48.20878333812815], [11.563166700767754, 48.20860539742099], [11.563714128379862, 48.204752014553875], [11.563726608174003, 48.20467024602421], [11.564143799047732, 48.20172239218693], [11.56416797920772, 48.201546666737585], [11.564195678211144, 48.201128474566495], [11.564267235468538, 48.20005558846701], [11.564518280265784, 48.198280352970244], [11.564533033938673, 48.1981760640217], [11.564632354447987, 48.19747329325125], [11.565016093678073, 48.19476722095852], [11.565160772970367, 48.19374883210401], [11.565316977164036, 48.1926506838854], [11.565613945498104, 48.190575053415024], [11.565303157888158, 48.19054606409729], [11.564961672809895, 48.19051448138023], [11.564908338223058, 48.19050970834324], [11.564875156505869, 48.1905067150317], [11.564635279445996, 48.190485072956974], [11.564528652723057, 48.1904754041363], [11.563687658238416, 48.190399421210145], [11.563472222119566, 48.19037990636764], [11.563319967081826, 48.19036619683395], [11.563306930094294, 48.19036498057132], [11.562914217893411, 48.19032954091776], [11.56245529626717, 48.19037277583467], [11.562392092753736, 48.19037271979248], [11.562355245506618, 48.19037258245583], [11.562224936647718, 48.19037245557149], [11.561922628328732, 48.19037197753754], [11.561647876699693, 48.19041345863196], [11.561586076351398, 48.19042284022726], [11.561123309651416, 48.19043984394261], [11.56001499707552, 48.190424312184405], [11.55840011209976, 48.19040173485942], [11.5555763919504, 48.19036210187968], [11.554367851123175, 48.190345324104015], [11.553432133131976, 48.190364385870616], [11.552612729934099, 48.19030624442224], [11.552133192571135, 48.190271476918674], [11.551785783405544, 48.190240028928045], [11.551760395220581, 48.19028167172518], [11.551747917220442, 48.19027829304286], [11.55167317929569, 48.190257929852315], [11.551311286127117, 48.190240170263664], [11.550034661142599, 48.19018463924666], [11.549911008258826, 48.19018998151094], [11.549825701945638, 48.19019368165049], [11.549814534605067, 48.19019417604573], [11.54972469415133, 48.190198054124494], [11.549641096000334, 48.19020168382397], [11.54937894937249, 48.190213086307445], [11.549127683900796, 48.1901613687371], [11.548176857570281, 48.18996543895387], [11.547450990662226, 48.1898659022095], [11.54707250212883, 48.189814416024056], [11.546725902023041, 48.189767185833254], [11.546299244680009, 48.18970812512509], [11.546238120683364, 48.189699699168884], [11.54615684548564, 48.189688393273265], [11.546095721755727, 48.189679971734435], [11.546001149947246, 48.18966684051079], [11.545276248191147, 48.18956873890656], [11.5449170411321, 48.18951810784191], [11.54461983469573, 48.189483381911295], [11.54427451860598, 48.18945614154858], [11.544285072811574, 48.18934459878909], [11.54357378651184, 48.189229656744985], [11.542887853386746, 48.18912299583838], [11.542556666124879, 48.18908404449004], [11.54196758480637, 48.18899176728104], [11.541543871545423, 48.188937761579474], [11.541521659383816, 48.18875048459091], [11.541262437769479, 48.18656472522968], [11.541242303052973, 48.186394969619876], [11.541223532430758, 48.1862367109999], [11.541126654118072, 48.185630265886275], [11.54102285774519, 48.18509568219594], [11.540894802748927, 48.1845631654546], [11.540717677105427, 48.1839533425259], [11.54023848079019, 48.18245177034523], [11.540104181265278, 48.18197365684346], [11.540009582571326, 48.18157095567195], [11.539929398139627, 48.18111146055928], [11.539892101438271, 48.18067019704926], [11.539877525659325, 48.18023677940353], [11.539914460131815, 48.17976765665495], [11.539992400207161, 48.17933286292882], [11.540107468567795, 48.17887518088995], [11.54040952729033, 48.17780987518507], [11.540471877356046, 48.17752887917624], [11.540513861729593, 48.177242966263584], [11.54054258493537, 48.176975231678334], [11.54054794535826, 48.17669645056532], [11.540515583594436, 48.17624445763942], [11.540418151934123, 48.17578352728397], [11.540274014728045, 48.17535831285276], [11.540082658185415, 48.17492544044882], [11.5394175573018, 48.173673248913616], [11.539168630954508, 48.17314451986518], [11.538898281794713, 48.172460829761064], [11.538738905412028, 48.17200974825517], [11.538603793216398, 48.17155392110352], [11.538512556473325, 48.17115682611486], [11.538477773968548, 48.17098303842218], [11.538385353546806, 48.1705017330461], [11.538286740440784, 48.16989702520365], [11.538119510552168, 48.16863374187387], [11.53807640230305, 48.168210810940536], [11.538388625058872, 48.168307703798], [11.538608779007316, 48.16838882902352], [11.539075983296517, 48.16851037653648], [11.539269547537428, 48.168560776445396], [11.540086524261019, 48.16879775452016], [11.541277336495233, 48.16913710811973], [11.541841296041238, 48.16929869777907], [11.54203452175441, 48.16935394049954], [11.542124868989527, 48.16937983018031], [11.542466284262034, 48.16947765950533], [11.54381728133034, 48.16985010340625], [11.544450780947198, 48.17002494281195], [11.544457299190219, 48.17002069809642], [11.544546538050968, 48.16996404216808], [11.544647095802583, 48.16990444777168], [11.544738174222175, 48.16988330071773], [11.54476858312568, 48.169880900399676], [11.54504387627612, 48.16985922274716], [11.54510523239467, 48.16985434702904], [11.545120688081568, 48.1698552193195], [11.545198771052473, 48.16985958361057], [11.545292574657626, 48.16986536221722], [11.545386097923341, 48.169872378770556], [11.54547906434602, 48.169881460006025], [11.545571747221505, 48.16989206719373], [11.545891254121392, 48.1699820298893], [11.54600540066768, 48.1700141276044], [11.546184932029217, 48.17007121540708], [11.546409723665855, 48.17014114743297], [11.546674936107383, 48.170223814753456], [11.54677788031714, 48.17024435300968], [11.54705326467713, 48.17028787895815], [11.547161404066514, 48.17029929569069], [11.547359272247245, 48.170316976405125], [11.547488346332015, 48.170329426754485], [11.547543187310353, 48.17033658223183], [11.547590860612624, 48.17034437352803], [11.54764151417365, 48.17035429689611], [11.547691871470317, 48.17036592291547], [11.547742052412552, 48.17037838692883], [11.547785766211259, 48.1703908566845], [11.547836092721917, 48.17040720631842], [11.547878785936541, 48.170422857835064], [11.54790175759054, 48.17043190680001], [11.548034006923206, 48.17051442649944], [11.548114571068943, 48.170575436709164], [11.54814850130482, 48.170597527939265], [11.548470091350781, 48.170305079831735], [11.548654669066575, 48.170060485570026], [11.54929860725717, 48.16904131305635], [11.549518935028917, 48.16870055163893], [11.549807927346242, 48.16844025723954], [11.550206190577084, 48.16827491970886], [11.550604739533382, 48.168219165253205], [11.550989346954358, 48.168235370180035], [11.552533544631734, 48.16836800008787], [11.553074163517326, 48.16839299007898], [11.553434642037908, 48.16834287676679], [11.553814411041081, 48.16819542696544], [11.554499922875141, 48.167736550718416], [11.555063552842812, 48.168039081811436], [11.55552378141531, 48.1682273750408], [11.556205735060791, 48.168397176558315], [11.556896932458836, 48.16850888567498], [11.557600755252352, 48.1685745803961], [11.558398078234156, 48.16860982618895], [11.559200584439571, 48.168605370986796], [11.559995864851945, 48.16856067509957], [11.561585573202448, 48.16843250029883], [11.560921194354334, 48.17016049845972], [11.560633089080563, 48.17165332505353], [11.560658787404757, 48.17165559376233], [11.560838587765845, 48.1716713559508], [11.560816339240926, 48.1717262334426], [11.560768248164617, 48.17184488017398], [11.56075597358481, 48.17188071350417], [11.560706371451296, 48.17201963467094], [11.56064465276078, 48.172194463887735], [11.56059346923664, 48.172370885710734], [11.560554175265207, 48.172548812379056], [11.560545758824466, 48.17258943294874], [11.560517129183511, 48.172728716151596], [11.560482379619922, 48.172907144351726], [11.56045125865079, 48.173085803886394], [11.560426733083847, 48.173264867977345], [11.560426718749232, 48.17326495827585], [11.5604099878903, 48.17344441279412], [11.560400623749713, 48.17362433296726], [11.560397966410944, 48.173804270113855], [11.560399587376, 48.17391290162202], [11.560397573231915, 48.17411914238202], [11.560321226092938, 48.174206595772596], [11.559867642079611, 48.174654455482134], [11.55944006410764, 48.174976632562], [11.558316235204531, 48.17590673432563], [11.558457531910836, 48.176099963058284], [11.561255666137692, 48.176053423560894], [11.56413719753125, 48.1760039205092], [11.565372447223602, 48.176089273248], [11.56624775632853, 48.17626162314503], [11.566888888829356, 48.17644590442309], [11.5676534895813, 48.17667308689546], [11.568516247469672, 48.17693092641681], [11.57079504098468, 48.177576518552726], [11.570869602643269, 48.17759693890668], [11.57163660306877, 48.177804913510336], [11.572246633399121, 48.17791882007548], [11.572856557273122, 48.177984919926494], [11.57299333563635, 48.17799603810099], [11.57332165347673, 48.17802359237782], [11.573394806652459, 48.178030253358706], [11.574566383360924, 48.17804977154561], [11.575692300189266, 48.17801518395239], [11.57680787612716, 48.17793216017561], [11.579131515113945, 48.177703845410356], [11.57972626962737, 48.1776454807248], [11.580457378640602, 48.177591333952904], [11.581187705822746, 48.177579691819034], [11.583254225003312, 48.1776082794897], [11.584854273660113, 48.177634647093825], [11.585268340768861, 48.177641497775504], [11.584999287248026, 48.180604916060815], [11.584897651859537, 48.18172632703646], [11.58463639411712, 48.18448096334487], [11.584449200088574, 48.186766992787504], [11.584381545641065, 48.18788466396943], [11.584372209422535, 48.188024030131416], [11.584171134963093, 48.19048489784977], [11.584161160431277, 48.19060685746854], [11.584038219590942, 48.19219498103908], [11.584012692779567, 48.19302192184832], [11.584352940452323, 48.193039087292306], [11.584352554171769, 48.193050292061805], [11.58437316211523, 48.1930415585147], [11.584397525079817, 48.193042353842785], [11.584696379254416, 48.193061095483586], [11.58479666578918, 48.19306738807014], [11.585014159216541, 48.19308091404772], [11.585233976688091, 48.19309478412299], [11.585350389530564, 48.19310214850037], [11.585464104069729, 48.19310932334352], [11.585691300799896, 48.19312346647105], [11.585900368016432, 48.193136625248385], [11.585928199803757, 48.193138344538575], [11.586043020019353, 48.19314550561837], [11.586160124442552, 48.193152862605814], [11.586397830334828, 48.193167964484324], [11.58651328188234, 48.19317523325232], [11.586634912260534, 48.19318288556515], [11.586867740194643, 48.193197454749125], [11.587059861791547, 48.19320947953599], [11.58707881851573, 48.19321071906192], [11.587102747286869, 48.1932126969195], [11.587333164411728, 48.19323109586683], [11.58756489201062, 48.19325002000642], [11.587792872982124, 48.19327310591923], [11.588023008144544, 48.19329618064325], [11.588248798266585, 48.19331872474361], [11.588819981599977, 48.19337559054105], [11.588892915898937, 48.193566340049266], [11.588938510298872, 48.1936855433847], [11.588972246152611, 48.19377351410085], [11.58899780982175, 48.19384051221692], [11.589025746619672, 48.193913633002964], [11.58905711089784, 48.19399566453889], [11.589116545989311, 48.194150611355404], [11.589160587268056, 48.19427924070446], [11.589166630005291, 48.19429742333672], [11.589205670462997, 48.194446122705195], [11.589216644717677, 48.19450416914534], [11.589234074671365, 48.194596141522176], [11.589249962100263, 48.194746724964695], [11.589252209745103, 48.19481938630616], [11.589254544034024, 48.19489798340555], [11.589248026603862, 48.195049309340725], [11.589236942190562, 48.19518281799225], [11.589236500735183, 48.195187942345434], [11.589225660200656, 48.19531630589889], [11.58921450936142, 48.195449699966986], [11.589203512357237, 48.19558078080475], [11.58919370138877, 48.195698203098054], [11.589192517908184, 48.1957117797002], [11.589181654477168, 48.195842842223804], [11.589169473824713, 48.1959872855057], [11.589160703512025, 48.19609265145141], [11.589159365713474, 48.19610874644187], [11.589157434830087, 48.196131763381715], [11.589145261188065, 48.196276427844815], [11.589133212257087, 48.19642079076277], [11.589121021503196, 48.19656533143148], [11.589108972544626, 48.196709989472076], [11.589097534348285, 48.19684583470388], [11.589096452982654, 48.196863546232784], [11.589323384376156, 48.196833399688956], [11.589656905732426, 48.19678899356183], [11.589749136764558, 48.196776915173686], [11.590144580963635, 48.19809470561619], [11.590183632367076, 48.19822639653579], [11.590187132175016, 48.19823812016611], [11.590332928280263, 48.19872681346726], [11.589887405216041, 48.19877416839849], [11.589983837456707, 48.19912492958379], [11.590081944632674, 48.19948234554738], [11.59010352704692, 48.19956067150442], [11.59041227430244, 48.20068349276006], [11.59050431509045, 48.201018796011745], [11.590546405905828, 48.20117243157112], [11.590565644984064, 48.20124272386499], [11.590566801693516, 48.20124694928533], [11.590593467035532, 48.2013447021396], [11.590614485281664, 48.20143736894682], [11.587022132366018, 48.201119256996236], [11.585302353841776, 48.20096121922547], [11.586215101227475, 48.20562512620092], [11.586248698813455, 48.205728682326956], [11.586710972754211, 48.20807658519434], [11.587163856288063, 48.2103964392512], [11.587508216159979, 48.21217354946529], [11.58762918896128, 48.212786294756945], [11.587684024527723, 48.21312187078415], [11.587723312673191, 48.21348054176402], [11.587675317387319, 48.21347962521264], [11.58753686418726, 48.213477051365444], [11.587520734155246, 48.21347675238756], [11.587509157178943, 48.21347650563201], [11.587500553341318, 48.21347632328674], [11.587499880104367, 48.21347632135264], [11.587466648916532, 48.21347584783014], [11.587476766102668, 48.21364100535621], [11.587483821362426, 48.21381864889615], [11.587486712369394, 48.213995246182904], [11.587486531279167, 48.214354252692615], [11.587479888499766, 48.21523239461279], [11.58746936847011, 48.2166851897741], [11.587461300940618, 48.217801885220666], [11.58745361546052, 48.218906919653016], [11.587452015348719, 48.21915846039031], [11.587456189075755, 48.2191582962151], [11.587447865427182, 48.22008004034667], [11.58744775753202, 48.22009344059428], [11.587447707398022, 48.22009973572841], [11.587446622022732, 48.22023534626662], [11.587444832474839, 48.220475597106], [11.587442207391858, 48.22063567780528], [11.587443372578882, 48.220641348112245], [11.587440065410611, 48.221003883464235], [11.58744707104635, 48.221003187627666], [11.587444311525099, 48.22149972207479], [11.587442671449917, 48.221519772951176], [11.587440731787266, 48.222115251867685], [11.587497649761215, 48.22213441862649], [11.587492099558043, 48.222172173568865], [11.587460615946732, 48.222389357593656], [11.587392818357388, 48.222854757312504], [11.587160446771225, 48.22400954636436], [11.58715574123685, 48.2240090791548], [11.58712779531727, 48.22408505736579]]]}, "geometry_name": "shape", "properties": {"sb_nummer": "11", "sb_name": "Milbertshofen-Am Hart", "flaeche_qm": 13417212.19468}}, {"type": "Feature", "id": "vablock_stadtbezirk.27", "geometry": {"type": "Polygon", "coordinates": [[[11.625506279485199, 48.229031978500764], [11.624608571981705, 48.229243608564545], [11.624236605734652, 48.22887050996226], [11.62410841279969, 48.2287009249811], [11.623442256820239, 48.22874599739943], [11.62290200676522, 48.22876752640818], [11.622843988424972, 48.22876986129533], [11.622695349685753, 48.2287604637549], [11.622363708519714, 48.22873957757111], [11.62240537975863, 48.22829087486548], [11.622449891646905, 48.22807554650659], [11.62245714173359, 48.22804058532419], [11.62247836519036, 48.22797104667663], [11.622502904544909, 48.22789369416251], [11.622520088755978, 48.22782917673861], [11.622529322197598, 48.227765711781245], [11.622529260790609, 48.227738460399515], [11.62252909418979, 48.22770707059366], [11.62252294854496, 48.22764741994383], [11.622496723010821, 48.22755550321325], [11.622455136457951, 48.2275548336804], [11.622323992869465, 48.22755283572402], [11.622262414743707, 48.22755189265963], [11.621932143784, 48.22754685435111], [11.621639699549421, 48.22757845157252], [11.621558626666735, 48.227583952728764], [11.62140323919925, 48.2275905707751], [11.62116069626788, 48.227596477547245], [11.620770952124237, 48.22759743374217], [11.620655866415253, 48.227597684189824], [11.62057203939656, 48.227598385911506], [11.620187789698205, 48.227618273218866], [11.619751173350366, 48.22764084328989], [11.619407351925984, 48.22764178793266], [11.61909739566695, 48.227642722617496], [11.61896281847722, 48.22764405632045], [11.618877674669642, 48.227644922686544], [11.618729077249274, 48.22763525274702], [11.618410237572641, 48.22761374488323], [11.61817762870543, 48.22758833759155], [11.618177568084683, 48.227588337173245], [11.618137337535284, 48.227587876320044], [11.618081076527405, 48.22758723275371], [11.617501162209232, 48.227622867052126], [11.617037526515684, 48.227684813270336], [11.616588045000977, 48.22773547136467], [11.616006268621051, 48.22775664132327], [11.6159095651496, 48.22776316380195], [11.61416592071314, 48.22792783325727], [11.613911031574766, 48.22742289752529], [11.61360890944409, 48.22692164322381], [11.61356664168184, 48.22685145128791], [11.613553767245758, 48.22682971284117], [11.613272379591141, 48.22635428589277], [11.613265092251721, 48.22634197878226], [11.613213757576142, 48.22625532256985], [11.613103004273668, 48.226068301206894], [11.612944252978046, 48.225578351046366], [11.61272798084192, 48.22559000859598], [11.612610678285673, 48.22559632368513], [11.6119535605065, 48.22563160970532], [11.61192108199776, 48.22563335849027], [11.611795557511467, 48.225640055804035], [11.61167209092547, 48.225646944647266], [11.611561162140864, 48.2256524506407], [11.611452472430619, 48.2256458088928], [11.611328999125355, 48.225637382236215], [11.611212234646157, 48.225625860674825], [11.61108924443543, 48.22561216082445], [11.610984680013244, 48.22559671854202], [11.610875928586156, 48.2255790705512], [11.610750172640776, 48.22555925794382], [11.610634951116975, 48.22555632519974], [11.610512223068756, 48.225550178789796], [11.610379920166308, 48.22554698513519], [11.610257530356014, 48.22554700870918], [11.610139245842115, 48.22555046335995], [11.610015149499354, 48.22555368189697], [11.60993107527878, 48.225552848238756], [11.609896905472391, 48.225551871621825], [11.609842900485495, 48.225548358247146], [11.60980669565549, 48.22554599896538], [11.609731312807229, 48.225543055695525], [11.609683995311123, 48.22554121511873], [11.609563651927754, 48.22554146860669], [11.609435075216169, 48.22554878602972], [11.609316769520856, 48.22556135605929], [11.609196380251031, 48.225578950005875], [11.60907798922549, 48.225605254280644], [11.608963676886551, 48.22563682675177], [11.608852805564322, 48.22566520681343], [11.608686224694067, 48.2257055995885], [11.608139405174958, 48.22565910528888], [11.60795150744001, 48.226225084086785], [11.607692696875436, 48.22688199020604], [11.607536613623463, 48.22730013186269], [11.607869559818289, 48.22736710390058], [11.608049058856073, 48.22740313586566], [11.609083862358261, 48.22761122438263], [11.609050151729505, 48.22773971644021], [11.60904683687833, 48.22775238423139], [11.609025621367794, 48.22783297311772], [11.60887269760625, 48.22841249720582], [11.607083170123222, 48.22815847784645], [11.607114138981771, 48.228070794558334], [11.607122099621538, 48.22804833610488], [11.607156662621794, 48.227951141483885], [11.607208315231263, 48.22795744846195], [11.607411550322063, 48.227516545237506], [11.607450279977565, 48.22743240454961], [11.60749940881553, 48.2273259938664], [11.60698710084944, 48.22719096808255], [11.606064124546373, 48.22692700481277], [11.605876615527343, 48.22686556507867], [11.605708927210813, 48.226770917899515], [11.605866982532742, 48.22668049492919], [11.605963222464306, 48.226627646994736], [11.606129804313207, 48.2265100132663], [11.60623590401333, 48.226419906226816], [11.606262466135746, 48.226397350714045], [11.606318429009875, 48.22632454281976], [11.606361765751933, 48.226246935712666], [11.606452178387869, 48.22610476091714], [11.606556335028486, 48.22594956656006], [11.606652576578783, 48.22580506928059], [11.606753913042661, 48.22565966901053], [11.606859007862042, 48.225512451284025], [11.606961370736698, 48.22536522435838], [11.606998037894323, 48.2253107326898], [11.607508394092617, 48.22455221762176], [11.607567413341123, 48.22448421746779], [11.607861916254754, 48.22415982120558], [11.607924286956221, 48.22409114733234], [11.608011093079924, 48.22399555320461], [11.608119706107175, 48.223881121835774], [11.60833091552061, 48.22365855890864], [11.60846444141721, 48.22351791769608], [11.608511443487986, 48.223468411454064], [11.608664281376356, 48.22330742285829], [11.608775464148517, 48.22317213840851], [11.609037075937529, 48.2228330301501], [11.60906571059929, 48.2227958962294], [11.60921634886572, 48.222600571427634], [11.609266045182574, 48.22252662842923], [11.60946547239049, 48.22221671315913], [11.609513589402942, 48.22213802174283], [11.609553595179435, 48.22206359776649], [11.609626214388111, 48.22191319367621], [11.609669300754499, 48.22184075750133], [11.609758579026918, 48.22170974687526], [11.610128358457231, 48.22117710904464], [11.610172131763205, 48.22110242648768], [11.610214403772726, 48.22103052597181], [11.610261127443447, 48.22095720251553], [11.61088778400818, 48.220143279225226], [11.611105039942021, 48.219855298415006], [11.611212075266081, 48.21970836619386], [11.611458053409072, 48.219341300963215], [11.61150477942428, 48.21926689626924], [11.611547216785166, 48.21918986987516], [11.611572362305006, 48.2191392277965], [11.610960349904326, 48.21921526494678], [11.61087883955826, 48.21894176040926], [11.609918208068448, 48.21898829223009], [11.609437935626056, 48.219015016523414], [11.608839237515896, 48.21905619710134], [11.608723830652405, 48.21906492706552], [11.60859766508058, 48.219072716160824], [11.607763679055454, 48.21911748460894], [11.607406215794688, 48.21913471311354], [11.606684281165718, 48.21916974147776], [11.606561558006076, 48.21917363693085], [11.606203174434572, 48.21918113786003], [11.606233615021958, 48.21862239888309], [11.606238335694151, 48.218586349770355], [11.606243363912345, 48.218545354744684], [11.606267361630866, 48.21840121321877], [11.60611424897595, 48.21837830452912], [11.605873775856036, 48.21834547645241], [11.605633099868488, 48.218324423499936], [11.605400884660977, 48.218317658471385], [11.605057231680098, 48.21832508814921], [11.604817995872885, 48.21833542052898], [11.604830135444603, 48.21814228566769], [11.604843498510217, 48.21806823338924], [11.604879833557504, 48.21791359986035], [11.604954678543615, 48.21763514617301], [11.605005266353485, 48.21748139785992], [11.60183101497353, 48.21686061854675], [11.601846600766553, 48.216646701850934], [11.601849080040148, 48.21661283077831], [11.601917446718888, 48.21623140829737], [11.602002083311792, 48.21563942501205], [11.602035941718245, 48.2151081953718], [11.60183931783553, 48.21507935515524], [11.601849719698814, 48.21497983068338], [11.601514060170947, 48.21494479229433], [11.601531411974864, 48.21465818401048], [11.601586541400625, 48.21441171374781], [11.601672436497882, 48.214047340378144], [11.601703341847248, 48.21393322134326], [11.601834185531109, 48.21334931908801], [11.601137330167854, 48.21330605998141], [11.600960506272884, 48.21329997735623], [11.6008215998502, 48.213300421591285], [11.60047325173819, 48.21330880597766], [11.600127668219782, 48.21331106756756], [11.599785475370979, 48.213320413706434], [11.599429887801138, 48.213336076061665], [11.598851549165412, 48.213389864910944], [11.598234825032334, 48.21340495073345], [11.595494198945472, 48.21343038036023], [11.595413850564213, 48.213431130092594], [11.594821018829029, 48.21343654928495], [11.593476632032045, 48.21350259934714], [11.592182886803812, 48.21356639245927], [11.590399710133282, 48.21353204456968], [11.590091887164165, 48.21352620377808], [11.589065490362692, 48.213506362016744], [11.588774894108612, 48.21350040213366], [11.588175932723887, 48.21348923855172], [11.588026596531098, 48.2134863786783], [11.587980315072118, 48.213485489334246], [11.58793968412276, 48.21348471023977], [11.587911297013248, 48.2134841601271], [11.587766122478603, 48.21348135913979], [11.587737472963193, 48.21348081129518], [11.587723312673191, 48.21348054176402], [11.587684024527723, 48.21312187078415], [11.58762918896128, 48.212786294756945], [11.587508216159979, 48.21217354946529], [11.587163856288063, 48.2103964392512], [11.586710972754211, 48.20807658519434], [11.586248698813455, 48.205728682326956], [11.586215101227475, 48.20562512620092], [11.585302353841776, 48.20096121922547], [11.587022132366018, 48.201119256996236], [11.590614485281664, 48.20143736894682], [11.590593467035532, 48.2013447021396], [11.590566801693516, 48.20124694928533], [11.590565644984064, 48.20124272386499], [11.590546405905828, 48.20117243157112], [11.59050431509045, 48.201018796011745], [11.59041227430244, 48.20068349276006], [11.59010352704692, 48.19956067150442], [11.590081944632674, 48.19948234554738], [11.589983837456707, 48.19912492958379], [11.589887405216041, 48.19877416839849], [11.590332928280263, 48.19872681346726], [11.590187132175016, 48.19823812016611], [11.590183632367076, 48.19822639653579], [11.590144580963635, 48.19809470561619], [11.589749136764558, 48.196776915173686], [11.589656905732426, 48.19678899356183], [11.589323384376156, 48.196833399688956], [11.589096452982654, 48.196863546232784], [11.589097534348285, 48.19684583470388], [11.589108972544626, 48.196709989472076], [11.589121021503196, 48.19656533143148], [11.589133212257087, 48.19642079076277], [11.589145261188065, 48.196276427844815], [11.589157434830087, 48.196131763381715], [11.589159365713474, 48.19610874644187], [11.589160703512025, 48.19609265145141], [11.589169473824713, 48.1959872855057], [11.589181654477168, 48.195842842223804], [11.589192517908184, 48.1957117797002], [11.58919370138877, 48.195698203098054], [11.589203512357237, 48.19558078080475], [11.58921450936142, 48.195449699966986], [11.589225660200656, 48.19531630589889], [11.589236500735183, 48.195187942345434], [11.589236942190562, 48.19518281799225], [11.589248026603862, 48.195049309340725], [11.589254544034024, 48.19489798340555], [11.589252209745103, 48.19481938630616], [11.589249962100263, 48.194746724964695], [11.589234074671365, 48.194596141522176], [11.589216644717677, 48.19450416914534], [11.589205670462997, 48.194446122705195], [11.589166630005291, 48.19429742333672], [11.589160587268056, 48.19427924070446], [11.589116545989311, 48.194150611355404], [11.58905711089784, 48.19399566453889], [11.589025746619672, 48.193913633002964], [11.58899780982175, 48.19384051221692], [11.588972246152611, 48.19377351410085], [11.588938510298872, 48.1936855433847], [11.588892915898937, 48.193566340049266], [11.588819981599977, 48.19337559054105], [11.588248798266585, 48.19331872474361], [11.588023008144544, 48.19329618064325], [11.587792872982124, 48.19327310591923], [11.58756489201062, 48.19325002000642], [11.587333164411728, 48.19323109586683], [11.587102747286869, 48.1932126969195], [11.58707881851573, 48.19321071906192], [11.587059861791547, 48.19320947953599], [11.586867740194643, 48.193197454749125], [11.586634912260534, 48.19318288556515], [11.58651328188234, 48.19317523325232], [11.586397830334828, 48.193167964484324], [11.586160124442552, 48.193152862605814], [11.586043020019353, 48.19314550561837], [11.585928199803757, 48.193138344538575], [11.585900368016432, 48.193136625248385], [11.585691300799896, 48.19312346647105], [11.585464104069729, 48.19310932334352], [11.585350389530564, 48.19310214850037], [11.585233976688091, 48.19309478412299], [11.585014159216541, 48.19308091404772], [11.58479666578918, 48.19306738807014], [11.584696379254416, 48.193061095483586], [11.584397525079817, 48.193042353842785], [11.58437316211523, 48.1930415585147], [11.584352554171769, 48.193050292061805], [11.584352940452323, 48.193039087292306], [11.584012692779567, 48.19302192184832], [11.584038219590942, 48.19219498103908], [11.584161160431277, 48.19060685746854], [11.584171134963093, 48.19048489784977], [11.584372209422535, 48.188024030131416], [11.584381545641065, 48.18788466396943], [11.584449200088574, 48.186766992787504], [11.58463639411712, 48.18448096334487], [11.584897651859537, 48.18172632703646], [11.584999287248026, 48.180604916060815], [11.585268340768861, 48.177641497775504], [11.585274821354389, 48.17756892411929], [11.585363379511971, 48.176578538917205], [11.584967126011556, 48.17654539537202], [11.584379563698167, 48.17649666189605], [11.583981298583568, 48.17646442130734], [11.583273760925193, 48.176405621736514], [11.581634536780038, 48.17627011677225], [11.582118401256313, 48.17365325749421], [11.582425426728511, 48.17229363860292], [11.582708959005345, 48.171067338072376], [11.582740786510332, 48.170902049621965], [11.582895751963548, 48.170081240994634], [11.583149142694538, 48.169320402553886], [11.583044681101402, 48.169032202279], [11.582859882850427, 48.168876777530954], [11.582703915780415, 48.16830441982706], [11.582629882154999, 48.16776129057578], [11.582624129092219, 48.16714449337582], [11.581328295350437, 48.16709697351832], [11.581099958478616, 48.16708705076919], [11.579316371409616, 48.167110544835715], [11.579168014575362, 48.16711324154166], [11.579053383789594, 48.16667549915224], [11.579070922061858, 48.16652756374127], [11.57907741908362, 48.16646556074712], [11.579481580004957, 48.164036849313895], [11.57950317657396, 48.16396171395038], [11.579527634261213, 48.16387956343426], [11.579939494943252, 48.16287498660986], [11.579927646050937, 48.16279718039983], [11.579826078250036, 48.16212986710284], [11.579667188269882, 48.16113558027309], [11.580399566347142, 48.16107697991742], [11.580387482662184, 48.160999241993906], [11.580229118203967, 48.160028582416444], [11.580202976953531, 48.159868373848205], [11.58005361246342, 48.15891691489206], [11.580022980292553, 48.158737694620925], [11.579888509391706, 48.15795179213797], [11.579865098865794, 48.15781500583592], [11.579846163813565, 48.15768631073213], [11.579590788078816, 48.155742807730356], [11.579287635999833, 48.15468087796282], [11.580885976536962, 48.154488940859686], [11.582682704312292, 48.15414888148916], [11.582652524916732, 48.15408526075098], [11.582641821664401, 48.15406264752873], [11.582526261472646, 48.15383688963426], [11.582523611863637, 48.15383184467237], [11.582416012677688, 48.15359616290629], [11.582234237168732, 48.153218888724666], [11.582148079257433, 48.15323663853669], [11.582078120286916, 48.15308742814032], [11.581790423873068, 48.15247347414481], [11.581758963803868, 48.152406531117], [11.581743171138584, 48.15233180273741], [11.581857808572044, 48.15230696785919], [11.581922392502953, 48.152168304734914], [11.581986096103742, 48.152120568486154], [11.582054247372799, 48.15210435099792], [11.582131648382015, 48.15210768232506], [11.582220715301323, 48.152133984938565], [11.58232892954554, 48.152211451240134], [11.582469645992443, 48.15218385105322], [11.583521411960076, 48.1519706869861], [11.584458780089713, 48.151828913417106], [11.584594058687664, 48.151799696360634], [11.584826729541009, 48.151761970101234], [11.584828822940716, 48.15176908265927], [11.585129711367886, 48.15172195105229], [11.585130914749167, 48.151721762006275], [11.585262911259303, 48.15170114987689], [11.585431141500704, 48.152080763231545], [11.585727212646894, 48.15233877788655], [11.585990462915152, 48.15248965070784], [11.58769870731306, 48.153277214973166], [11.587716761378294, 48.15327107025934], [11.587807577516385, 48.153239997827455], [11.587907155461831, 48.15320574240271], [11.587997049989022, 48.153122073286866], [11.58818408276626, 48.15286248032418], [11.588192376776092, 48.1528509092376], [11.5883275515985, 48.15301077300011], [11.588463700294273, 48.15312517772134], [11.588626839765682, 48.1532423212554], [11.588632235142608, 48.15325090607881], [11.588630461030876, 48.153260141063114], [11.588629352496858, 48.153261707393575], [11.588628016562204, 48.15326319066885], [11.588608543462223, 48.153278142304345], [11.588604161197921, 48.15329088857773], [11.58860777470576, 48.15330374529295], [11.588618788468864, 48.15331455196571], [11.588635347051826, 48.15332149683106], [11.588769446845797, 48.15336035560787], [11.588840221502403, 48.153383709125265], [11.588927671817498, 48.15340551162105], [11.589055543594899, 48.15344915607651], [11.589088939814967, 48.1534582740764], [11.589124876719984, 48.15346937913232], [11.589155181509614, 48.15347884483161], [11.589185996231791, 48.153491280948415], [11.589277846836206, 48.153532903648646], [11.589327379982846, 48.153556291186696], [11.58935987449134, 48.15357628905786], [11.589382809747839, 48.153598589035084], [11.58940489215267, 48.15362673170526], [11.589452849411048, 48.153679524016006], [11.589486310403917, 48.15371516279155], [11.58960857282241, 48.15384193465774], [11.589671673843482, 48.15393244498549], [11.589721608297305, 48.15400430244908], [11.589845975340472, 48.15418822386556], [11.589913899455771, 48.154286478723414], [11.589916822446682, 48.15429071563654], [11.589967664106993, 48.15437082704989], [11.590009373577637, 48.15444903703443], [11.590015695411513, 48.154465250058095], [11.590029834695788, 48.15451234052759], [11.590055235727814, 48.154613706420164], [11.590058658801281, 48.15469115464695], [11.590061160189427, 48.15476634897445], [11.590041582938959, 48.15506694301453], [11.590000660980662, 48.15532790007471], [11.5899874162125, 48.15543910739813], [11.589973205239483, 48.15548555039363], [11.589942167426784, 48.15555143583663], [11.589855215247725, 48.15571443167673], [11.589840875457156, 48.15574163095222], [11.589817545532638, 48.15578535249334], [11.589771766105446, 48.15588395205799], [11.589705571701653, 48.15603454849451], [11.589578059841855, 48.156287494988035], [11.58947304886545, 48.15646288109091], [11.589484083688752, 48.15646102889686], [11.58948010002503, 48.15646847182165], [11.589455710560834, 48.15651399786052], [11.589423546412052, 48.15656854233607], [11.589508555669015, 48.156567578846676], [11.59061273557494, 48.156542476337435], [11.590979881403708, 48.156525507059804], [11.591271967867142, 48.156490951784555], [11.591547952137152, 48.156423586323434], [11.591677284366876, 48.15634079358532], [11.591736439548372, 48.15627981420144], [11.59178258043217, 48.15618888183556], [11.591866859632722, 48.15596471200813], [11.592094492418155, 48.15551530181338], [11.592372126673224, 48.155062200055085], [11.59244254370371, 48.15496783117653], [11.59286413916473, 48.15421700758654], [11.593350173547975, 48.15311358692954], [11.593411148340433, 48.152673349565525], [11.593743855966993, 48.1522302724713], [11.594073811488387, 48.15166667223379], [11.594552608990275, 48.15123591827706], [11.595246085347279, 48.15067142348665], [11.596759506273356, 48.149985562861055], [11.597951053905316, 48.14944205248639], [11.59816854095821, 48.14934614945087], [11.598239393825425, 48.149419443984215], [11.598255714871637, 48.14941212927211], [11.598667027855617, 48.14985188027732], [11.598636973865123, 48.14986400561688], [11.599279267236339, 48.15056921150374], [11.599664855722246, 48.150990530173814], [11.59969618615976, 48.1510249077249], [11.600821570903241, 48.15228051156166], [11.601110066273623, 48.15260187265233], [11.60185094392849, 48.15342767812348], [11.602024469583213, 48.15362108071476], [11.603391398879118, 48.15514544792963], [11.604503746074865, 48.15638550451548], [11.60478328646532, 48.156697118497235], [11.604904390687985, 48.1568321749954], [11.60499210838367, 48.15693001535134], [11.60508141621318, 48.157029479700114], [11.605375760420365, 48.15735788951008], [11.60598464223563, 48.15803872498283], [11.606480706700323, 48.15859228936078], [11.609437817048358, 48.161890837684794], [11.609661863186107, 48.1621408119503], [11.60979820908131, 48.16229335726616], [11.613849940427425, 48.16681219445153], [11.614451318175169, 48.1674826903442], [11.6148166010289, 48.16797165666313], [11.61544779374477, 48.168822856522], [11.61545604095715, 48.16883475928952], [11.61548676111669, 48.168880291294705], [11.615562478853093, 48.16889800283656], [11.615622637913185, 48.16890784087598], [11.615708070735344, 48.16893539711502], [11.615772375841908, 48.16898203585883], [11.615778710510787, 48.16898016940252], [11.615803959540377, 48.168983946753194], [11.615893190875584, 48.16908304633178], [11.61595487239864, 48.169151445073176], [11.616028762554548, 48.169233431588346], [11.616023525527725, 48.16925068114929], [11.616132357049946, 48.16935143519766], [11.616150651167422, 48.1693728241884], [11.61616337326216, 48.16939594711096], [11.616170180165266, 48.169420166630054], [11.616170876012365, 48.16944480606242], [11.616242987814843, 48.16952400038692], [11.616671514584146, 48.169993371524775], [11.616825363989594, 48.1701542288093], [11.616972942544203, 48.17030149158072], [11.61745195209489, 48.17074146606264], [11.618110583192648, 48.171345307755], [11.618339822780293, 48.17156962047797], [11.619077713144375, 48.17239444101591], [11.619282655336805, 48.17270778805179], [11.6199765714407, 48.173540447530456], [11.62068620840466, 48.174326570307024], [11.620756461444802, 48.174409002978834], [11.622025929892107, 48.175818861424744], [11.62310414595183, 48.17701903455597], [11.623921691793283, 48.177926373435504], [11.624749986358454, 48.17884525811815], [11.625718880593801, 48.17992046397415], [11.62636872569146, 48.180639754435624], [11.62643173112893, 48.18059544414894], [11.626510257452251, 48.18055203327405], [11.626958112232963, 48.1803041885096], [11.626993803570086, 48.18028287770528], [11.627052384065012, 48.18024790375098], [11.627248008467708, 48.1801301071157], [11.627314947456025, 48.180089840928524], [11.627348980044914, 48.18007035404081], [11.627385985388544, 48.1800485406673], [11.62753452944648, 48.179961016855586], [11.627610441306265, 48.17991613626459], [11.627659307614822, 48.17988735342872], [11.627785118358707, 48.179813236141804], [11.627909398931166, 48.17973987985313], [11.627951935684822, 48.179714902050165], [11.627979612519994, 48.17969844781012], [11.628264930448028, 48.17953004996381], [11.628373078957882, 48.17946619876669], [11.628445984548208, 48.17964323166011], [11.628552917861473, 48.179818568106754], [11.628892675933301, 48.18030977624152], [11.62895041886319, 48.18037660164131], [11.6289805279993, 48.180472290479756], [11.629039620302136, 48.180722194939925], [11.629788721973526, 48.1816373914282], [11.630023242063025, 48.18185581755785], [11.630186772105148, 48.18208769550183], [11.630265751936458, 48.182081387299434], [11.63038680471252, 48.1821940312912], [11.63049155651096, 48.182291147256], [11.63055752388257, 48.18235230737273], [11.630611246522935, 48.18240211980626], [11.630662277952464, 48.182449428529246], [11.630702076586212, 48.18248641917969], [11.630870340431246, 48.18258974479266], [11.631077025491939, 48.18275384860134], [11.631290278743979, 48.18289269732941], [11.631531392667494, 48.18306611280849], [11.631324395256907, 48.183221296416406], [11.631036557476707, 48.18333874200944], [11.631096016664857, 48.183413024108845], [11.63108306106201, 48.18341846586155], [11.631110800767678, 48.183433302487046], [11.631163577034863, 48.1834613451181], [11.631231621395628, 48.18349762385204], [11.631133633163696, 48.18352931397459], [11.63109925884074, 48.183540173572574], [11.630975480600465, 48.183579969321805], [11.630784321760405, 48.18364140763262], [11.630749140265667, 48.18365271931071], [11.630571320869327, 48.18370988728918], [11.63050087070506, 48.18363431795051], [11.629456973077623, 48.18402238773012], [11.629602123335323, 48.1842019664173], [11.629560727270531, 48.18421658365748], [11.629257444106077, 48.18432924224818], [11.629350845315026, 48.184432546864656], [11.629405159313622, 48.18449260397048], [11.629409834122663, 48.1844974764304], [11.62942210380599, 48.18451253708087], [11.629521998410512, 48.18463401723808], [11.629554117750862, 48.18467342724278], [11.629962095869855, 48.185170532488584], [11.630564620899953, 48.18600752644124], [11.631149828593385, 48.18678565342719], [11.63178064822299, 48.18760429038455], [11.632351672237935, 48.1883964229345], [11.632858732128774, 48.18920163944603], [11.63336148504665, 48.19004525934505], [11.633850314874524, 48.190884834032836], [11.634350104931485, 48.19173897578355], [11.634826840616105, 48.1925606891553], [11.635328402508263, 48.19341778137128], [11.635813699004043, 48.194253316594875], [11.636290628343898, 48.19509639126164], [11.636684086096063, 48.19579672445511], [11.636763061995456, 48.19593861242333], [11.637226692948413, 48.19678928209032], [11.637691061125139, 48.19764110175943], [11.638107316631755, 48.19848913038085], [11.638346263046564, 48.19927451709947], [11.638514301491952, 48.200146782687916], [11.638523720972923, 48.20117281423452], [11.638545489588045, 48.2020806441952], [11.638684604091662, 48.20287514222216], [11.639120434412694, 48.203764939095386], [11.639686350197064, 48.20460799213552], [11.639777145992845, 48.20471182139492], [11.639914815952878, 48.204858971952206], [11.640077615574272, 48.2050329093577], [11.640414885224413, 48.20538883024208], [11.640475287532796, 48.20543609288767], [11.64072789002455, 48.20563377951807], [11.641279428608216, 48.20607047422811], [11.642354117777327, 48.20669597521685], [11.64274951472395, 48.2068737890572], [11.64319908962083, 48.207075562774236], [11.643510206100371, 48.20721737686234], [11.644608049004798, 48.20771285029153], [11.645109455442716, 48.20796085599996], [11.645608365840431, 48.208207507034984], [11.646703185152894, 48.20879760915448], [11.64754243622926, 48.20935996358566], [11.647595746672836, 48.20939575252096], [11.64761707245013, 48.20940970723455], [11.647625450903224, 48.209416254496595], [11.64801961019748, 48.209724197800604], [11.648035690519924, 48.2097370901104], [11.648049588996711, 48.20974826641455], [11.648068304919414, 48.20976329346562], [11.6480724033409, 48.20977356011071], [11.648287795692786, 48.21005512161365], [11.648381749980235, 48.2101737106818], [11.64848822886093, 48.21030164772493], [11.64883223014252, 48.21074884015702], [11.649587532084158, 48.21174930573776], [11.64975891836973, 48.211757161951944], [11.650159847416703, 48.212503189251585], [11.650494992851858, 48.21337764575817], [11.650660458183543, 48.214250076562934], [11.650724786975745, 48.21513525738138], [11.650652233207682, 48.21602460213399], [11.650505454714738, 48.216943066739205], [11.650505791089683, 48.21700947890658], [11.648431416301111, 48.21781736552778], [11.648235283487018, 48.21789544716316], [11.648194336083666, 48.21791155786855], [11.648101031084988, 48.21794817496647], [11.647916612478985, 48.218020440640196], [11.647544702042005, 48.21816671012091], [11.647472585900342, 48.21819508042926], [11.647129663551034, 48.21832998925097], [11.647083980375527, 48.21834795786277], [11.646809501863222, 48.2184558912631], [11.646778616651147, 48.21846586702126], [11.646747148373887, 48.218476102745676], [11.645830497271522, 48.21877360188941], [11.645291870433171, 48.21896542375642], [11.642807079416645, 48.21988108451899], [11.642722439795518, 48.2199680805125], [11.64262141305763, 48.22006871447216], [11.642524987426272, 48.220135060366175], [11.642441059389323, 48.22018273872079], [11.642433285148085, 48.22021707087601], [11.642436271947597, 48.22023299956131], [11.642489716053305, 48.22033020838866], [11.642930134819432, 48.220515210361064], [11.643009361888097, 48.220623255894026], [11.64301863945211, 48.22064540227148], [11.642849155223951, 48.22069405835574], [11.642725495255311, 48.22072956428568], [11.642631362679696, 48.22075663923952], [11.64064089792761, 48.221328420552915], [11.64049563542509, 48.221369490876015], [11.640481200086052, 48.22137420820617], [11.64036307009987, 48.2214072639232], [11.640335564964577, 48.22141463634023], [11.640241314756908, 48.221441305317384], [11.63915130704589, 48.22175086193052], [11.639021333030033, 48.22202902213055], [11.638824300586517, 48.22237633796809], [11.638695451178934, 48.22265150262302], [11.638667052160786, 48.22270861396438], [11.638583662468182, 48.22288671604657], [11.638544896922298, 48.22296949888842], [11.638513698722967, 48.22308092371056], [11.63847686886854, 48.223208340246465], [11.638476107798171, 48.22322092868993], [11.638470443964307, 48.223316515675776], [11.638464923490377, 48.223410125228654], [11.638466313044313, 48.223651185739506], [11.63838909106639, 48.223823708580426], [11.638253881569803, 48.2241636794053], [11.638273342334173, 48.224382372760964], [11.638259608863853, 48.22463929557212], [11.638306859442563, 48.22475186843415], [11.638548545799383, 48.22495651203164], [11.638852138834205, 48.2251628150906], [11.639177492204647, 48.22538044255376], [11.63945195624772, 48.22564345293657], [11.639474649712714, 48.22570567215035], [11.639288459492187, 48.22577405660771], [11.639096392981546, 48.22585787395971], [11.638995831913554, 48.225960951188924], [11.638168535623574, 48.22609699457944], [11.637298538872255, 48.22620691946035], [11.636684617442492, 48.22631000504205], [11.636664791492054, 48.226276843877734], [11.635653949240778, 48.2265074360195], [11.63467017980374, 48.2267889383408], [11.633768205030067, 48.2270203366334], [11.633142448039948, 48.22719289975305], [11.633063667562622, 48.22721458780471], [11.633033324247466, 48.22722294307253], [11.632909281299378, 48.22706947246785], [11.632702872335171, 48.22712376349214], [11.632694647476335, 48.22712589729626], [11.632655375041354, 48.22713620355127], [11.632630535393224, 48.2271427212075], [11.632606880958452, 48.22714892736856], [11.632370303183112, 48.22721110464811], [11.632346380854612, 48.22721739247501], [11.632322148348507, 48.227223750388355], [11.632125735733947, 48.22727533962859], [11.632068671999766, 48.22729033354794], [11.631998968163096, 48.22730862588527], [11.631841445227552, 48.227350302484595], [11.631274287059638, 48.22749362322696], [11.631131699555672, 48.22752964535419], [11.631031359390455, 48.22755498757178], [11.630306084071865, 48.227738221583856], [11.628574883718299, 48.2281923403769], [11.628597180589631, 48.22825328223982], [11.62695420937803, 48.228660666309395], [11.625506279485199, 48.229031978500764]]]}, "geometry_name": "shape", "properties": {"sb_nummer": "12", "sb_name": "Schwabing-Freimann", "flaeche_qm": 25674767.45549}}], "totalFeatures": 27, "numberMatched": 27, "numberReturned": 27, "timeStamp": "2026-07-27T11:44:41.794Z", "crs": {"type": "name", "properties": {"name": "urn:ogc:def:crs:EPSG::4326"}}}